B000001,COX-2 Inhibitor,LINE 3,2024-02-24,Team C,21.33,40.07,336,41.4,6.85,99.55,6.59,126.8,88.59,95.69,Pass,No,None,None,Feb-24,0,0,0,0,0,0,0
B000002,GLP-1 Agonist,Line 2,2025-01-01,Team B,22.64,31.48,309,52.8,9.05,99.1,6.97,124.8,84.97,94.71,Pass,No,None,None,Jan-25,0,0,0,0,0,0,0
B000003,AED,Line 1,2025-02-20,Team A,,42.43,337,41.3,7.32,98.88,7.04,108.9,89.62,92.93,Pass,No,None,None,Feb-25,1,0,0,0,0,0,1
B000004,COX-2 Inhibitor,Line 3,2025-06-19,Team A,22.76,40.59,339,29.5,6.33,98.87,6.63,117.4,89.08,91.32,Pass,Yes,Equipment,Major,Jun-25,0,0,0,0,0,0,0
B000005,Antidepressant,Line 1,2025-02-22,Team C,22.12,35.37,318,30.9,6.06,99.26,6.95,126.7,90.43,92.66,Pass,No,None,None,Feb-25,0,0,0,0,0,0,0
B000006,AED,Line 3,2024-05-17,Team C,22.84,47.88,304,42.8,6.7,98.11,6.9,128.7,88.12,96.45,Pass,No,None,None,May-24,0,0,0,0,0,0,0
B000007,COX-2 Inhibitor,Line 2,2024-09-25,Team C,23.41,49.38,298,37.1,6.11,99.11,6.93,137.9,93.03,94.69,Pass,No,None,None,Sep-24,0,0,0,0,0,0,0
B000008,AED,Line 1,2024-11-20,Team A,22.67,43.86,316,42.2,7.62,99.04,7.1,115,90.95,95.2,Pass,No,None,None,Nov-24,0,0,0,0,0,0,0
B000009,Antidepressant,Line 1,2025-12-20,Team C,22.34,40.47,307,37.2,6.6,99.05,6.61,115.5,91.64,92.95,Pass,No,None,None,Dec-25,0,0,0,0,0,0,0
B000010,GLP-1 Agonist,Line 3,2025-01-24,Team A,21.24,42.17,281,52.6,7.78,98.85,7.07,144.9,86.17,91.47,Pass,No,None,None,Jan-25,0,0,0,0,0,0,0
B000011,GLP-1 Agonist,Line 1,2025-04-09,Team A,22.08,39.9,308,50.5,7.42,98.58,6.64,144,84.59,93.25,Pass,No,None,None,Apr-25,0,0,0,0,0,0,0
B000012,AED,Line 3,2025-06-21,Team B,22.41,38.59,289,46.6,8.06,99.39,6.95,128.3,87.71,96.11,Pass,No,None,None,Jun-25,0,0,0,0,0,0,0
B000013,COX-2 Inhibitor,Line 3,2024-09-21,Team C,22.36,39.74,355,44,7.11,99.09,6.53,115.1,85.62,95.13,Pass,No,None,None,Sep-24,0,0,0,0,0,0,0
B000014,AED,Line 3,2025-12-06,Team C,21.54,42.52,324,41.9,7.2,98.7,6.98,135.8,86.51,91.02,Pass,No,None,None,Dec-25,0,0,0,0,0,0,0
B000015,GLP-1 Agonist,Line 1,2025-05-08,Team D,22.35,41.24,293,41,7.38,99.06,7.08,134.3,91.18,93.31,Pass,No,None,None,May-25,0,0,0,0,0,0,0
B000016,Antidepressant,Line 3,2025-09-12,Team D,23.25,42.05,319,39.6,8.48,99.06,6.94,122.6,89.01,92.72,Pass,No,None,None,Sep-25,0,0,0,0,0,0,0
B000017,COX-2 Inhibitor,Line 3,2025-07-01,Team B,21.94,44.05,319,35.2,7.52,99.03,6.84,123,89.39,93.7,Pass,No,None,None,Jul-25,0,0,0,0,0,0,0
B000018,antidepressant,Line 1,2025-03-30,Team D,21.8,34.38,334,30.7,7.41,99.09,6.69,115.9,,93.56,Pass,No,None,None,Mar-25,0,0,0,0,0,1,1
B000019,AED,Line 1,2024-01-23,Team A,22.06,,318,42,6.23,98.92,6.93,126.6,87.33,95.57,Pass,No,None,None,Jan-24,0,1,0,0,0,0,1
B000020,COX-2 Inhibitor,Line 1,2025-03-02,Team D,22.86,43.02,345,44.1,6.73,99.54,6.71,120.7,83.16,95.97,Pass,No,None,None,Mar-25,0,0,0,0,0,0,0
B000021,COX-2 Inhibitor,Line 2,2024-04-04,Team B,22.11,55.76,349,42.4,6.4,99.1,6.77,114.9,85.13,94.83,Pass,No,None,None,Apr-24,0,0,0,0,0,0,0
B000022,GLP-1 Agonist,Line 3,2025-03-16,Team D,22.91,38.06,288,52.4,8.6,98.89,6.92,135.2,85.97,92.88,Pass,No,None,None,Mar-25,0,0,0,0,0,0,0
B000023,AED,Line 2,2025-05-27,Team D,22.12,45.62,288,44.7,7.87,99.16,6.92,126.3,84.72,95.74,Pass,No,None,None,May-25,0,0,0,0,0,0,0
B000024,AED,Line 2,2025-02-02,Team C,22.2,,332,53,7.76,98.74,7.05,137.1,85.03,90.97,Pass,No,None,None,Feb-25,0,1,0,0,0,0,1
B000025,COX-2 Inhibitor,Line 1,2024-08-13,Team D,23.82,43.97,352,32.2,5.92,99.24,6.52,97.1,87.35,96.56,Pass,No,None,None,Aug-24,0,0,0,0,0,0,0
B000026,Antidepressant,Line 1,2024-02-13,Team A,21.66,41.66,310,36.7,6.45,99.16,6.64,129.8,,93.2,Pass,No,None,None,Feb-24,0,0,0,0,0,1,1
B000027,GLP-1 Agonist,Line 1,2025-05-05,Team A,21.43,35.07,307,53.2,8.32,99.18,6.52,141.8,85.06,93.17,Pass,No,None,None,May-25,0,0,0,0,0,0,0
B000028,Antidepressant,Line 3,2025-05-25,Team C,21.06,49.64,343,42.7,7.77,98.85,6.88,118.3,89.32,93.76,Pass,No,None,None,May-25,0,0,0,0,0,0,0
B000029,Antidepressant,Line 2,2024-12-15,Team C,21.87,36.2,340,38.3,6.95,98.85,6.76,138.2,90.84,92.72,Pass,No,None,None,Dec-24,0,0,0,0,0,0,0
B000030,COX-2 Inhibitor,Line 2,2025-06-07,Team A,21.38,45.14,330,40,6.74,99.4,6.43,121,86.72,95.39,Pass,No,None,None,Jun-25,0,0,0,0,0,0,0
B000031,COX-2 Inhibitor,Line 3,2025-07-23,Team C,23.06,40.63,313,36.1,6.91,99.58,6.71,107,89.42,94.87,Pass,No,None,None,Jul-25,0,0,0,0,0,0,0
B000032,AED,Line 1,2025-01-09,Team A,22.11,43.05,291,40.4,7.29,98.68,6.9,140.9,84.69,93.55,Pass,No,None,None,Jan-25,0,0,0,0,0,0,0
B000033,GLP-1 Agonist,Line 1,2024-02-04,Team D,21.29,32.88,294,43.2,8.03,99.1,6.72,146.9,86.98,92.78,Pass,No,None,None,Feb-24,0,0,0,0,0,0,0
B000034,GLP-1 Agonist,Line 1,2025-09-28,Team A,21.42,46.72,326,48.8,8.17,98.72,7.02,130.4,87.96,95.42,Pass,No,None,None,Sep-25,0,0,0,0,0,0,0
B000035,GLP-1 Agonist,Line 3,2024-12-07,Team B,22.07,38.61,287,50.6,8.26,99.16,7.08,139.3,84.78,95.32,Pass,No,None,None,Dec-24,0,0,0,0,0,0,0
B000036,Antidepressant,Line 3,2025-05-06,Team D,21.15,35.92,309,50.8,7.63,99.25,6.59,129.5,88.7,94.32,Pass,Yes,Process,Minor,May-25,0,0,0,0,0,0,0
B000037,Antidepressant,Line 2,2025-10-27,Team C,22.15,48.26,309,39.4,6.86,99.92,6.9,107.4,90.01,94.57,Pass,No,None,None,Oct-25,0,0,0,0,0,0,0
B000038,GLP-1 Agonist,Line 1,2024-09-22,Team C,22.02,37.48,290,46.3,7.31,98.88,6.97,139.7,86.83,91.6,Pass,No,None,None,Sep-24,0,0,0,0,0,0,0
B000039,Antidepressant,Line 1,2025-03-30,Team C,20.66,43.67,320,49.9,6.84,99.54,6.73,138.1,86.03,94.28,Pass,No,None,None,Mar-25,0,0,0,0,0,0,0
B000040,COX-2 Inhibitor,Line 2,2024-01-15,Team D,23.01,47.21,317,43.4,7.09,99.54,6.9,128.9,86.55,95.03,Pass,No,None,None,Jan-24,0,0,0,0,0,0,0
B000041,GLP-1 Agonist,Line 2,2025-10-08,Team B,20.24,42.37,320,47.8,7.4,99.07,7.05,139.4,82.53,94.4,Pass,No,None,None,Oct-25,0,0,0,0,0,0,0
B000042,AED,Line 3,2024-02-13,TEAM D,21.71,,312,37.9,7.85,99.12,6.74,135.9,84.83,91.38,Pass,No,None,None,Feb-24,0,1,0,0,0,0,1
B000043,COX-2 Inhibitor,Line 3,2025-01-30,TEAM C,21.63,46.48,385,35,6.82,99.13,7.05,108.1,91.12,95.39,Pass,No,None,None,Jan-25,0,0,0,0,0,0,0
B000044,GLP-1 Agonist,Line 2,2024-09-14,Team D,22.57,39.5,279,42.2,8.05,98.91,7.08,151.5,90.07,94.29,Pass,No,None,None,Sep-24,0,0,0,0,0,0,0
B000045,AED,Line 3,2024-01-27,Team C,20.93,42.35,344,46.7,8.06,99.3,6.7,126.6,83.72,92.51,Pass,No,None,None,Jan-24,0,0,0,0,0,0,0
B000046,AED,Line 3,2024-12-03,Team A,20.56,43.45,340,43.7,8.07,98.73,6.88,125.5,86.78,94.51,Pass,No,None,None,Dec-24,0,0,0,0,0,0,0
B000047,GLP-1 Agonist,Line 2,2025-11-14,Team C,21.6,31.95,293,55.8,7.81,99,7.15,139.5,80.83,91.17,Pass,No,None,None,Nov-25,0,0,0,0,0,0,0
B000048,GLP-1 Agonist,Line 2,2024-05-01,Team D,21.19,40.96,293,39.4,7.72,,6.87,127.3,85.11,91.86,Pass,No,None,None,May-24,0,0,1,0,0,0,1
B000049,COX-2 Inhibitor,Line 3,2024-08-01,TEAM A,21.37,36.18,323,33.1,7.18,98.78,6.62,115.2,89.85,92.99,Pass,No,None,None,Aug-24,0,0,0,0,0,0,0
B000050,Antidepressant,Line 1,2024-05-18,Team D,22.39,40.57,304,43.3,6.19,99.35,6.93,123.9,86.62,94.36,Pass,No,None,None,May-24,0,0,0,0,0,0,0
B000051,Antidepressant,Line 3,2024-04-01,Team A,20.51,42.78,320,46.4,8.44,99.39,6.89,131.6,,93.28,Pass,No,None,None,Apr-24,0,0,0,0,0,1,1
B000052,Antidepressant,Line 1,2024-06-17,Team D,21.22,47.37,320,27.8,7.75,,6.98,107.7,94.34,92.92,Pass,No,None,None,Jun-24,0,0,1,0,0,0,1
B000053,AED,Line 2,2025-02-22,Team D,21.37,39.9,286,35.5,7.49,99.32,6.96,126,88.31,93.54,Pass,No,None,None,Feb-25,0,0,0,0,0,0,0
B000053,AED,Line 2,2025-02-22,Team D,21.37,39.9,286,35.5,7.49,99.32,6.96,126,88.31,93.54,Pass,No,None,None,Feb-25,0,0,0,0,0,0,0
B000054,COX-2 Inhibitor,Line 3,2025-07-24,Team A,23.1,50.26,381,37.1,7.36,98.57,6.83,109.9,86.14,96.19,Pass,No,None,None,Jul-25,0,0,0,0,0,0,0
B000055,COX-2 Inhibitor,Line 2,2025-05-19,Team C,23.47,47.73,335,44.5,7.15,99.07,6.69,130.3,87.82,93.3,Pass,No,None,None,May-25,0,0,0,0,0,0,0
B000056,AED,Line 2,2025-07-17,Team A,,41.85,316,54.4,7.45,98.93,6.95,144.2,84.83,92.95,Pass,No,None,None,Jul-25,1,0,0,0,0,0,1
B000057,GLP-1 Agonist,Line 2,2025-06-07,Team C,21.39,34.46,289,44.7,7.62,99.04,6.84,136.9,87.22,91.66,Pass,No,None,None,Jun-25,0,0,0,0,0,0,0
B000058,COX-2 Inhibitor,Line 1,2024-10-06,Team D,20.68,35.78,335,37.1,7.1,99.35,6.55,111.5,88.42,95.21,Pass,No,None,None,Oct-24,0,0,0,0,0,0,0
B000059,Antidepressant,Line 1,2025-10-20,Team A,22.29,43.36,314,36.4,6.27,99.05,7,123.9,89.7,94.04,Pass,No,None,None,Oct-25,0,0,0,0,0,0,0
B000060,Antidepressant,Line 1,2024-05-05,Team A,23.1,38.31,320,45.5,6.54,99.02,6.7,119.4,89.45,93.31,Pass,No,None,None,May-24,0,0,0,0,0,0,0
B000061,COX-2 Inhibitor,Line 2,2025-05-26,Team B,23.43,49,340,45.4,6.64,99.01,7.01,124.7,84.47,94.55,Pass,No,None,None,May-25,0,0,0,0,0,0,0
B000062,GLP-1 Agonist,Line 2,2024-03-22,Team B,21.85,36.6,314,54.9,8.4,99.35,6.95,142.7,82.93,92.12,Pass,No,None,None,Mar-24,0,0,0,0,0,0,0
B000063,COX-2 Inhibitor,Line 1,2025-07-13,Team A,21.61,38.5,344,36.8,6.08,99.1,6.63,140.9,91.06,95.47,Pass,No,None,None,Jul-25,0,0,0,0,0,0,0
B000064,COX-2 Inhibitor,Line 3,2024-03-04,Team B,22.11,44.17,353,34.9,6.72,99.76,6.51,107.2,87.75,95.82,Pass,No,None,None,Mar-24,0,0,0,0,0,0,0
B000065,COX-2 Inhibitor,Line 2,2024-06-07,Team B,23.95,39.57,340,38,6.54,98.99,6.92,95.2,88.51,94.75,Pass,No,None,None,Jun-24,0,0,0,0,0,0,0
B000066,COX-2 Inhibitor,Line 2,2024-10-13,Team A,21.44,43.04,344,45.6,6.31,99.25,6.71,118.8,86.3,94.84,Pass,No,None,None,Oct-24,0,0,0,0,0,0,0
B000067,COX-2 Inhibitor,Line 2,2025-05-22,Team B,21.64,47.93,336,34.8,5.15,99.26,6.52,101.5,88.38,96.33,Pass,No,None,None,May-25,0,0,0,0,0,0,0
B000068,GLP-1 Agonist,Line 1,2024-02-03,TEAM A,22.21,40.59,318,38,6.89,98.83,7.1,124.5,86.71,93.59,Pass,No,None,None,Feb-24,0,0,0,0,0,0,0
B000069,Antidepressant,Line 3,2024-07-07,Team D,21.68,42.6,326,41.5,7.48,99.45,6.8,115.4,84.72,94.16,Pass,No,None,None,Jul-24,0,0,0,0,0,0,0
B000070,GLP-1 Agonist,Line 2,2024-08-31,Team D,20.61,41.03,297,46.5,8.01,99.08,6.87,130,86.99,92.14,Pass,No,None,None,Aug-24,0,0,0,0,0,0,0
B000071,Antidepressant,Line 1,2025-06-18,Team B,23.15,33.53,317,31,6.89,99.14,6.78,107.7,92.32,92.22,Pass,No,None,None,Jun-25,0,0,0,0,0,0,0
B000072,GLP-1 Agonist,Line 3,2025-12-03,team d,21.85,41.96,298,49.8,8.55,99.25,6.69,150.3,84.69,91.12,Pass,No,None,None,Dec-25,0,0,0,0,0,0,0
B000073,AED,Line 3,2025-03-24,Team B,21.51,44.8,316,49.3,7.46,98.65,6.86,135,87.72,93.99,Pass,No,None,None,Mar-25,0,0,0,0,0,0,0
B000074,Antidepressant,Line 3,2025-01-05,Team D,21.14,46.46,319,53.7,7.3,98.86,6.83,145.3,84.21,93.22,Pass,No,None,None,Jan-25,0,0,0,0,0,0,0
B000075,Antidepressant,Line 3,2024-09-02,Team A,23.54,45.03,310,36.2,7.35,99.14,,123.7,87.24,93.55,Pass,No,None,None,Sep-24,0,0,0,1,0,0,1
B000076,GLP-1 Agonist,Line 3,2025-08-24,Team B,21.48,38.99,314,52.5,8.19,99.15,7.22,151.9,85.49,90.88,Pass,No,None,None,Aug-25,0,0,0,0,0,0,0
B000077,GLP-1 Agonist,Line 1,2024-03-19,Team C,22.55,45.16,315,53.3,8.49,98.93,7.02,139,85.98,92.41,Pass,No,None,None,Mar-24,0,0,0,0,0,0,0
B000078,COX-2 Inhibitor,Line 2,2024-04-04,Team A,23.17,41.54,372,40.9,6.91,99.12,6.75,135.6,87.94,96.3,Pass,No,None,None,Apr-24,0,0,0,0,0,0,0
B000079,COX-2 Inhibitor,Line 2,2024-05-27,Team D,22.11,44.24,329,32.5,7.11,99.08,7.06,119.6,91.19,94.94,Pass,No,None,None,May-24,0,0,0,0,0,0,0
B000080,AED,Line 1,2024-07-14,Team B,21.42,42.44,327,39.1,6.84,99.32,6.91,118.9,85.22,94.36,Pass,No,None,None,Jul-24,0,0,0,0,0,0,0
B000081,COX-2 Inhibitor,Line 1,2024-12-03,Team B,23.58,45.31,306,38.5,7.21,99.18,6.81,123.9,88.24,99.22,Pass,No,None,None,Dec-24,0,0,0,0,0,0,0
B000082,GLP-1 Agonist,Line 1,2025-11-22,Team B,22.6,38.12,315,47.5,8.9,98.7,6.79,137.9,88.21,94.1,Pass,No,None,None,Nov-25,0,0,0,0,0,0,0
B000083,AED,Line 2,2025-04-20,Team D,20.39,52.24,289,41.9,7.22,98.61,7.29,127.2,89.37,91.2,Pass,No,None,None,Apr-25,0,0,0,0,0,0,0
B000084,Antidepressant,Line 3,2024-10-07,Team A,22.41,52.09,302,50.6,7.93,99.33,6.87,134.3,87.69,91.65,Pass,No,None,None,Oct-24,0,0,0,0,0,0,0
B000085,Antidepressant,Line 3,2024-06-03,Team D,21.91,46.37,326,41.3,6.81,98.8,6.9,133.7,89.77,94.69,Pass,No,None,None,Jun-24,0,0,0,0,0,0,0
B000086,Antidepressant,Line 1,2025-04-18,Team D,21.23,49.71,309,31.6,7.13,99.08,6.94,98.7,89.06,93.15,Pass,No,None,None,Apr-25,0,0,0,0,0,0,0
B000087,COX-2 Inhibitor,Line 1,2024-07-04,Team D,22.7,35.3,326,36.8,7.18,99.66,6.61,114,85.47,95.09,Pass,No,None,None,Jul-24,0,0,0,0,0,0,0
B000088,GLP-1 Agonist,Line 2,2025-12-14,Team D,20.49,32.89,291,49.6,7.59,99.21,6.81,146.5,84.84,93.06,Pass,No,None,None,Dec-25,0,0,0,0,0,0,0
B000089,Antidepressant,Line 2,2024-12-15,Team D,21.65,40.39,333,43.9,7.39,98.9,6.8,129.8,88.76,93.5,Pass,No,None,None,Dec-24,0,0,0,0,0,0,0
B000090,GLP-1 Agonist,Line 3,2025-02-06,Team C,20.9,40.21,283,51.3,8.42,98.63,7.18,132.6,86.56,93.07,Pass,No,None,None,Feb-25,0,0,0,0,0,0,0
B000091,Antidepressant,Line 3,2025-10-22,Team B,21.63,41.01,319,50.7,7.87,99.61,7.06,112.2,84.67,94.51,Pass,No,None,None,Oct-25,0,0,0,0,0,0,0
B000092,COX-2 Inhibitor,Line 3,2024-08-11,Team B,22.45,34.79,333,33.4,7.23,98.97,6.57,132.5,87.1,96.13,Pass,Yes,Equipment,Minor,Aug-24,0,0,0,0,0,0,0
B000093,GLP-1 Agonist,Line 3,2024-12-10,TEAM D,20.74,45.76,315,47.2,8.41,98.68,7,138.1,83.64,95.08,Pass,No,None,None,Dec-24,0,0,0,0,0,0,0
B000094,GLP-1 Agonist,Line 3,2025-01-23,Team B,22.68,50.77,315,58,8.42,98.82,7.03,161,82.4,90.38,Pass,Yes,Environmental,Major,Jan-25,0,0,0,0,0,0,0
B000095,GLP-1 Agonist,Line 2,2024-07-17,Team C,21.87,46.4,267,37.2,7.88,98.76,7.39,138.8,83.47,91.54,Pass,No,None,None,Jul-24,0,0,0,0,0,0,0
B000096,COX-2 Inhibitor,Line 1,2024-02-09,Team A,23.85,48.43,359,37.7,7.2,99.22,6.81,110.7,87.89,95.09,Pass,No,None,None,Feb-24,0,0,0,0,0,0,0
B000097,GLP-1 Agonist,Line 1,2024-07-26,team b,21.38,41.13,289,54.8,7.73,98.52,7.12,120.2,84.89,93.28,Pass,Yes,Process,Major,Jul-24,0,0,0,0,0,0,0
B000098,Antidepressant,Line 2,2024-03-23,Team B,21.59,37.79,324,48.7,7.23,99.1,6.82,126.7,86.28,93.45,Pass,No,None,None,Mar-24,0,0,0,0,0,0,0
B000099,Antidepressant,Line 1,2025-05-08,Team B,,42.36,303,44.6,6.12,99.25,7.07,126.5,86.8,94.28,Pass,No,None,None,May-25,1,0,0,0,0,0,1
B000100,AED,Line 1,2024-01-06,Team C,21.37,54.53,322,48.8,7.75,99.02,7.06,136.7,84.81,95.48,Pass,No,None,None,Jan-24,0,0,0,0,0,0,0
B000101,AED,Line 3,2024-08-19,Team C,21.67,42.24,361,40.8,8.17,98.81,6.77,119.4,85.9,93.3,Pass,No,None,None,Aug-24,0,0,0,0,0,0,0
B000102,COX-2 Inhibitor,Line 1,2025-10-08,Team B,23.04,40.73,342,44.6,6.69,98.91,6.9,124.2,86.6,94.48,Pass,No,None,None,Oct-25,0,0,0,0,0,0,0
B000103,Antidepressant,Line 3,2025-02-19,Team A,21.07,47.54,312,36.9,7.24,99.06,6.99,125.4,89.87,94.02,Pass,No,None,None,Feb-25,0,0,0,0,0,0,0
B000104,Aed,Line 3,2025-05-05,Team C,22.33,49.87,311,39.2,7.33,98.47,7.07,137.2,87.44,93.68,Pass,No,None,None,May-25,0,0,0,0,0,0,0
B000105,COX-2 Inhibitor,Line 2,2025-05-03,Team A,22.94,38.76,314,39.1,6.43,,6.84,117.2,95.46,95.81,Pass,No,None,None,May-25,0,0,1,0,0,0,1
B000106,COX-2 Inhibitor,Line 3,2024-08-06,Team D,23.45,41.69,366,36.8,7.04,99.18,6.76,123.5,87.89,96.53,Pass,No,None,None,Aug-24,0,0,0,0,0,0,0
B000107,GLP-1 Agonist,Line 1,2025-04-07,Team D,22.17,37.49,306,49.1,7.41,98.77,7.12,141.4,86.76,92.12,Pass,No,None,None,Apr-25,0,0,0,0,0,0,0
B000108,Antidepressant,Line 2,2024-06-10,Team A,22.97,42.35,301,44.4,6.95,98.76,6.83,135.7,86.59,94.68,Pass,No,None,None,Jun-24,0,0,0,0,0,0,0
B000109,Antidepressant,Line 1,2025-04-09,Team B,21.92,47.52,302,51.8,6.84,98.84,6.99,124.5,85.5,93.14,Pass,No,None,None,Apr-25,0,0,0,0,0,0,0
B000110,AED,Line 3,2025-05-14,Team A,21.15,39.98,315,47.9,8.07,98.58,6.93,106.8,89.32,93.09,Pass,No,None,None,May-25,0,0,0,0,0,0,0
B000111,GLP-1 Agonist,Line 1,2025-10-02,Team B,23.08,45.45,317,43.6,7.78,98.96,7.01,132.8,88.99,93.89,Pass,No,None,None,Oct-25,0,0,0,0,0,0,0
B000112,Antidepressant,Line 1,2025-11-03,Team A,20.85,42.51,299,44.7,6.86,98.9,6.78,124.8,83.65,96,Pass,No,None,None,Nov-25,0,0,0,0,0,0,0
B000113,GLP-1 Agonist,Line 3,2024-01-18,Team D,20.43,51.63,320,44.9,8.06,98.87,7.1,127.8,83.7,92.03,Pass,No,None,None,Jan-24,0,0,0,0,0,0,0
B000114,COX-2 Inhibitor,Line 2,2024-08-06,Team A,22.92,44.59,338,43,6.65,99.27,6.77,109.1,87.5,96.27,Pass,No,None,None,Aug-24,0,0,0,0,0,0,0
B000115,Antidepressant,Line 2,2025-02-03,Team C,23.22,41.52,303,42.4,7.64,99.33,,121.3,86.5,93,Pass,No,None,None,Feb-25,0,0,0,1,0,0,1
B000116,AED,Line 2,2024-08-23,Team C,21.94,46.87,307,47.2,7.13,98.98,7.03,131.7,82.99,94.5,Pass,Yes,Material,Minor,Aug-24,0,0,0,0,0,0,0
B000117,COX-2 Inhibitor,Line 1,2025-03-28,Team A,23.25,41.31,371,28.2,6.61,99.49,6.74,112,91.02,92.71,Pass,No,None,None,Mar-25,0,0,0,0,0,0,0
B000118,COX-2 Inhibitor,Line 3,2025-09-16,Team D,21,34.02,315,26.1,6.15,,6.6,91.5,86.41,92.09,Pass,No,None,None,Sep-25,0,0,1,0,0,0,1
B000119,GLP-1 Agonist,Line1,2024-07-07,Team A,21.13,38.8,287,39.7,7.96,99.04,6.98,116.4,87.77,92.38,Pass,Yes,Material,Minor,Jul-24,0,0,0,0,0,0,0
B000120,COX-2 Inhibitor,Line 1,2025-10-15,Team D,21.09,41.72,357,46.6,7.47,99.32,6.63,134.2,89.06,93.5,Pass,No,None,None,Oct-25,0,0,0,0,0,0,0
B000121,COX-2 Inhibitor,Line 1,2025-10-06,Team C,23.09,35.04,344,30.7,6.94,99.12,6.56,111.2,92.24,90.88,Pass,No,None,None,Oct-25,0,0,0,0,0,0,0
B000122,COX-2 Inhibitor,Line 1,2025-10-30,Team C,21.34,42.63,326,41,7.52,98.93,6.51,120.1,88.14,95.64,Pass,No,None,None,Oct-25,0,0,0,0,0,0,0
B000123,Antidepressant,Line 1,2024-02-23,Team D,21.04,31.66,337,38.5,7.04,99.64,6.63,110.5,91.96,95.27,Pass,No,None,None,Feb-24,0,0,0,0,0,0,0
B000124,GLP-1 Agonist,Line 2,2024-08-02,Team B,21.89,38.26,318,46.7,8.43,99.11,6.83,138.2,86.67,93.12,Pass,No,None,None,Aug-24,0,0,0,0,0,0,0
B000125,Antidepressant,Line 1,2024-03-31,Team B,22.8,43.22,326,41.8,7.88,99.25,6.83,121.4,89.91,94.7,Pass,No,None,None,Mar-24,0,0,0,0,0,0,0
B000126,GLP-1 Agonist,Line 1,2024-03-28,Team A,21.38,40.48,289,57,7.5,98.77,,138.8,82.75,91.74,Pass,No,None,None,Mar-24,0,0,0,1,0,0,1
B000127,GLP-1 Agonist,Line 2,2024-02-08,Team D,21.93,37.94,292,51.2,7.58,99.4,6.69,128.3,88.47,90.99,Pass,No,None,None,Feb-24,0,0,0,0,0,0,0
B000128,Antidepressant,Line 1,2024-11-17,Team B,,41.57,325,44.1,6.25,99.03,7.06,118.7,87.61,92.54,Pass,No,None,None,Nov-24,1,0,0,0,0,0,1
B000129,Antidepressant,Line 3,2024-03-04,Team D,,38.08,296,50.6,8.24,98.9,6.71,151.2,89.32,93.84,Pass,No,None,None,Mar-24,1,0,0,0,0,0,1
B000130,COX-2 Inhibitor,Line 3,2024-08-04,Team B,21.68,43.05,364,36,6.05,99,6.89,115.9,91.74,95.84,Pass,No,None,None,Aug-24,0,0,0,0,0,0,0
B000131,Antidepressant,Line 2,2025-12-18,Team D,22.42,42.29,351,46.9,6.19,99.51,6.74,136.7,87.39,94.55,Pass,No,None,None,Dec-25,0,0,0,0,0,0,0
B000132,AED,Line 3,2025-10-08,Team D,22.26,39.5,311,50.5,7.24,98.68,7.07,134.5,,93.42,Pass,No,None,None,Oct-25,0,0,0,0,0,1,1
B000133,COX2 Inhibitor,Line 1,2025-11-16,Team B,23.17,44.34,346,41.9,5.78,98.93,6.6,117.9,87.9,95.71,Pass,No,None,None,Nov-25,0,0,0,0,0,0,0
B000134,GLP-1 Agonist,Line 1,2024-01-27,Team B,21.73,41.31,321,47.1,7.92,99.73,7.01,131.7,84.35,94.49,Pass,No,None,None,Jan-24,0,0,0,0,0,0,0
B000135,COX-2 Inhibitor,Line 3,2025-04-28,Team D,21.62,42.17,375,36.1,6.29,99.43,6.57,131.2,90.05,93.72,Pass,No,None,None,Apr-25,0,0,0,0,0,0,0
B000136,Antidepressant,Line 3,2025-04-08,Team A,22.52,54.11,348,38.7,6.31,98.66,7.29,128.5,89.19,94.12,Pass,No,None,None,Apr-25,0,0,0,0,0,0,0
B000137,AED,Line 3,2024-04-07,team a,21.8,43.3,284,42.1,7.52,98.65,6.89,123.2,83.37,93.09,Pass,No,None,None,Apr-24,0,0,0,0,0,0,0
B000138,GLP-1 Agonist,Line 1,2025-10-24,Team B,21.14,38.6,294,42,7.6,98.5,7.05,130.2,86.91,92.4,Pass,Yes,Process,Minor,Oct-25,0,0,0,0,0,0,0
B000139,AED,Line 3,2024-10-22,team c,21.58,41.89,324,48.5,6.74,99,6.95,144.5,87.68,94.62,Pass,No,None,None,Oct-24,0,0,0,0,0,0,0
B000140,Antidepressant,Line 2,2025-12-14,Team A,21.48,37.15,311,39.7,6.53,99.37,6.72,99.1,91.33,96.13,Pass,No,None,None,Dec-25,0,0,0,0,0,0,0
B000141,GLP-1 Agonist,Line 1,2024-03-24,Team B,22.17,43.43,332,50.4,7.84,99.3,7.08,142.5,87.17,90.69,Pass,No,None,None,Mar-24,0,0,0,0,0,0,0
B000142,GLP1 Agonist,Line 1,2025-04-20,Team D,20.44,36.57,329,50.7,7.7,98.49,7.08,144.7,82.18,93.03,Pass,No,None,None,Apr-25,0,0,0,0,0,0,0
B000143,AED,Line 3,2024-04-05,Team A,21.05,41.16,300,40.7,7.32,98.63,6.97,122.6,84.86,92.83,Pass,No,None,None,Apr-24,0,0,0,0,0,0,0
B000144,COX-2 Inhibitor,Line 1,2025-11-25,Team A,22.25,40.31,337,31,7,99.19,6.69,114.5,89.5,95.58,Pass,No,None,None,Nov-25,0,0,0,0,0,0,0
B000145,GLP-1 Agonist,Line 3,2025-03-20,Team B,22.71,35.08,287,48.2,9.34,99.73,6.96,145.1,88.43,91.56,Failed,No,None,None,Mar-25,0,0,0,0,0,0,0
B000146,Antidepressant,Line 2,2024-02-25,Team A,22.79,33.24,316,37.7,6.68,99.44,6.9,112.1,87.13,90.52,Pass,No,None,None,Feb-24,0,0,0,0,0,0,0
B000147,GLP-1 Agonist,Line 3,2024-06-06,Team A,20.27,37.69,296,44.7,7.31,99.08,6.89,145.6,88.33,93.6,Pass,No,None,None,Jun-24,0,0,0,0,0,0,0
B000148,GLP-1 Agonist,Line 3,2024-09-19,Team A,22.51,44.37,317,58.8,8.4,98.47,6.81,150.7,82.08,92.42,Pass,No,None,None,Sep-24,0,0,0,0,0,0,0
B000149,GLP-1 Agonist,Line 3,2024-01-10,Team A,22.51,40.98,284,41.1,8.01,98.27,6.85,134.2,87.82,89.96,Pass,No,None,None,Jan-24,0,0,0,0,0,0,0
B000150,Antidepressant,Line 1,2024-01-07,Team D,21.12,49.8,273,53.1,7.36,99.02,6.79,133.7,83.93,92.86,Pass,No,None,None,Jan-24,0,0,0,0,0,0,0
B000151,AED,Line 1,2025-11-07,Team A,19.91,47.75,286,45.6,7.66,98.94,6.88,136.8,86.47,96.15,Pass,No,None,None,Nov-25,0,0,0,0,0,0,0
B000152,AED,line 2,2025-12-18,Team C,21.75,46.62,296,49.4,8.67,,6.87,155.1,83.41,92.18,Pass,No,None,None,Dec-25,0,0,1,0,0,0,1
B000153,Antidepressant,Line 2,2025-01-26,Team C,22.84,51.41,308,46.8,6.22,98.81,6.94,135,90.02,93.97,Pass,No,None,None,Jan-25,0,0,0,0,0,0,0
B000154,COX-2 Inhibitor,Line 1,2025-10-21,Team C,23.69,42.51,343,40.4,6.4,98.94,6.74,127,87.04,95.64,Pass,No,None,None,Oct-25,0,0,0,0,0,0,0
B000155,Antidepressant,Line 1,2025-04-23,Team C,21.35,42.32,301,51.1,8.17,98.84,6.83,133.1,82.95,91.7,Pass,No,None,None,Apr-25,0,0,0,0,0,0,0
B000156,COX-2 Inhibitor,Line 1,2024-01-21,Team B,23.81,42.94,318,32,6.1,99.53,6.63,130.9,86.49,93.79,Pass,Yes,Process,Minor,Jan-24,0,0,0,0,0,0,0
B000157,GLP-1 Agonist,Line 1,2025-06-06,Team D,19.83,47.72,283,46.1,8.17,98.62,7.21,123.5,86.15,91.53,Pass,No,None,None,Jun-25,0,0,0,0,0,0,0
B000158,COX-2 Inhibitor,Line 1,2024-01-14,Team A,22.22,43.01,320,33.3,6.78,99.1,6.78,99.1,88.84,94.47,Pass,No,None,None,Jan-24,0,0,0,0,0,0,0
B000159,COX-2 Inhibitor,Line 3,2025-08-19,Team A,22.19,39.76,330,29.2,7.32,99.18,6.86,115.6,91.42,92.46,Pass,No,None,None,Aug-25,0,0,0,0,0,0,0
B000160,COX-2 Inhibitor,Line 1,2024-09-25,Team D,23.36,45.94,329,34.4,7.53,99.3,6.86,121.4,89.14,95.09,Pass,No,None,None,Sep-24,0,0,0,0,0,0,0
B000161,Antidepressant,Line 3,2024-04-13,Team A,22.97,37.92,332,53.8,7.95,98.86,6.7,112.5,87.84,93.07,Pass,Yes,Equipment,Minor,Apr-24,0,0,0,0,0,0,0
B000162,AED,Line 3,2024-07-07,Team A,22.52,46.67,297,45.5,6.71,99.15,7.13,132.8,85.45,95.46,Pass,No,None,None,Jul-24,0,0,0,0,0,0,0
B000163,Antidepressant,Line 1,2025-05-14,Team A,20.99,44.07,314,51.9,6.96,98.93,6.86,130.3,88.47,95.9,Pass,No,None,None,May-25,0,0,0,0,0,0,0
B000164,Antidepressant,Line 3,2025-09-11,Team A,22.65,41.05,310,54,8.97,99.02,6.88,142.5,83.15,92.54,Pass,No,None,None,Sep-25,0,0,0,0,0,0,0
B000165,COX-2 Inhibitor,Line 2,2025-02-21,Team A,22.88,45.83,355,54.5,6.4,99.56,,134.6,82.43,91.9,Pass,No,None,None,Feb-25,0,0,0,1,0,0,1
B000166,GLP-1 Agonist,Line 3,2024-04-27,Team C,20.25,32.56,297,60,8.84,98.78,6.84,,81.43,90.66,Pass,No,None,None,Apr-24,0,0,0,0,1,0,1
B000167,AED,Line 1,2025-10-20,TEAM C,20.25,44.81,334,57,6.34,99.2,6.95,128.7,82.36,91.22,Pass,No,None,None,Oct-25,0,0,0,0,0,0,0
B000168,AED,Line 1,2025-07-31,Team A,22.58,41.69,294,45.8,6.58,99.27,6.88,123.3,84.13,94.87,Pass,No,None,None,Jul-25,0,0,0,0,0,0,0
B000169,GLP-1 Agonist,Line 1,2024-10-26,Team D,21.36,54.31,299,49.3,8.33,98.82,,145.5,86.68,93.01,Pass,No,None,None,Oct-24,0,0,0,1,0,0,1
B000170,AED,Line 2,2025-02-09,Team A,20.84,44.78,305,46.6,7.38,98.94,6.68,135.7,85.83,94.53,Pass,No,None,None,Feb-25,0,0,0,0,0,0,0
B000171,GLP-1 Agonist,Line 3,2025-12-05,Team C,21.34,37.02,278,48.5,7.96,99.55,6.84,135.2,85.62,92.08,Pass,No,None,None,Dec-25,0,0,0,0,0,0,0
B000172,GLP-1 Agonist,Line 3,2024-10-02,Team D,21.77,33.11,299,165,7.78,99,6.89,143.3,86.14,92.31,Failed,No,None,None,Oct-24,0,0,0,0,0,0,0
B000173,Antidepressant,Line 3,2024-01-19,Team C,21.94,48.53,351,47.6,6.45,99.02,7.03,121.8,82.68,93.93,Pass,No,None,None,Jan-24,0,0,0,0,0,0,0
B000174,AED,Line 3,2024-04-16,Team B,,42.25,300,43.9,7.99,98.9,7,150.1,87.85,93.64,Pass,No,None,None,Apr-24,1,0,0,0,0,0,1
B000175,Antidepressant,Line 3,2025-03-14,Team A,23.41,38.04,318,35.9,6.98,99.13,6.71,128.3,85.84,91.16,Pass,No,None,None,Mar-25,0,0,0,0,0,0,0
B000176,Antidepressant,line 1,2025-12-30,Team A,22.75,43.68,296,43,6.2,99.33,6.74,132.8,86.55,94.8,Pass,No,None,None,Dec-25,0,0,0,0,0,0,0
B000177,GLP-1 Agonist,Line 3,2025-06-24,Team D,21.25,43.25,274,44.7,8.05,98.79,7,150.5,81.83,91.75,Pass,No,None,None,Jun-25,0,0,0,0,0,0,0
B000178,Aed,Line 2,2025-03-27,TEAM B,21.58,47.17,301,41.8,7.51,98.32,6.86,138.1,88.72,95.02,Pass,No,None,None,Mar-25,0,0,0,0,0,0,0
B000179,AED,Line 1,2024-08-24,Team A,22.07,44.1,307,44.2,7.16,99.11,6.68,129.7,83.43,95.48,Pass,No,None,None,Aug-24,0,0,0,0,0,0,0
B000180,COX-2 Inhibitor,Line 2,2024-11-17,Team C,21.65,43.8,333,36,6.59,98.86,6.54,116.1,86.43,92.22,Pass,No,None,None,Nov-24,0,0,0,0,0,0,0
B000181,AED,Line 3,2024-01-29,Team C,22.04,45.16,311,52.6,7.94,99.12,7.11,149.3,82.55,93.5,Pass,No,None,None,Jan-24,0,0,0,0,0,0,0
B000182,AED,Line 1,2024-09-28,Team A,20.8,45.68,285,44.1,6.88,98.97,7.18,129.6,86.88,94.78,Pass,No,None,None,Sep-24,0,0,0,0,0,0,0
B000183,GLP-1 Agonist,Line 2,2025-03-31,Team A,21.45,42.12,289,54.4,8.05,99.16,7.09,136.9,84.2,90.67,Pass,No,None,None,Mar-25,0,0,0,0,0,0,0
B000184,GLP-1 Agonist,Line 1,2025-10-24,Team A,20.62,45.47,309,48.1,8.21,98.62,7.05,155.8,87.76,94.79,Pass,No,None,None,Oct-25,0,0,0,0,0,0,0
B000185,COX-2 Inhibitor,Line 1,2025-11-05,Team A,21.66,43.28,316,36.5,7.12,99.04,6.55,108.5,89.04,93.76,Pass,No,None,None,Nov-25,0,0,0,0,0,0,0
B000186,COX-2 Inhibitor,Line1,2025-08-23,Team C,23.73,,334,37.9,7.03,99.11,6.63,102.3,91.15,96.78,Pass,No,None,None,Aug-25,0,1,0,0,0,0,1
B000187,GLP-1 Agonist,Line 3,2024-01-16,Team A,21.54,39.28,305,42.4,7.58,98.5,7.03,145.4,87.24,91.51,Pass,No,None,None,Jan-24,0,0,0,0,0,0,0
B000188,Antidepressant,Line 3,2025-08-15,Team C,22.16,45.77,306,44.4,7.78,99.31,6.96,122.5,84.9,92.27,Pass,No,None,None,Aug-25,0,0,0,0,0,0,0
B000189,COX-2 Inhibitor,Line 1,2024-06-08,Team A,20.99,34.07,346,42.7,7.02,98.89,6.66,125.2,86.69,97.1,Pass,No,None,None,Jun-24,0,0,0,0,0,0,0
B000190,Antidepressant,Line 1,2025-03-26,Team D,21.55,33.1,293,47.4,6.8,99.55,6.81,145.2,90.34,92.25,Failed,No,None,None,Mar-25,0,0,0,0,0,0,0
B000191,AED,Line 1,2025-11-22,Team C,22.15,48.59,331,36.6,6.75,99.02,7.23,111.7,91.22,92.04,Pass,No,None,None,Nov-25,0,0,0,0,0,0,0
B000192,Antidepressant,Line 1,2025-10-11,Team B,22.15,49.6,327,32.6,7.05,98.93,6.87,118.1,91.5,92.63,Pass,No,None,None,Oct-25,0,0,0,0,0,0,0
B000193,Antidepressant,Line 2,2025-04-30,Team B,20.38,35.67,321,38,7.62,99.31,7.04,136.8,90.51,93.51,Pass,No,None,None,Apr-25,0,0,0,0,0,0,0
B000194,AED,Line 3,2024-08-06,Team A,21.96,44.5,335,54.1,6.97,99.02,6.7,144.9,85.78,93.12,Failed,Yes,Environmental,Minor,Aug-24,0,0,0,0,0,0,0
B000195,Antidepressant,Line 2,2025-01-15,Team A,22.27,40,314,43.2,7.94,98.99,6.68,125.4,88.22,94.58,Pass,No,None,None,Jan-25,0,0,0,0,0,0,0
B000196,Antidepressant,Line 2,2025-05-29,Team C,22.96,40.7,309,36.7,7.46,99.16,6.8,144,88.76,94.92,Pass,No,None,None,May-25,0,0,0,0,0,0,0
B000197,COX-2 Inhibitor,Line 2,2025-01-10,Team A,22.01,44.53,365,30,6.43,99.35,6.8,112.7,93.88,94.22,Pass,No,None,None,Jan-25,0,0,0,0,0,0,0
B000198,AED,Line 1,2024-10-22,Team C,20.12,37.54,348,41.2,7.04,98.85,6.81,130.9,86.65,91.88,Pass,No,None,None,Oct-24,0,0,0,0,0,0,0
B000199,Antidepressant,Line 1,2024-10-21,Team B,21.25,36.46,308,37.9,7.07,99.3,6.66,137,89.27,94.9,Pass,No,None,None,Oct-24,0,0,0,0,0,0,0
B000200,GLP-1 Agonist,Line3,2025-03-14,Team A,20.68,38.49,298,54.6,8.03,98.21,7.21,153.9,80.45,92.33,Pass,No,None,None,Mar-25,0,0,0,0,0,0,0
B000201,COX-2 Inhibitor,Line 3,2024-01-27,Team C,23.05,42.27,359,45.1,7.1,98.59,6.64,137.2,83.98,92.95,Pass,No,None,None,Jan-24,0,0,0,0,0,0,0
B000202,AED,Line 3,2025-12-30,Team C,19.76,38.37,314,39.7,6.65,99.23,,120.6,91.34,95.38,Pass,No,None,None,Dec-25,0,0,0,1,0,0,1
B000203,GLP-1 Agonist,Line 3,2024-03-15,Team C,21.16,43.95,311,53.6,7.39,98.74,7.23,155.4,85.74,92.93,Failed,No,None,None,Mar-24,0,0,0,0,0,0,0
B000204,Antidepressant,Line 2,2025-12-20,Team A,23.07,39.91,334,44.6,8.37,98.85,6.87,129.5,86.77,95.35,Pass,No,None,None,Dec-25,0,0,0,0,0,0,0
B000205,Antidepressant,Line 3,2024-01-26,Team C,22.01,39.89,310,37,7.21,99.08,6.9,117.2,88.47,94.67,Pass,No,None,None,Jan-24,0,0,0,0,0,0,0
B000206,Antidepressant,Line 2,2025-01-09,Team D,22.67,,328,41.5,7.1,98.93,6.84,127.9,84.8,94.17,Pass,No,None,None,Jan-25,0,1,0,0,0,0,1
B000207,Antidepressant,Line 1,2024-11-01,Team B,20.77,41.36,320,43.9,7.05,98.86,6.63,128,86.72,95.41,Pass,No,None,None,Nov-24,0,0,0,0,0,0,0
B000208,COX-2 Inhibitor,Line 1,2025-02-23,Team D,21.3,47.19,318,38.9,6.18,98.68,6.79,135.4,85.63,95.71,Pass,No,None,None,Feb-25,0,0,0,0,0,0,0
B000209,Antidepressant,Line 1,2024-11-12,Team C,23.08,37.33,302,32.6,6.5,98.59,6.55,121.8,89.04,92.65,Pass,No,None,None,Nov-24,0,0,0,0,0,0,0
B000210,GLP-1 Agonist,Line 1,2025-10-17,Team B,21.58,33.01,288,47.7,7.84,99.25,6.89,,87.55,92.36,Pass,No,None,None,Oct-25,0,0,0,0,1,0,1
B000211,COX-2 Inhibitor,Line 2,2024-01-13,Team D,22.58,41.45,357,41.5,6.61,99.06,6.77,112.5,89.07,94.64,Pass,No,None,None,Jan-24,0,0,0,0,0,0,0
B000212,COX-2 Inhibitor,Line 3,2025-12-21,Team D,21.66,,357,47.2,6.86,99.42,6.85,126.4,90.24,93.99,Pass,No,None,None,Dec-25,0,1,0,0,0,0,1
B000213,Antidepressant,Line 3,2025-05-18,Team A,22.08,35.8,333,38.8,7.5,99.03,6.7,113.1,88.62,93.91,Pass,No,None,None,May-25,0,0,0,0,0,0,0
B000214,AED,Line 2,2025-07-23,Team D,20.94,37.06,323,41,7.26,99.18,6.92,122,81.97,93.31,Pass,No,None,None,Jul-25,0,0,0,0,0,0,0
B000215,COX-2 Inhibitor,Line 1,2024-04-12,Team A,23.39,43.91,347,36.9,6.78,99.1,6.62,115,93.5,95.32,Pass,No,None,None,Apr-24,0,0,0,0,0,0,0
B000216,COX-2 Inhibitor,Line 3,2024-02-17,Team A,24.55,39.21,345,41.1,7.45,99.15,6.77,118.8,85.99,94.07,Failed,No,None,None,Feb-24,0,0,0,0,0,0,0
B000217,Antidepressant,Line 2,2024-10-17,Team A,22.36,34.74,327,42.5,6.92,99.21,6.77,133.1,87.96,96.42,Pass,No,None,None,Oct-24,0,0,0,0,0,0,0
B000218,Antidepressant,Line 1,2024-08-23,Team B,21.52,46.83,329,45.3,7.02,98.91,6.78,120.7,87.63,94.73,Pass,No,None,None,Aug-24,0,0,0,0,0,0,0
B000219,AED,Line 1,2025-07-26,Team D,19.9,40.84,290,37.8,7.86,98.73,6.95,102.7,88.82,92.65,Failed,No,None,None,Jul-25,0,0,0,0,0,0,0
B000220,GLP-1 Agonist,Line 1,2025-10-17,Team C,20.24,45.75,286,49.2,7.32,99.1,,123.7,85.89,91.49,Pass,No,None,None,Oct-25,0,0,0,1,0,0,1
B000221,GLP-1 Agonist,Line 1,2024-11-08,Team C,22.67,40.14,281,43.9,6.63,99.36,6.98,135,86.88,92.82,Pass,No,None,None,Nov-24,0,0,0,0,0,0,0
B000222,GLP-1 Agonist,Line 3,2025-07-15,Team A,20.73,41.47,320,47.7,8.45,99.37,6.89,134.9,82.54,92.54,Pass,No,None,None,Jul-25,0,0,0,0,0,0,0
B000223,COX-2 Inhibitor,Line 3,2024-02-13,Team C,22.22,41.94,370,48.9,6.99,99,6.72,116.9,92.13,92.28,Pass,No,None,None,Feb-24,0,0,0,0,0,0,0
B000224,AED,Line 3,2025-06-26,Team B,22.29,30.72,276,37.8,6.81,98.92,6.8,145,89.13,93.76,Pass,No,None,None,Jun-25,0,0,0,0,0,0,0
B000225,GLP-1 Agonist,Line1,2024-03-13,Team B,22.61,34.32,328,46.5,8.23,98.84,6.79,144.4,86.39,93.63,Pass,No,None,None,Mar-24,0,0,0,0,0,0,0
B000226,AED,Line 3,2025-05-03,Team B,21.65,43.37,317,38.5,7.34,98.9,6.8,127.3,91.62,90.87,Pass,No,None,None,May-25,0,0,0,0,0,0,0
B000227,Antidepressant,Line 3,2024-10-06,Team A,21.7,43.82,338,44.3,6.74,99.03,6.89,131.1,84.62,94.75,Pass,No,None,None,Oct-24,0,0,0,0,0,0,0
B000228,COX-2 Inhibitor,Line 1,2024-10-30,Team D,22.55,34.05,349,43.8,7.87,99.03,6.68,119.6,89.87,92.65,Pass,No,None,None,Oct-24,0,0,0,0,0,0,0
B000229,COX-2 Inhibitor,Line2,2024-07-21,Team C,22.03,42.73,366,38.9,5.75,98.76,6.97,108.6,87.31,95.84,Pass,No,None,None,Jul-24,0,0,0,0,0,0,0
B000230,Antidepressant,Line 2,2024-10-21,Team B,21.57,36.39,324,41.4,6.93,99.19,6.8,135,88.7,94.08,Pass,No,None,None,Oct-24,0,0,0,0,0,0,0
B000231,Antidepressant,line 2,2025-10-01,Team A,22.31,43.17,295,48.3,6.18,98.07,6.67,138.3,87.5,93.69,Pass,No,None,None,Oct-25,0,0,0,0,0,0,0
B000232,GLP-1 Agonist,Line 1,2025-08-14,TEAM D,21.64,39.9,298,48.8,7.98,98.91,7.21,120.8,80.71,93.63,Pass,No,None,None,Aug-25,0,0,0,0,0,0,0
B000233,AED,Line 2,2024-09-05,Team B,23.4,47.72,324,49.5,7.11,98.6,7.11,136.4,82.74,93.26,Pass,Yes,Process,Minor,Sep-24,0,0,0,0,0,0,0
B000234,COX-2 Inhibitor,Line 1,2024-08-02,Team B,22.83,48.33,336,41.9,7.19,99.3,6.55,123.8,91.78,95.05,Pass,No,None,None,Aug-24,0,0,0,0,0,0,0
B000235,AED,Line 1,2025-01-07,Team C,22.66,46.29,327,29.2,6.74,99.21,6.84,116,89.29,91.73,Pass,No,None,None,Jan-25,0,0,0,0,0,0,0
B000236,AED,Line 1,2025-05-15,Team A,21,48.3,314,43.6,7.99,99.23,6.94,147.9,91.66,96.39,Pass,No,None,None,May-25,0,0,0,0,0,0,0
B000237,GLP-1 Agonist,Line 3,2024-05-13,Team C,21.89,38.25,289,43.6,7.76,98.83,7.04,155.2,89.08,92.71,Pass,No,None,None,May-24,0,0,0,0,0,0,0
B000238,AED,Line 1,2025-06-14,Team D,21.26,58.12,295,39.4,6.22,98.46,6.86,122.7,87.52,93.79,Pass,No,None,None,Jun-25,0,0,0,0,0,0,0
B000239,Antidepressant,Line 2,2025-11-24,Team B,22.3,35.91,313,49.1,7.38,98.94,6.69,129.2,85.74,92.65,Pass,No,None,None,Nov-25,0,0,0,0,0,0,0
B000240,Antidepressant,Line 1,2025-09-09,Team A,22.52,39.36,324,38.9,6.75,99.21,6.85,119.8,92.18,94.89,Pass,No,None,None,Sep-25,0,0,0,0,0,0,0
B000241,AED,Line 3,2025-02-04,Team A,21.84,48.51,280,56.9,7.07,98.41,6.66,135.2,88.88,90.64,Pass,No,None,None,Feb-25,0,0,0,0,0,0,0
B000242,AED,Line 2,2024-08-21,Team A,23.61,47.76,301,37.3,6.45,99.25,7.08,117.5,87.46,94.16,Pass,No,None,None,Aug-24,0,0,0,0,0,0,0
B000243,Antidepressant,Line 3,2024-08-24,Team C,23.07,44.44,284,37.5,6.79,98.91,6.94,128.8,91.59,91.94,Pass,No,None,None,Aug-24,0,0,0,0,0,0,0
B000244,GLP-1 Agonist,Line 1,2025-06-26,Team B,22.38,43.38,289,51.2,8.77,99.01,6.92,157.9,87.69,92.27,Pass,No,None,None,Jun-25,0,0,0,0,0,0,0
B000245,COX-2 Inhibitor,Line 1,2024-11-28,Team A,23.07,32.58,362,36.1,6.92,98.82,6.42,130.6,91.98,93.29,Pass,No,None,None,Nov-24,0,0,0,0,0,0,0
B000246,AED,Line 2,2024-03-18,Team C,23.12,51.95,294,46.7,7.17,,6.95,139.5,86.62,94.39,Pass,No,None,None,Mar-24,0,0,1,0,0,0,1
B000247,COX-2 Inhibitor,Line 2,2025-05-10,team a,21.42,41.98,353,36.4,6.8,98.66,6.38,96.4,87.51,94.45,Pass,No,None,None,May-25,0,0,0,0,0,0,0
B000248,GLP-1 Agonist,Line 3,2024-04-10,Team B,22.53,46.23,351,48.7,7.05,99.07,7.02,124.1,82.95,93.93,Failed,No,None,None,Apr-24,0,0,0,0,0,0,0
B000249,GLP-1 Agonist,Line 3,2025-12-22,Team D,20.76,29.83,326,46.8,7.8,99.03,6.84,149.2,82.74,91.93,Pass,No,None,None,Dec-25,0,0,0,0,0,0,0
B000250,GLP-1 Agonist,Line 2,2024-11-01,Team A,21.08,41.28,302,49,8.06,99.08,6.84,154.5,89.73,93.96,Pass,No,None,None,Nov-24,0,0,0,0,0,0,0
B000251,COX-2 Inhibitor,Line 3,2024-09-07,Team A,22.92,40.18,355,43,7.22,99.19,6.79,128.9,87.52,94.72,Pass,No,None,None,Sep-24,0,0,0,0,0,0,0
B000252,AED,Line 2,2024-02-10,Team B,22.72,,290,53.9,7.31,99.02,6.99,134.7,82.58,92.89,Pass,No,None,None,Feb-24,0,1,0,0,0,0,1
B000252,AED,Line 2,2024-02-10,Team B,22.72,,290,53.9,7.31,99.02,6.99,134.7,82.58,92.89,Pass,No,None,None,Feb-24,0,1,0,0,0,0,1
B000253,GLP-1 Agonist,Line 1,2024-05-02,Team C,20.63,41.59,272,46.9,7.74,98.85,7.02,149.4,88.41,93.62,Pass,No,None,None,May-24,0,0,0,0,0,0,0
B000254,Antidepressant,Line 2,2025-11-23,Team A,21.62,43.83,321,38.8,7.08,99.01,6.78,130.8,87.22,94.32,Pass,No,None,None,Nov-25,0,0,0,0,0,0,0
B000255,Antidepressant,Line 1,2025-01-27,Team D,22.07,36.71,327,39.1,6.89,99.15,6.81,133.2,87.09,93.44,Pass,No,None,None,Jan-25,0,0,0,0,0,0,0
B000256,COX-2 Inhibitor,Line 3,2025-10-21,Team A,22.36,42.72,360,46.6,7.72,99.26,6.87,109.7,91.4,92.18,Pass,No,None,None,Oct-25,0,0,0,0,0,0,0
B000257,AED,Line 1,2025-11-29,Team D,22.44,43.1,305,47.8,7.57,99.09,6.87,135,83.57,94.63,Pass,No,None,None,Nov-25,0,0,0,0,0,0,0
B000258,Antidepressant,Line 1,2024-02-05,Team C,24.58,44.48,323,31.6,6.92,99.79,6.93,133.7,90.4,92.68,Pass,No,None,None,Feb-24,0,0,0,0,0,0,0
B000259,Antidepressant,Line 2,2024-10-05,Team A,22.31,46.95,323,31.3,7.57,99.47,6.97,123.5,88.32,93.33,Pass,No,None,None,Oct-24,0,0,0,0,0,0,0
B000260,COX-2 Inhibitor,Line 1,2025-09-04,Team A,21.95,43.75,338,32.4,6.86,98.68,6.78,122.6,88.35,96.28,Pass,No,None,None,Sep-25,0,0,0,0,0,0,0
B000261,Antidepressant,Line 1,2024-12-28,Team A,,35.62,319,43.3,8,99.18,6.91,126.2,84.55,94.25,Pass,No,None,None,Dec-24,1,0,0,0,0,0,1
B000262,AED,Line 3,2025-01-06,Team B,21.56,44.54,300,46.3,7.33,98.82,6.85,134.3,86.29,93.05,Pass,No,None,None,Jan-25,0,0,0,0,0,0,0
B000263,GLP-1 Agonist,Line 1,2025-02-20,Team B,20.79,53.06,305,50.8,7.02,99.12,7.12,152.6,83.57,92.93,Pass,No,None,None,Feb-25,0,0,0,0,0,0,0
B000264,Antidepressant,Line 2,2025-05-28,Team C,22.35,50.23,324,40,6.85,98.86,6.83,118.8,89.35,94.41,Pass,No,None,None,May-25,0,0,0,0,0,0,0
B000265,AED,Line 1,2025-11-17,Team B,22.14,29.13,307,51.7,7.41,99.32,6.79,127.8,85.69,94.02,Pass,No,None,None,Nov-25,0,0,0,0,0,0,0
B000266,Antidepressant,Line 1,2025-10-10,Team C,21.65,42.32,332,45.2,7.92,98.45,6.77,123,86.73,94.37,Pass,No,None,None,Oct-25,0,0,0,0,0,0,0
B000267,GLP-1 Agonist,Line 1,2025-04-01,Team B,22.99,44.66,319,48.4,7.19,98.41,6.96,138.5,84.01,96.13,Pass,No,None,None,Apr-25,0,0,0,0,0,0,0
B000268,Antidepressant,Line 3,2025-02-25,Team B,21.45,41.09,332,49.8,7.58,99.68,6.99,118.4,89.14,93.56,Pass,No,None,None,Feb-25,0,0,0,0,0,0,0
B000269,Antidepressant,Line 3,2024-09-20,Team B,21.91,39.7,301,34.4,7.31,99.11,6.98,128.7,90.38,94.01,Pass,No,None,None,Sep-24,0,0,0,0,0,0,0
B000270,Antidepressant,Line 1,2024-03-26,Team B,22.48,40.67,322,41.5,7.04,98.83,6.74,123.2,86.59,94.89,Pass,No,None,None,Mar-24,0,0,0,0,0,0,0
B000271,Antidepressant,Line 3,2025-06-02,Team D,22.67,44.76,304,43.3,7.3,99.07,6.68,136,84.18,95.4,Pass,No,None,None,Jun-25,0,0,0,0,0,0,0
B000272,Antidepressant,Line 2,2024-01-02,Team A,22.96,36.26,322,45.3,7.31,98.85,6.94,109.4,82.95,93.9,Pass,No,None,None,Jan-24,0,0,0,0,0,0,0
B000273,Antidepressant,Line 2,2025-05-25,Team B,22.32,47.94,304,31.6,7.23,98.91,6.95,126.6,92.08,92.13,Pass,No,None,None,May-25,0,0,0,0,0,0,0
B000274,COX-2 Inhibitor,Line 3,2024-12-29,Team D,23.29,42.72,363,38.1,7.8,98.71,6.76,132.5,90.39,96,Pass,No,None,None,Dec-24,0,0,0,0,0,0,0
B000275,COX-2 Inhibitor,Line 3,2025-07-28,Team C,22,38.32,354,40.7,7.06,99,6.66,126.2,90.22,94.39,Pass,No,None,None,Jul-25,0,0,0,0,0,0,0
B000276,GLP-1 Agonist,Line 3,2025-11-24,Team A,22.19,45.62,321,51.1,7.81,98.69,,142.9,84.57,92.98,Pass,No,None,None,Nov-25,0,0,0,1,0,0,1
B000277,GLP-1 Agonist,Line 2,2025-02-08,Team D,22.18,32.27,319,54.5,8.87,99.34,6.8,151.6,86.3,93.49,Pass,No,None,None,Feb-25,0,0,0,0,0,0,0
B000278,GLP-1 Agonist,Line 2,2025-02-22,Team A,22.63,37.22,295,52.2,7.35,99.07,7.01,153.6,87.21,92.94,Pass,No,None,None,Feb-25,0,0,0,0,0,0,0
B000279,AED,Line 1,2024-12-22,Team A,20.55,41.14,307,44.7,8.27,99.23,6.83,134.5,86.91,94.27,Pass,Yes,Process,Minor,Dec-24,0,0,0,0,0,0,0
B000280,AED,Line 1,2024-09-29,Team B,21.12,54.72,346,48.7,8.17,98.82,7.14,138,85.54,93.23,Pass,No,None,None,Sep-24,0,0,0,0,0,0,0
B000281,Antidepressant,LINE 2,2024-03-05,Team C,22.62,38.57,317,40.9,7.78,99.35,6.75,140.3,85.75,95.74,Pass,No,None,None,Mar-24,0,0,0,0,0,0,0
B000282,Antidepressant,Line 1,2024-01-23,Team A,20.01,31.23,296,42.8,7.41,99.07,6.51,132.4,88.79,94.46,Pass,No,None,None,Jan-24,0,0,0,0,0,0,0
B000283,Antidepressant,Line 1,2025-06-12,Team D,22.37,39.09,338,45.4,5.96,98.93,6.95,120.2,88.62,94.34,Pass,No,None,None,Jun-25,0,0,0,0,0,0,0
B000284,Antidepressant,Line 1,2025-10-30,Team A,22.79,44.28,323,40.8,6.38,99.16,6.91,135.5,87.33,95.11,Pass,No,None,None,Oct-25,0,0,0,0,0,0,0
B000285,COX-2 Inhibitor,Line 1,2024-02-09,Team D,22.07,46.92,367,40,6.84,99.05,6.81,118.3,88.01,95.47,Pass,No,None,None,Feb-24,0,0,0,0,0,0,0
B000286,GLP-1 Agonist,Line 2,2024-08-27,Team A,21.18,51.38,304,53.3,7.61,98.76,7.21,,84.27,93.74,Pass,No,None,None,Aug-24,0,0,0,0,1,0,1
B000287,Antidepressant,Line 2,2025-03-20,Team B,,49.03,320,45.9,6.96,98.95,6.69,129.9,88.74,93.96,Pass,No,None,None,Mar-25,1,0,0,0,0,0,1
B000288,GLP-1 Agonist,Line 2,2025-05-30,Team C,21.11,40.94,327,53.8,8.34,99.27,6.92,,81.64,94.06,Pass,No,None,None,May-25,0,0,0,0,1,0,1
B000289,GLP-1 Agonist,Line 1,2025-06-21,Team B,21.13,35.54,272,59.8,8.12,99.38,6.72,162,81.44,91.4,Pass,No,None,None,Jun-25,0,0,0,0,0,0,0
B000290,Antidepressant,Line 2,2025-05-22,Team C,21.49,50.12,309,44.9,6.43,98.8,6.94,128.4,84.8,94.63,Pass,No,None,None,May-25,0,0,0,0,0,0,0
B000291,AED,Line 2,2024-03-02,Team C,21.25,42.16,299,42.5,7.7,98.51,6.94,145,86.83,93.55,Pass,No,None,None,Mar-24,0,0,0,0,0,0,0
B000292,Antidepressant,Line 3,2024-07-04,Team C,21.8,38.71,280,46.3,7.78,98.92,6.77,131.9,87.32,96.08,Pass,No,None,None,Jul-24,0,0,0,0,0,0,0
B000293,AED,Line 2,2024-12-09,Team B,21.59,41.91,331,47.6,7.25,98.74,7.04,145.6,83.88,93.38,Pass,No,None,None,Dec-24,0,0,0,0,0,0,0
B000294,Antidepressant,Line 2,2024-02-16,Team D,23.41,35.74,310,45.4,7.51,99.37,6.53,130.3,89.09,93.83,Pass,No,None,None,Feb-24,0,0,0,0,0,0,0
B000295,AED,Line 2,2024-09-07,Team C,21.5,41.67,331,53.2,7.64,99.26,6.8,132.5,88.44,92.87,Pass,No,None,None,Sep-24,0,0,0,0,0,0,0
B000296,AED,Line 3,2024-10-08,Team B,22.06,42.83,322,37.2,8.11,98.66,6.96,144.3,88.71,92.27,Pass,No,None,None,Oct-24,0,0,0,0,0,0,0
B000297,AED,Line 3,2025-12-15,Team C,21.37,47.65,326,53.8,8.04,98.68,7.02,133.3,87.28,92.72,Pass,Yes,Environmental,Minor,Dec-25,0,0,0,0,0,0,0
B000298,AED,Line 2,2024-08-19,Team D,21.36,42.06,307,55.2,8.38,98.58,6.74,132.4,82.85,93.82,Pass,No,None,None,Aug-24,0,0,0,0,0,0,0
B000299,COX-2 Inhibitor,Line 2,2025-12-11,Team D,21.22,36.66,326,40.1,5.64,99.32,6.76,109.4,86.36,95.02,Pass,No,None,None,Dec-25,0,0,0,0,0,0,0
B000300,COX-2 Inhibitor,Line 1,2025-05-26,Team C,21.32,34.98,342,40.3,6.93,99.31,6.78,131,89.73,95.29,Pass,No,None,None,May-25,0,0,0,0,0,0,0
B000301,COX-2 Inhibitor,Line 3,2025-05-21,Team D,21.59,44.05,357,37.2,6.7,99.36,6.78,133.4,88.46,94.55,Pass,No,None,None,May-25,0,0,0,0,0,0,0
B000302,Antidepressant,line 1,2025-08-22,Team D,22.14,42.36,319,41,6.49,99.23,6.62,127.7,86.21,94.25,Pass,No,None,None,Aug-25,0,0,0,0,0,0,0
B000303,GLP-1 Agonist,Line 1,2025-09-07,Team B,22.31,37.23,287,50.8,8.54,99.13,6.95,131.1,88.62,93.42,Pass,No,None,None,Sep-25,0,0,0,0,0,0,0
B000304,GLP-1 Agonist,Line 3,2024-06-11,Team C,20.16,37.66,278,53,8.81,98.54,6.98,143.8,85.16,92.36,Pass,No,None,None,Jun-24,0,0,0,0,0,0,0
B000305,AED,Line 3,2024-11-03,Team A,21.39,45.94,319,50.5,6.74,98.74,6.93,133.5,86.96,94.33,Pass,No,None,None,Nov-24,0,0,0,0,0,0,0
B000306,GLP-1 Agonist,Line 1,2025-01-21,Team B,20.47,46.95,290,51.4,8.31,99.13,7.24,131.1,83.9,92.09,Pass,No,None,None,Jan-25,0,0,0,0,0,0,0
B000307,GLP-1 Agonist,Line 1,2025-12-15,Team D,21.3,36.1,299,51.9,8.26,98.86,,136.4,88.99,94.77,Pass,No,None,None,Dec-25,0,0,0,1,0,0,1
B000308,COX-2 Inhibitor,Line 1,2024-01-30,Team B,23.31,43.44,336,42.3,6.35,98.69,6.97,125.6,87.88,94.57,Pass,No,None,None,Jan-24,0,0,0,0,0,0,0
B000309,Antidepressant,Line 2,2024-12-14,Team D,21.66,46.79,312,36.4,6.34,99.24,6.97,116.8,90.96,93.89,Pass,No,None,None,Dec-24,0,0,0,0,0,0,0
B000310,Antidepressant,Line 1,2024-06-05,Team B,21.96,38.12,325,46.6,6.29,99,6.77,130.8,85.89,92.97,Pass,No,None,None,Jun-24,0,0,0,0,0,0,0
B000311,GLP-1 Agonist,Line 3,2024-05-31,Team A,22.59,39.92,310,59.7,8.37,99.18,7.08,132.6,83.66,91.8,Pass,No,None,None,May-24,0,0,0,0,0,0,0
B000312,GLP-1 Agonist,Line 3,2025-07-10,Team A,21.84,39.81,335,48.4,8.06,98.9,7.15,155.8,86.56,92.09,Pass,No,None,None,Jul-25,0,0,0,0,0,0,0
B000313,Antidepressant,Line 2,2024-05-27,Team C,21.43,35.44,334,50.2,7.73,99.12,6.81,128.5,90.61,93.66,Pass,No,None,None,May-24,0,0,0,0,0,0,0
B000314,GLP-1 Agonist,Line 2,2025-08-02,Team B,,40.84,329,42,7.74,99.29,6.97,142.8,85.82,92.77,Pass,No,None,None,Aug-25,1,0,0,0,0,0,1
B000315,GLP-1 Agonist,LINE 1,2025-12-27,Team C,20.88,40.16,285,46.8,7.18,98.59,6.89,138.9,86.66,93.2,Pass,No,None,None,Dec-25,0,0,0,0,0,0,0
B000316,GLP-1 Agonist,Line 1,2025-07-21,Team A,21.82,42.78,271,43.5,7.77,99.29,6.88,138.5,88.12,90.61,Pass,Yes,Process,Major,Jul-25,0,0,0,0,0,0,0
B000317,GLP-1 Agonist,Line 3,2024-05-04,Team B,21.89,34.07,300,57.1,8.33,98.81,6.59,136.6,80.65,94.12,Pass,No,None,None,May-24,0,0,0,0,0,0,0
B000318,COX-2 Inhibitor,Line 1,2024-04-14,Team A,,43.05,355,47,6.4,99.24,6.74,117.5,82.59,92.66,Pass,No,None,None,Apr-24,1,0,0,0,0,0,1
B000319,GLP-1 Agonist,Line 1,2024-11-15,Team B,21.63,46.91,313,47.5,6.91,98.88,7.03,131,83.91,94.03,Pass,No,None,None,Nov-24,0,0,0,0,0,0,0
B000320,AED,Line 1,2025-02-06,Team D,21.71,,337,51.4,7.87,98.7,7.05,134.7,87.97,92.51,Pass,No,None,None,Feb-25,0,1,0,0,0,0,1
B000321,AED,Line 1,2025-07-22,Team A,22.21,50.4,269,53.1,7.83,98.66,7.15,147.6,89.32,94.25,Pass,No,None,None,Jul-25,0,0,0,0,0,0,0
B000322,GLP-1 Agonist,Line 2,2024-11-04,Team C,22.12,34.11,323,47.8,8.1,98.89,6.87,143,83.7,93.05,Pass,No,None,None,Nov-24,0,0,0,0,0,0,0
B000323,GLP-1 Agonist,Line 3,2024-05-02,Team A,21.86,42.26,306,50.2,7.83,98.58,7.23,133.8,82.32,92,Pass,No,None,None,May-24,0,0,0,0,0,0,0
B000324,GLP-1 Agonist,Line 3,2025-12-25,Team C,,37.58,272,52.5,8.4,99.5,6.86,144.4,87.96,93.11,Pass,No,None,None,Dec-25,1,0,0,0,0,0,1
B000325,AED,Line 2,2025-10-23,Team D,22.5,45.42,328,39.4,6.35,98.78,6.83,126.5,86.47,91.76,Pass,No,None,None,Oct-25,0,0,0,0,0,0,0
B000326,COX-2 Inhibitor,Line 3,2025-04-23,Team B,21.85,39.14,343,40.1,6.48,99.54,6.51,118.7,87.2,94.12,Pass,No,None,None,Apr-25,0,0,0,0,0,0,0
B000327,AED,Line 2,2025-05-23,Team A,20.81,35.43,322,55.8,7.7,99.4,6.89,138.6,87.97,93.08,Pass,No,None,None,May-25,0,0,0,0,0,0,0
B000328,GLP-1 Agonist,Line 3,2025-11-14,Team C,19.1,38.28,318,45.7,8.22,99.09,7.08,145.7,88.65,94.57,Failed,No,None,None,Nov-25,0,0,0,0,0,0,0
B000329,COX-2 Inhibitor,Line 2,2024-12-13,Team B,22.45,46.61,348,42.7,5.87,99.06,6.7,116,89.91,93.29,Pass,No,None,None,Dec-24,0,0,0,0,0,0,0
B000330,GLP-1 Agonist,Line 1,2024-04-16,Team D,20.88,41.44,273,50.9,7.32,98.99,6.86,136.9,81.72,92.59,Pass,No,None,None,Apr-24,0,0,0,0,0,0,0
B000331,COX-2 Inhibitor,LINE 3,2025-03-18,Team D,22.8,45.01,337,38.6,6.77,99.26,,129.7,85.52,95.26,Pass,No,None,None,Mar-25,0,0,0,1,0,0,1
B000332,Antidepressant,Line 1,2024-11-25,Team C,20.52,43.08,291,43.2,7.57,99.15,6.64,130.1,90.25,92.47,Pass,No,None,None,Nov-24,0,0,0,0,0,0,0
B000333,COX-2 Inhibitor,Line 1,2025-08-07,Team C,22.01,45.02,352,46.6,6.46,98.72,6.87,135.6,88.14,95.49,Pass,No,None,None,Aug-25,0,0,0,0,0,0,0
B000334,AED,Line 1,2025-07-18,Team C,22.15,46.65,340,47,7.45,98.42,6.9,144.4,84.92,92.97,Pass,No,None,None,Jul-25,0,0,0,0,0,0,0
B000335,Antidepressant,Line 2,2024-12-10,Team C,21.23,40.63,298,45.9,7.27,99.54,6.83,116.7,86.24,93.51,Pass,No,None,None,Dec-24,0,0,0,0,0,0,0
B000336,COX2 Inhibitor,Line 2,2024-09-25,Team B,22.81,43.41,328,46.8,6.77,98.4,6.85,128,89.56,93.96,Pass,No,None,None,Sep-24,0,0,0,0,0,0,0
B000337,Antidepressant,Line 2,2024-11-04,Team D,21.58,50.72,304,40.4,7.09,99.02,6.99,120.5,91.35,94.51,Pass,No,None,None,Nov-24,0,0,0,0,0,0,0
B000338,COX-2 Inhibitor,Line 3,2025-04-07,Team B,22.48,43.71,332,33.7,6.06,99.06,6.69,106.6,89.15,93.1,Pass,No,None,None,Apr-25,0,0,0,0,0,0,0
B000339,Antidepressant,Line 1,2025-04-10,Team A,22.45,42.21,327,51.7,6.98,99.13,6.97,124.7,84.74,95.23,Pass,No,None,None,Apr-25,0,0,0,0,0,0,0
B000340,AED,Line 2,2025-01-09,Team C,22.51,44.51,307,45.8,8.12,98.61,6.97,129,85.96,91.12,Pass,No,None,None,Jan-25,0,0,0,0,0,0,0
B000341,Antidepressant,Line 2,2025-01-23,Team C,22.07,40.91,332,46.9,8,99.19,7.23,127,89.77,92.54,Pass,No,None,None,Jan-25,0,0,0,0,0,0,0
B000342,AED,Line 3,2025-12-26,Team D,21.19,41.82,334,41.3,7.98,99.04,6.69,124.4,89.98,92.57,Pass,No,None,None,Dec-25,0,0,0,0,0,0,0
B000343,AED,Line1,2024-07-04,Team B,21.46,45.04,335,47.1,7.98,99.74,6.74,131.4,87.04,93.04,Pass,No,None,None,Jul-24,0,0,0,0,0,0,0
B000344,COX-2 Inhibitor,Line 1,2024-05-07,Team B,22.98,40.47,320,32,5.38,99.23,6.8,135.8,88.92,95.83,Pass,Yes,Process,Minor,May-24,0,0,0,0,0,0,0
B000345,AED,Line 2,2025-08-07,Team C,21.03,43.27,340,44.4,6.76,,6.92,115.2,89.2,92.19,Pass,No,None,None,Aug-25,0,0,1,0,0,0,1
B000346,AED,Line 3,2025-11-14,Team B,21.67,40.05,341,41.9,7.37,98.58,6.97,140.5,90.52,95.21,Pass,No,None,None,Nov-25,0,0,0,0,0,0,0
B000347,AED,Line 3,2025-03-20,Team D,21.51,44.54,343,41.7,8.86,99.22,6.81,129.9,83.8,93.05,Pass,No,None,None,Mar-25,0,0,0,0,0,0,0
B000348,Antidepressant,Line 2,2024-10-20,Team B,21.92,44.92,317,40.3,6.77,99.1,6.85,121.1,87.49,92.88,Pass,No,None,None,Oct-24,0,0,0,0,0,0,0
B000349,COX-2 Inhibitor,LINE 3,2024-09-11,Team D,21.74,41.94,326,26.9,6.97,99.25,6.75,94.5,92.94,90.55,Pass,No,None,None,Sep-24,0,0,0,0,0,0,0
B000350,Antidepressant,Line 2,2024-12-08,Team B,20.61,31.96,302,35.6,6.98,99.35,6.58,128.6,89.01,93.35,Pass,No,None,None,Dec-24,0,0,0,0,0,0,0
B000351,COX-2 Inhibitor,Line 1,2024-02-08,Team A,22.89,45.95,320,42.3,6.95,99.6,6.79,108,87.15,93.92,Pass,No,None,None,Feb-24,0,0,0,0,0,0,0
B000352,Antidepressant,Line 1,2025-01-21,Team D,22.72,42.6,320,43.9,7.05,99.14,6.65,133.8,,94.94,Pass,No,None,None,Jan-25,0,0,0,0,0,1,1
B000353,COX-2 Inhibitor,Line 1,2024-07-16,Team C,21.16,38.03,355,32.1,5.73,99.06,6.69,129.5,90.88,93.9,Pass,No,None,None,Jul-24,0,0,0,0,0,0,0
B000354,COX-2 Inhibitor,Line 1,2024-07-12,Team C,22.78,46.87,364,41,5.22,98.94,6.95,108.6,85.98,96.04,Pass,No,None,None,Jul-24,0,0,0,0,0,0,0
B000355,GLP-1 Agonist,Line 2,2025-02-13,Team C,22.31,33.01,291,43.2,8.34,99.24,6.72,146.3,86.77,92.48,Pass,No,None,None,Feb-25,0,0,0,0,0,0,0
B000356,GLP-1 Agonist,Line 2,2025-12-05,Team B,21.95,45.23,299,51,7.56,98.96,6.89,,85.97,92.52,Pass,No,None,None,Dec-25,0,0,0,0,1,0,1
B000357,COX-2 Inhibitor,Line 2,2024-05-30,Team D,22.19,42.71,338,37.4,5.55,98.74,6.85,99.9,87.73,96.24,Pass,No,None,None,May-24,0,0,0,0,0,0,0
B000358,AED,Line 2,2025-10-28,Team B,21.09,32.66,304,42.2,7.44,99.29,6.6,118.4,85.49,94.01,Pass,No,None,None,Oct-25,0,0,0,0,0,0,0
B000359,GLP-1 Agonist,LINE 3,2025-01-14,TEAM D,21.56,40.89,313,49,8.42,98.59,7.08,142.7,84.04,93.98,Pass,No,None,None,Jan-25,0,0,0,0,0,0,0
B000360,COX-2 Inhibitor,Line 2,2025-12-12,Team B,22.69,40.97,347,51.1,7.48,99.3,6.69,132,84.21,94.21,Pass,No,None,None,Dec-25,0,0,0,0,0,0,0
B000361,AED,Line 1,2024-10-06,Team A,21.87,41.22,318,40.8,7.77,98.79,6.84,112.9,89.62,93.41,Pass,No,None,None,Oct-24,0,0,0,0,0,0,0
B000362,Antidepressant,Line 2,2025-12-29,Team A,21.86,38.31,326,42.2,6.5,99.06,6.92,126.7,85.49,94.73,Pass,No,None,None,Dec-25,0,0,0,0,0,0,0
B000363,Antidepressant,Line 2,2025-04-27,Team D,21.19,41.36,331,45.3,6.63,98.96,6.9,135.9,87.52,95.11,Pass,No,None,None,Apr-25,0,0,0,0,0,0,0
B000364,Antidepressant,Line 2,2025-05-04,Team C,22.32,39.57,331,35.7,6.6,99.54,6.8,130.8,88.01,90.76,Pass,Yes,Process,Major,May-25,0,0,0,0,0,0,0
B000365,COX-2 Inhibitor,Line 1,2025-02-15,Team B,,33.72,325,29.2,6.75,99.42,6.32,108.1,89.02,93.82,Pass,No,None,None,Feb-25,1,0,0,0,0,0,1
B000366,GLP-1 Agonist,Line 1,2024-11-26,Team D,21.65,46.36,316,44.7,6.53,99.2,7.15,139.6,89.61,92.95,Pass,No,None,None,Nov-24,0,0,0,0,0,0,0
B000367,COX-2 Inhibitor,LINE 3,2025-01-18,Team C,22.58,41.78,345,43.7,7.22,99.96,6.57,134,87.09,94.35,Pass,No,None,None,Jan-25,0,0,0,0,0,0,0
B000368,COX-2 Inhibitor,Line 2,2025-09-13,Team C,23.76,39.34,332,35.1,7.01,99.19,6.63,124.9,87.75,93.78,Pass,No,None,None,Sep-25,0,0,0,0,0,0,0
B000369,GLP-1 Agonist,Line 1,2025-08-02,Team C,21.03,34.36,304,45.7,8.21,99.46,6.89,144.4,84.73,94.64,Pass,No,None,None,Aug-25,0,0,0,0,0,0,0
B000370,AED,Line 2,2024-01-18,Team A,22.76,47.85,321,50,7.87,98.68,7.22,135.7,86.54,92.48,Pass,No,None,None,Jan-24,0,0,0,0,0,0,0
B000371,COX-2 Inhibitor,Line 3,2025-05-22,Team A,21.95,36.51,359,34.1,7.4,99.6,6.59,116.8,90.93,93.72,Pass,No,None,None,May-25,0,0,0,0,0,0,0
B000372,Antidepressant,Line 1,2025-09-01,Team C,22.83,42.67,301,40.5,5.44,98.84,6.64,126.4,91.06,93.95,Pass,No,None,None,Sep-25,0,0,0,0,0,0,0
B000373,GLP-1 Agonist,Line 3,2025-06-27,Team A,22.43,37.08,324,40.2,8.76,98.92,7.1,128,86.44,93.27,Pass,No,None,None,Jun-25,0,0,0,0,0,0,0
B000374,GLP-1 agonist,Line 1,2024-12-29,Team C,21.28,37.37,300,49.8,8.04,99.14,7.02,149.2,85.18,91.07,Pass,No,None,None,Dec-24,0,0,0,0,0,0,0
B000375,Antidepressant,Line 2,2024-09-02,Team A,23.25,36.48,311,43.3,7.78,99.33,6.81,113.3,87.76,96.56,Pass,No,None,None,Sep-24,0,0,0,0,0,0,0
B000376,Antidepressant,Line 2,2025-05-07,Team B,22.35,38.9,310,45.4,6.47,98.76,6.93,124,87.46,95.83,Pass,No,None,None,May-25,0,0,0,0,0,0,0
B000377,AED,Line 1,2025-04-30,Team C,21.14,44.04,297,37.7,6.08,98.75,7.14,124.6,86.62,92.52,Pass,No,None,None,Apr-25,0,0,0,0,0,0,0
B000378,GLP-1 Agonist,line 3,2024-09-30,Team C,21.22,41.18,269,48.4,9.15,99.07,6.88,144.9,88.54,94.35,Pass,No,None,None,Sep-24,0,0,0,0,0,0,0
B000379,GLP-1 Agonist,Line 2,2024-10-24,Team D,22.35,36.07,312,41,7.04,98.86,6.74,140.2,87.01,92.42,Pass,No,None,None,Oct-24,0,0,0,0,0,0,0
B000380,cox-2 inhibitor,Line 3,2024-09-26,Team C,23.19,42.55,376,38.1,6.78,98.73,,133.9,89.55,96.82,Pass,No,None,None,Sep-24,0,0,0,1,0,0,1
B000381,COX-2 Inhibitor,Line1,2024-02-02,Team A,21.71,47.44,311,46.1,7.18,99.11,6.75,124.4,88.47,95.13,Pass,Yes,Process,Minor,Feb-24,0,0,0,0,0,0,0
B000382,AED,Line 3,2024-01-24,Team D,21.7,35.69,298,44.7,8.07,99.03,6.78,125.8,87.34,96.44,Pass,No,None,None,Jan-24,0,0,0,0,0,0,0
B000383,AED,Line 3,2024-03-01,Team A,21.95,43.97,329,39,8.03,98.99,6.79,126.9,85.27,91.08,Pass,No,None,None,Mar-24,0,0,0,0,0,0,0
B000384,GLP-1 Agonist,Line 2,2024-11-05,Team A,21.12,35.25,299,44.3,7.79,99.15,6.97,133.7,86.36,93.08,Pass,No,None,None,Nov-24,0,0,0,0,0,0,0
B000385,GLP-1 Agonist,Line 1,2025-01-08,Team D,23.27,34.74,315,39.1,6.91,99.11,6.94,136.5,92.61,90.23,Pass,No,None,None,Jan-25,0,0,0,0,0,0,0
B000386,AED,Line 3,2024-10-25,Team A,21.98,45.31,313,39.4,7.84,98.7,6.93,118.9,90.9,92.35,Pass,No,None,None,Oct-24,0,0,0,0,0,0,0
B000387,COX-2 Inhibitor,Line 2,2025-11-29,Team C,22.45,40.27,330,40.7,7.09,99.08,6.51,119.5,88.56,97.32,Pass,No,None,None,Nov-25,0,0,0,0,0,0,0
B000388,AED,Line 3,2024-06-13,Team B,22.69,37.92,311,38.5,6.43,99.27,6.98,142.5,86.75,93.35,Pass,No,None,None,Jun-24,0,0,0,0,0,0,0
B000389,Antidepressant,Line 2,2024-10-14,Team D,21.73,48.62,277,43.7,7.84,98.84,6.93,129,82.51,95.56,Pass,No,None,None,Oct-24,0,0,0,0,0,0,0
B000390,AED,Line 1,2024-06-29,Team A,22.56,,294,45.1,5.94,98.78,7.13,120.6,85.88,95.07,Pass,No,None,None,Jun-24,0,1,0,0,0,0,1
B000391,COX-2 Inhibitor,Line 1,2024-08-07,Team A,21.25,33.34,357,35.1,7.07,98.93,6.32,112.9,89.35,95.49,Pass,No,None,None,Aug-24,0,0,0,0,0,0,0
B000392,Antidepressant,Line 3,2025-03-03,Team B,21.66,34.63,341,44.8,7.1,99.18,6.7,109.2,86.21,93.38,Pass,No,None,None,Mar-25,0,0,0,0,0,0,0
B000393,COX-2 Inhibitor,Line 3,2024-08-14,Team B,23.29,45.97,365,34.3,7.21,99.17,6.67,117.3,88.51,93.5,Failed,No,None,None,Aug-24,0,0,0,0,0,0,0
B000394,COX-2 Inhibitor,Line 1,2024-08-20,Team D,23.68,41.58,348,42.6,7.04,98.61,6.7,136.1,89.54,94.04,Pass,No,None,None,Aug-24,0,0,0,0,0,0,0
B000395,Antidepressant,Line 3,2025-05-05,Team C,21.42,49.5,279,38.7,7.21,98.67,7.03,114.4,85.8,90.7,Pass,No,None,None,May-25,0,0,0,0,0,0,0
B000396,GLP-1 Agonist,Line 3,2025-08-29,Team A,20.83,43.08,289,46.4,8.34,98.48,7.06,126.2,86.29,92.87,Pass,No,None,None,Aug-25,0,0,0,0,0,0,0
B000397,AED,Line 1,2024-06-04,Team D,22.23,45.5,339,42.2,7.16,99.16,6.95,122.2,87.26,94.28,Pass,No,None,None,Jun-24,0,0,0,0,0,0,0
B000398,GLP-1 Agonist,Line 1,2024-03-22,Team B,21.03,34.89,329,51.8,8.33,98.5,6.89,148.9,83.38,92.42,Pass,No,None,None,Mar-24,0,0,0,0,0,0,0
B000399,GLP-1 Agonist,Line 3,2024-06-24,Team D,21.3,42.46,325,52.5,9.51,98.85,6.82,158.9,88.27,92.31,Pass,No,None,None,Jun-24,0,0,0,0,0,0,0
B000400,GLP-1 Agonist,Line 2,2025-02-26,Team D,22.16,33.62,296,33.6,6.56,99.2,6.77,133.1,89.94,91.55,Pass,Yes,Material,Minor,Feb-25,0,0,0,0,0,0,0
B000401,GLP-1 Agonist,Line 1,2025-12-02,Team A,21.09,46.53,276,48.4,6.06,98.91,7.2,126.7,84.2,94.75,Pass,No,None,None,Dec-25,0,0,0,0,0,0,0
B000402,AED,Line 3,2024-04-26,Team C,20.33,46.11,314,36.9,7.14,98.82,6.9,126.5,89,91.11,Pass,No,None,None,Apr-24,0,0,0,0,0,0,0
B000403,AED,Line 2,2024-02-01,Team B,20.82,39.88,315,43.1,6.97,99.14,7,146,83.98,92.99,Pass,No,None,None,Feb-24,0,0,0,0,0,0,0
B000404,Antidepressant,Line 3,2025-01-21,Team B,22.01,46.02,348,42.9,7.17,99.29,6.96,125.2,85.78,95.18,Pass,No,None,None,Jan-25,0,0,0,0,0,0,0
B000405,AED,Line 3,2025-12-25,Team B,20.4,55.21,319,43.6,7.09,98.78,,132.7,89.58,94.39,Pass,No,None,None,Dec-25,0,0,0,1,0,0,1
B000406,AED,Line 3,2025-02-07,Team C,21.58,42.91,315,49.3,8.28,98.33,6.95,137.5,86.41,94.73,Pass,No,None,None,Feb-25,0,0,0,0,0,0,0
B000407,GLP-1 Agonist,Line 2,2025-11-06,Team B,20.46,42.75,301,51,7.14,99.23,6.96,127.4,85.76,94.51,Pass,No,None,None,Nov-25,0,0,0,0,0,0,0
B000408,AED,Line 1,2025-04-14,Team A,23.03,41.84,322,40.7,7.4,99.09,6.88,136,89.94,96.51,Pass,No,None,None,Apr-25,0,0,0,0,0,0,0
B000409,Antidepressant,Line 2,2024-01-24,Team B,23.62,42.43,331,37.5,7.2,99.03,6.88,130.8,89.85,93.61,Pass,No,None,None,Jan-24,0,0,0,0,0,0,0
B000409,Antidepressant,Line 2,2024-01-24,Team B,23.62,42.43,331,37.5,7.2,99.03,6.88,130.8,89.85,93.61,Pass,No,None,None,Jan-24,0,0,0,0,0,0,0
B000410,AED,Line 1,2024-11-08,Team A,21.01,36.46,302,44.8,7.47,98.55,6.56,111.9,86.45,96.28,Pass,Yes,Environmental,Minor,Nov-24,0,0,0,0,0,0,0
B000411,COX-2 Inhibitor,Line 2,2025-07-16,Team D,22.69,43,321,28.5,6.54,99.07,6.86,100.6,92.47,92.47,Pass,No,None,None,Jul-25,0,0,0,0,0,0,0
B000412,COX-2 Inhibitor,Line 1,2025-01-07,Team C,21.78,43.22,365,35.4,7.03,98.94,6.66,107.4,85.76,97.77,Pass,No,None,None,Jan-25,0,0,0,0,0,0,0
B000413,Antidepressant,Line 2,2024-05-22,Team B,21.77,50.99,290,49.4,7.29,,6.92,138.1,84.9,93.93,Pass,No,None,None,May-24,0,0,1,0,0,0,1
B000414,AED,Line 1,2024-05-12,Team B,23.15,35.02,344,36.7,6.82,99.04,6.79,117.4,88.28,93.65,Pass,No,None,None,May-24,0,0,0,0,0,0,0
B000415,Antidepressant,Line 1,2025-04-30,Team A,21.65,40.6,286,39.1,7.17,98.98,6.77,126.6,89.72,95.62,Pass,No,None,None,Apr-25,0,0,0,0,0,0,0
B000416,Antidepressant,Line 1,2024-12-04,Team B,21.79,48.44,309,38.7,7.22,98.88,6.74,121.1,87.87,92.87,Pass,No,None,None,Dec-24,0,0,0,0,0,0,0
B000417,Antidepressant,Line 2,2025-02-23,Team D,21.29,40.79,337,53,7.88,99.32,6.8,134.6,81.79,91.52,Failed,Yes,Process,Minor,Feb-25,0,0,0,0,0,0,0
B000418,COX-2 Inhibitor,Line 3,2024-09-29,Team A,23.36,42.14,340,36.5,5.96,99.2,6.77,123.8,84.43,94.83,Pass,No,None,None,Sep-24,0,0,0,0,0,0,0
B000419,Antidepressant,Line 1,2024-09-04,Team A,19.55,37.83,296,39.4,6.81,99.08,6.49,125.6,88.33,94.92,Pass,No,None,None,Sep-24,0,0,0,0,0,0,0
B000420,AED,Line 3,2025-05-01,Team D,21.47,39.34,323,39.8,6.88,98.84,6.7,128.6,86.28,95.43,Pass,No,None,None,May-25,0,0,0,0,0,0,0
B000421,COX-2 Inhibitor,Line 3,2024-01-06,Team C,22.47,33.87,341,39.6,7.31,99.15,6.69,124.4,86.12,93.57,Pass,No,None,None,Jan-24,0,0,0,0,0,0,0
B000422,Antidepressant,Line 2,2024-11-13,Team A,21.5,38.85,316,43.5,7.45,99.07,6.84,129.2,85.06,96.23,Pass,No,None,None,Nov-24,0,0,0,0,0,0,0
B000423,Antidepressant,Line 2,2024-09-27,Team B,22.65,37.05,309,37.1,6.68,99.3,6.76,120.9,88.87,93.56,Pass,No,None,None,Sep-24,0,0,0,0,0,0,0
B000424,Antidepressant,Line 2,2025-07-23,Team C,22.9,42.59,319,46.4,6.75,98.76,6.73,,89.77,93.59,Pass,No,None,None,Jul-25,0,0,0,0,1,0,1
B000425,COX-2 Inhibitor,Line 1,2025-06-16,Team B,21.44,39.06,330,38.5,6.95,99.67,6.74,135.3,89.21,95.24,Pass,No,None,None,Jun-25,0,0,0,0,0,0,0
B000426,AED,Line 2,2024-11-07,Team B,23.37,41.6,359,49.7,7.39,99.12,6.75,130.5,88.75,93.05,Pass,No,None,None,Nov-24,0,0,0,0,0,0,0
B000427,Antidepressant,Line 1,2024-07-11,Team C,20.93,39.74,316,40.2,7.72,98.39,6.75,136,87.5,95.22,Pass,No,None,None,Jul-24,0,0,0,0,0,0,0
B000428,AED,Line 3,2024-06-21,Team C,22.77,43.76,308,47.8,8.72,98.94,6.77,128.2,86.86,92.98,Pass,No,None,None,Jun-24,0,0,0,0,0,0,0
B000429,Antidepressant,Line 3,2024-06-03,Team D,22.11,39.36,310,42.3,7.91,99.39,6.74,134.9,90.32,92.79,Pass,No,None,None,Jun-24,0,0,0,0,0,0,0
B000430,AED,Line 3,2024-07-19,Team A,21.42,38.69,347,54.5,8.11,99.14,6.73,155.1,84.34,91.94,Pass,No,None,None,Jul-24,0,0,0,0,0,0,0
B000431,AED,Line 2,2025-07-09,Team B,21.49,44.43,285,44.6,8.29,98.84,7.03,127.9,86.82,94.71,Pass,No,None,None,Jul-25,0,0,0,0,0,0,0
B000432,COX-2 Inhibitor,Line 2,2024-02-03,Team A,22.47,48.34,346,38,6.73,99.06,6.85,113.2,87.87,93.61,Pass,No,None,None,Feb-24,0,0,0,0,0,0,0
B000433,COX-2 Inhibitor,Line 3,2024-01-20,team c,22.66,43.64,336,37,6.65,99.17,6.66,115.8,89.89,95.43,Pass,No,None,None,Jan-24,0,0,0,0,0,0,0
B000434,AED,Line 1,2025-01-29,Team C,21.11,40.95,289,42.2,6.83,99.25,7.02,127.8,89.5,95.33,Pass,No,None,None,Jan-25,0,0,0,0,0,0,0
B000435,Antidepressant,Line 1,2024-06-12,Team B,21.82,41.38,305,43.3,6.66,98.72,6.68,128.8,88.54,96.48,Pass,No,None,None,Jun-24,0,0,0,0,0,0,0
B000436,Antidepressant,Line 2,2025-08-30,Team C,21.42,31.75,326,45.5,7.12,99.08,6.64,128.3,86.56,94.47,Pass,No,None,None,Aug-25,0,0,0,0,0,0,0
B000437,Antidepressant,Line 1,2025-07-03,Team B,21.09,41.3,304,37.2,7.09,99.59,6.72,117.9,85.56,92.08,Pass,No,None,None,Jul-25,0,0,0,0,0,0,0
B000438,GLP-1 Agonist,Line 1,2025-07-16,Team A,20.89,38,305,47.7,7.01,99,7.03,155.4,85.95,94.49,Pass,No,None,None,Jul-25,0,0,0,0,0,0,0
B000439,COX-2 Inhibitor,Line 1,2024-11-30,Team C,,38.33,371,39,6.39,99.69,6.72,116.9,88.4,96.41,Pass,No,None,None,Nov-24,1,0,0,0,0,0,1
B000440,COX-2 Inhibitor,Line 2,2024-11-16,Team B,22.18,39.24,343,40,6.79,100.05,6.81,115,88.86,94.09,Pass,No,None,None,Nov-24,0,0,0,0,0,0,0
B000441,AED,Line 1,2024-11-07,Team B,22.12,41.95,289,35.6,7.33,98.86,6.91,130.9,88.95,92.74,Pass,No,None,None,Nov-24,0,0,0,0,0,0,0
B000442,Antidepressant,Line 1,2024-05-23,Team B,22.09,46.96,305,36.9,6.81,98.69,6.52,129.1,92.37,94.66,Pass,No,None,None,May-24,0,0,0,0,0,0,0
B000443,COX-2 Inhibitor,Line 1,2025-02-18,Team D,23.98,48.46,335,30.5,6.47,98.98,6.75,125.5,88.82,96.21,Pass,Yes,Environmental,Minor,Feb-25,0,0,0,0,0,0,0
B000444,Antidepressant,Line 2,2025-09-23,Team A,20.34,37.36,314,41.2,6.29,99.5,6.92,143,84.38,94.29,Pass,No,None,None,Sep-25,0,0,0,0,0,0,0
B000445,Antidepressant,Line 3,2024-07-06,TEAM B,22.35,39.41,323,38.5,6.73,99.44,6.72,128.1,85.51,94.88,Pass,Yes,Equipment,Major,Jul-24,0,0,0,0,0,0,0
B000446,COX-2 Inhibitor,Line 1,2024-02-11,Team C,22.5,40.54,346,35.3,6.47,99.85,6.45,113.5,88.1,95.36,Pass,No,None,None,Feb-24,0,0,0,0,0,0,0
B000447,AED,Line 3,2025-02-16,Team A,22.41,48.05,346,39.9,7.75,98.85,7.04,111.7,89.69,93.28,Pass,No,None,None,Feb-25,0,0,0,0,0,0,0
B000448,COX-2 Inhibitor,Line 3,2024-10-18,team a,23.04,43.73,340,37.3,7.05,99.25,6.79,111.5,85.68,96.36,Pass,No,None,None,Oct-24,0,0,0,0,0,0,0
B000449,Antidepressant,Line 1,2025-08-05,Team C,21.88,42.46,299,34.8,6.28,98.9,6.72,121.8,86.73,92.74,Pass,No,None,None,Aug-25,0,0,0,0,0,0,0
B000450,COX-2 Inhibitor,Line 3,2025-09-18,Team C,22.63,45.68,361,42.7,6.98,98.39,6.73,113,88.47,94.37,Pass,No,None,None,Sep-25,0,0,0,0,0,0,0
B000451,Antidepressant,Line 3,2025-11-25,Team C,21.44,39.02,343,45.1,8.29,99.11,6.65,115.3,88.7,93.91,Pass,No,None,None,Nov-25,0,0,0,0,0,0,0
B000452,AED,Line 2,2024-10-14,Team A,22.26,50.82,319,45.8,7.63,98.52,7.09,132.4,83.14,92.35,Pass,No,None,None,Oct-24,0,0,0,0,0,0,0
B000453,COX-2 Inhibitor,Line 1,2025-10-21,Team D,21.09,42.99,336,35.3,6.42,99.39,6.72,123.1,85.58,96.45,Pass,No,None,None,Oct-25,0,0,0,0,0,0,0
B000454,Antidepressant,Line 1,2024-03-27,Team B,22.58,37.72,331,30.8,6.04,98.62,6.6,114.9,88.29,93.95,Pass,No,None,None,Mar-24,0,0,0,0,0,0,0
B000455,Antidepressant,Line 3,2024-09-29,Team A,21.98,40.85,316,41,6.92,98.87,,134.8,89.03,94.32,Pass,No,None,None,Sep-24,0,0,0,1,0,0,1
B000456,Antidepressant,Line 3,2024-07-13,Team B,21.63,48.16,283,39.3,7.26,99.06,6.8,131.1,88.2,93.69,Pass,No,None,None,Jul-24,0,0,0,0,0,0,0
B000457,AED,Line 3,2025-11-05,Team A,21.63,41.87,325,46.9,7.87,99.08,7.07,144,84.42,93.63,Pass,No,None,None,Nov-25,0,0,0,0,0,0,0
B000458,GLP-1 Agonist,Line 3,2025-03-14,Team B,21.38,44.75,316,52.9,8.63,98.82,7.15,163.4,86.14,93.2,Pass,No,None,None,Mar-25,0,0,0,0,0,0,0
B000459,AED,Line 1,2024-09-24,Team B,22.77,40.87,341,46.8,7.58,99.52,6.87,154.8,86.95,94.25,Pass,No,None,None,Sep-24,0,0,0,0,0,0,0
B000460,COX-2 Inhibitor,Line 3,2024-04-21,Team B,24.93,39.17,327,46.4,7.04,99.57,6.67,132.9,86.64,92.69,Pass,No,None,None,Apr-24,0,0,0,0,0,0,0
B000461,COX-2 Inhibitor,Line2,2025-07-26,Team B,23.41,46.3,344,33.9,6.17,98.89,6.89,112.2,85.89,93.91,Pass,No,None,None,Jul-25,0,0,0,0,0,0,0
B000462,ANTIDEPRESSANT,Line 3,2025-04-23,Team D,21.58,37.63,324,40.1,8.41,99.59,6.71,126.7,86.04,94.12,Pass,Yes,Process,Major,Apr-25,0,0,0,0,0,0,0
B000463,AED,Line 1,2025-09-15,Team D,22.27,48.11,317,49.7,7.16,99.39,,147.5,90.46,92.59,Pass,No,None,None,Sep-25,0,0,0,1,0,0,1
B000464,GLP-1 Agonist,Line 1,2024-11-16,Team B,22,41.76,302,48.9,7.12,98.87,7.17,130.6,85.1,94.03,Pass,No,None,None,Nov-24,0,0,0,0,0,0,0
B000465,COX-2 Inhibitor,Line 3,2024-04-19,Team D,21.81,38.63,341,38.1,6.05,99.23,6.59,133.5,86.27,94.03,Pass,No,None,None,Apr-24,0,0,0,0,0,0,0
B000466,COX-2 Inhibitor,Line 3,2024-09-01,Team D,21.55,42.64,344,49.7,7.16,99.15,6.91,127,85.46,91.77,Pass,No,None,None,Sep-24,0,0,0,0,0,0,0
B000467,COX-2 Inhibitor,Line 2,2025-03-29,Team D,22.45,40.26,353,41.2,7.23,99.02,6.84,123.5,88.39,98.34,Failed,No,None,None,Mar-25,0,0,0,0,0,0,0
B000468,AED,Line 1,2024-06-25,Team A,22.41,45.74,337,44,6.95,98.78,6.99,122,89.13,96.54,Pass,No,None,None,Jun-24,0,0,0,0,0,0,0
B000469,Antidepressant,Line 1,2024-02-21,Team B,20.79,51.44,306,38.2,7.68,99.36,6.89,110.4,90.05,94.5,Pass,No,None,None,Feb-24,0,0,0,0,0,0,0
B000470,GLP-1 Agonist,Line 3,2025-08-24,Team B,20.96,38.15,297,55.8,8.42,99.07,6.97,143.3,82.51,92.85,Pass,No,None,None,Aug-25,0,0,0,0,0,0,0
B000471,GLP-1 Agonist,Line 2,2025-01-22,Team A,21.93,42.67,292,49.1,8.45,98.72,6.98,151.7,88.29,94.5,Pass,No,None,None,Jan-25,0,0,0,0,0,0,0
B000472,GLP-1 Agonist,Line 2,2024-10-16,Team A,21.53,40.12,290,48.1,7.39,98.66,6.88,133,87.47,93.42,Pass,No,None,None,Oct-24,0,0,0,0,0,0,0
B000473,Antidepressant,Line 2,2025-02-08,Team C,23.06,42.12,291,45.7,6.72,98.84,6.87,143.3,86.05,94.37,Pass,No,None,None,Feb-25,0,0,0,0,0,0,0
B000474,Antidepressant,Line 2,2025-06-23,Team B,20.94,8,320,45.8,7.18,,6.66,123.7,86.73,93.75,Pass,No,None,None,Jun-25,0,0,1,0,0,0,1
B000475,Antidepressant,Line 2,2024-01-01,Team D,23.76,37.71,329,45,7.37,99.36,6.7,118.7,88.48,95.64,Pass,No,None,None,Jan-24,0,0,0,0,0,0,0
B000476,GLP-1 Agonist,Line 2,2024-11-17,Team C,20.35,41.68,297,52.9,7.87,98.69,6.96,144.9,87.19,94.1,Pass,No,None,None,Nov-24,0,0,0,0,0,0,0
B000477,GLP-1 Agonist,Line 3,2024-07-04,Team A,19.98,,300,52,8.45,99.22,6.78,149.3,81.34,94.34,Pass,No,None,None,Jul-24,0,1,0,0,0,0,1
B000478,COX-2 Inhibitor,Line 3,2024-03-08,Team D,22.46,,348,42.6,7.43,99.26,6.73,125.3,87.74,94.45,Pass,No,None,None,Mar-24,0,1,0,0,0,0,1
B000479,COX-2 Inhibitor,Line 3,2024-01-27,Team B,21.65,48.07,365,35.5,6.08,99.12,6.76,120,88.79,97.01,Failed,Yes,Environmental,Major,Jan-24,0,0,0,0,0,0,0
B000480,GLP-1 Agonist,Line 2,2024-11-18,Team C,21.47,40.5,292,58,7.96,99.21,7.13,160.6,82.65,91.63,Failed,No,None,None,Nov-24,0,0,0,0,0,0,0
B000481,GLP1 Agonist,Line 2,2025-02-01,team d,21.44,38.86,279,41.2,7.28,99.18,6.92,135.3,85.65,94.67,Pass,No,None,None,Feb-25,0,0,0,0,0,0,0
B000482,Antidepressant,Line 3,2025-01-06,Team C,21.85,48.7,318,45.2,7.2,98.57,,125.4,89.14,93.34,Pass,No,None,None,Jan-25,0,0,0,1,0,0,1
B000483,COX-2 Inhibitor,LINE 3,2025-07-26,Team A,21.87,33.82,374,31.1,6.93,98.99,6.47,105.4,90.81,92.23,Pass,No,None,None,Jul-25,0,0,0,0,0,0,0
B000484,GLP-1 Agonist,Line 2,2024-11-30,Team A,21.82,46.36,279,47.5,7.5,98.76,7.07,150.3,90.43,95.76,Pass,No,None,None,Nov-24,0,0,0,0,0,0,0
B000485,Antidepressant,Line 3,2025-03-07,Team B,21.76,,332,40.4,6.19,99.24,6.74,122.4,86.44,94.94,Pass,Yes,Process,Minor,Mar-25,0,1,0,0,0,0,1
B000486,GLP-1 Agonist,Line 3,2025-08-19,Team A,22.33,41.06,321,49.2,8.06,99.25,7.07,138.3,85.48,93.63,Pass,No,None,None,Aug-25,0,0,0,0,0,0,0
B000487,GLP-1 Agonist,Line 3,2025-04-25,Team A,21.36,37.06,257,51.4,7.68,98.97,6.93,152.2,85.47,92.24,Pass,No,None,None,Apr-25,0,0,0,0,0,0,0
B000488,Antidepressant,Line 3,2025-10-27,Team D,21.28,37.38,327,37.2,7.46,99.63,6.98,142.6,90.23,92.64,Pass,No,None,None,Oct-25,0,0,0,0,0,0,0
B000489,COX-2 Inhibitor,Line 1,2024-06-10,Team A,21.23,49.57,351,37.8,7.04,98.91,6.87,120.1,92.02,94.61,Pass,No,None,None,Jun-24,0,0,0,0,0,0,0
B000490,COX-2 Inhibitor,Line 2,2025-07-29,Team A,22.37,52.28,335,44.7,5.64,98.87,6.74,122.6,87.71,94.19,Pass,No,None,None,Jul-25,0,0,0,0,0,0,0
B000491,COX-2 Inhibitor,Line 2,2025-05-24,Team C,21.55,41.89,328,29.8,5.89,99.11,6.57,,87.77,93.56,Pass,Yes,Environmental,Major,May-25,0,0,0,0,1,0,1
B000492,COX-2 Inhibitor,Line 1,2025-03-02,Team A,21.49,44.68,329,33.3,6.63,98.94,6.8,110.6,88.28,92.42,Pass,No,None,None,Mar-25,0,0,0,0,0,0,0
B000493,COX-2 Inhibitor,Line 3,2024-01-03,Team B,22.9,43.28,334,44.2,6.39,99.45,6.6,121.6,87.59,95.8,Pass,No,None,None,Jan-24,0,0,0,0,0,0,0
B000494,GLP-1 Agonist,Line 2,2025-01-30,Team D,20.17,48.65,295,48.4,8.25,98.05,7.17,136.3,88.09,92.98,Pass,No,None,None,Jan-25,0,0,0,0,0,0,0
B000495,AED,Line 1,2025-09-19,Team C,22.86,33.43,306,44.8,7.87,98.97,6.88,138.1,83.85,95.88,Pass,No,None,None,Sep-25,0,0,0,0,0,0,0
B000496,GLP-1 Agonist,Line 3,2025-04-16,Team D,21.62,41.89,294,55.1,8.31,99.2,7.11,144.6,81.54,91.17,Pass,No,None,None,Apr-25,0,0,0,0,0,0,0
B000497,GLP-1 Agonist,Line 3,2024-01-04,Team B,21.47,36.36,321,45.1,7.62,98.87,6.81,150.6,87.58,92.94,Pass,No,None,None,Jan-24,0,0,0,0,0,0,0
B000498,COX-2 Inhibitor,Line 3,2024-07-29,Team C,21.72,31.22,318,36.6,5.63,99.63,6.65,118.4,85.8,95.82,Pass,Yes,Environmental,Minor,Jul-24,0,0,0,0,0,0,0
B000499,GLP-1 Agonist,Line 2,2025-02-20,Team A,22.07,38.2,269,44.5,8.12,99.55,6.98,133.4,83.86,93.85,Pass,No,None,None,Feb-25,0,0,0,0,0,0,0
B000500,GLP-1 Agonist,Line 3,2025-08-16,Team B,21.5,49.24,322,46.6,9.2,98.79,7.04,150.9,88.16,92.71,Pass,No,None,None,Aug-25,0,0,0,0,0,0,0
B000501,COX-2 Inhibitor,Line 2,2024-11-21,Team A,21.99,39.72,337,45.4,7.85,99.54,6.65,124.6,86.89,94.49,Pass,No,None,None,Nov-24,0,0,0,0,0,0,0
B000502,AED,Line 2,2025-09-18,Team D,21.95,47.95,308,34.6,6.83,99.57,7.05,122.8,87.91,93.15,Pass,No,None,None,Sep-25,0,0,0,0,0,0,0
B000503,AED,Line 1,2025-08-04,Team A,20.54,49.99,313,37.4,6.43,,6.94,125,91.37,92.97,Pass,No,None,None,Aug-25,0,0,1,0,0,0,1
B000504,GLP-1 Agonist,Line 2,2024-07-14,Team A,20.27,39.94,304,40.5,8,98.94,7.01,147.1,84.71,90.9,Pass,No,None,None,Jul-24,0,0,0,0,0,0,0
B000505,GLP-1 Agonist,Line 3,2024-05-22,Team B,20.66,40.6,291,57.2,8.4,99.17,7.15,149.6,80.96,90.9,Pass,No,None,None,May-24,0,0,0,0,0,0,0
B000506,AED,Line 2,2025-10-21,Team B,22.06,35.42,324,40.6,7.41,99.41,6.92,139.4,91.07,93.02,Pass,No,None,None,Oct-25,0,0,0,0,0,0,0
B000507,GLP-1 Agonist,Line 2,2025-03-06,Team B,21.5,,283,46.2,7.9,98.97,6.93,135.8,86.54,93.25,Pass,No,None,None,Mar-25,0,1,0,0,0,0,1
B000508,AED,Line 3,2025-09-12,Team B,22.59,48.54,310,36.6,7.41,98.72,7.03,136.3,89.4,94.3,Pass,No,None,None,Sep-25,0,0,0,0,0,0,0
B000509,GLP-1 Agonist,Line 3,2025-11-05,Team B,,40.3,260,47.1,8.68,99.4,6.91,141.9,84.89,94.15,Pass,No,None,None,Nov-25,1,0,0,0,0,0,1
B000510,Antidepressant,Line 1,2024-11-06,Team D,22.43,43.84,341,46.8,7.75,98.99,6.77,136.3,86.91,93.21,Pass,No,None,None,Nov-24,0,0,0,0,0,0,0
B000511,Antidepressant,Line 3,2024-02-03,Team C,21.91,42.67,317,44.9,7.16,99.39,6.63,138.1,85.33,96.04,Pass,No,None,None,Feb-24,0,0,0,0,0,0,0
B000512,AED,Line 3,2025-10-26,Team D,,54.96,327,44.9,7.14,98.87,7.12,123.9,87.12,93.86,Failed,Yes,Process,Minor,Oct-25,1,0,0,0,0,0,1
B000513,Antidepressant,Line 3,2025-03-02,Team D,22.29,39.85,329,34.9,5.73,99.6,6.85,123.1,90.51,93.96,Pass,No,None,None,Mar-25,0,0,0,0,0,0,0
B000514,GLP-1 Agonist,Line 3,2024-03-29,Team C,21.45,48.03,310,47.7,7.95,98.55,7.08,148.8,85.89,92.11,Pass,No,None,None,Mar-24,0,0,0,0,0,0,0
B000515,GLP-1 Agonist,Line 3,2025-01-22,Team D,21.03,40.67,300,50.3,7.63,98.67,6.87,152.1,87.32,92.33,Pass,No,None,None,Jan-25,0,0,0,0,0,0,0
B000516,Antidepressant,Line 3,2024-01-21,Team A,22.03,50.47,327,38,7.44,99.18,6.94,135.9,89.57,94.94,Pass,No,None,None,Jan-24,0,0,0,0,0,0,0
B000517,GLP-1 Agonist,Line 2,2024-07-30,team d,21.4,33.88,283,51.6,7.74,98.7,7.04,142.7,82.75,91.88,Pass,No,None,None,Jul-24,0,0,0,0,0,0,0
B000518,COX-2 Inhibitor,Line 1,2024-09-11,Team B,22.38,43.92,319,42.9,6.65,99.19,6.84,135.3,87.81,94.7,Pass,No,None,None,Sep-24,0,0,0,0,0,0,0
B000519,antidepressant,Line 2,2024-11-28,Team C,21.69,40.03,318,39.1,7.34,99.55,6.77,118.2,87.24,94.73,Pass,No,None,None,Nov-24,0,0,0,0,0,0,0
B000520,AED,Line 3,2025-02-17,Team A,20.82,44.7,303,50.5,8.06,98.45,7.19,122.8,87.07,91.8,Pass,No,None,None,Feb-25,0,0,0,0,0,0,0
B000521,AED,Line 2,2025-09-05,Team A,21.86,,341,43.4,7.18,98.98,7.35,127.6,88,91.9,Pass,No,None,None,Sep-25,0,1,0,0,0,0,1
B000522,GLP-1 Agonist,Line 3,2024-09-13,Team D,20.9,41.89,307,55.8,9.35,99.23,6.94,156.6,84.27,92.91,Pass,No,None,None,Sep-24,0,0,0,0,0,0,0
B000523,Antidepressant,Line 1,2025-06-21,Team B,21.23,48.1,307,52.2,7.76,99.02,6.86,122.4,88.4,96.47,Pass,No,None,None,Jun-25,0,0,0,0,0,0,0
B000524,COX-2 Inhibitor,Line 2,2025-11-19,Team A,22.32,39.65,335,31,6.13,98.95,6.75,101.1,85.86,94.49,Pass,No,None,None,Nov-25,0,0,0,0,0,0,0
B000525,Antidepressant,Line 2,2025-07-01,Team C,22.55,37.89,322,45.2,6.91,99.06,6.63,113,85.79,94.88,Pass,Yes,Process,Minor,Jul-25,0,0,0,0,0,0,0
B000526,GLP-1 Agonist,Line 2,2024-07-05,Team A,21.64,40.08,299,55.2,8.48,98.69,7.07,150.8,83.27,91.22,Pass,No,None,None,Jul-24,0,0,0,0,0,0,0
B000527,AED,Line 1,2025-05-10,Team B,21.4,43.81,320,38.7,7.19,99.01,6.94,112.5,88.69,95.06,Pass,No,None,None,May-25,0,0,0,0,0,0,0
B000528,AED,Line 1,2024-07-24,Team C,21.37,43.07,316,41.8,6.57,98.92,6.96,132.7,88.79,93.48,Pass,No,None,None,Jul-24,0,0,0,0,0,0,0
B000529,COX-2 Inhibitor,Line 3,2024-12-15,Team C,22.98,38.21,315,36.3,7.38,99.05,6.57,116.2,88.71,95.97,Pass,No,None,None,Dec-24,0,0,0,0,0,0,0
B000530,GLP-1 Agonist,Line 2,2025-04-09,Team B,19.7,45.99,261,47.3,8.47,99.01,6.97,131.8,82.94,94.11,Pass,No,None,None,Apr-25,0,0,0,0,0,0,0
B000531,COX-2 Inhibitor,Line 1,2024-08-02,Team B,23.1,41.19,333,36,7.18,99.63,6.45,107.6,90.25,95.89,Pass,No,None,None,Aug-24,0,0,0,0,0,0,0
B000532,COX-2 Inhibitor,Line 1,2024-01-03,Team D,21.09,50.13,350,36.9,7.41,99.19,7,119.1,89.48,95.99,Pass,No,None,None,Jan-24,0,0,0,0,0,0,0
B000533,GLP-1 Agonist,Line 2,2025-09-03,Team A,20.44,40.06,293,51.6,9.06,99.33,7.08,134.9,,93.53,Pass,No,None,None,Sep-25,0,0,0,0,0,1,1
B000534,COX-2 Inhibitor,Line 1,2025-06-15,Team A,22.11,46.24,362,26.6,7.15,99.58,6.84,110,90.41,93.77,Pass,No,None,None,Jun-25,0,0,0,0,0,0,0
B000535,Antidepressant,Line 3,2024-03-31,Team A,23.63,44.79,319,38.1,7.4,98.82,6.88,128.3,88.92,94.88,Pass,Yes,Environmental,Minor,Mar-24,0,0,0,0,0,0,0
B000536,Antidepressant,Line 3,2024-10-02,Team D,23.26,37.88,344,47.2,7.42,99.17,6.46,136.5,90.1,92.7,Pass,No,None,None,Oct-24,0,0,0,0,0,0,0
B000537,GLP-1 Agonist,Line 1,2024-07-10,Team B,22.03,41.84,321,51,6.9,98.78,6.91,148.5,83.06,92.99,Failed,No,None,None,Jul-24,0,0,0,0,0,0,0
B000538,Antidepressant,Line 2,2025-12-15,Team A,22.27,51.64,339,35.2,6.77,98.52,6.91,122.9,90.67,95.19,Pass,No,None,None,Dec-25,0,0,0,0,0,0,0
B000539,Antidepressant,Line 1,2025-11-19,Team A,20.6,43.26,298,44.1,7.36,99.22,6.69,117,85.26,94.82,Pass,No,None,None,Nov-25,0,0,0,0,0,0,0
B000540,AED,Line 1,2025-05-20,Team A,21.92,48.51,315,51.3,7.54,98.61,6.79,138.6,83.07,92.99,Pass,No,None,None,May-25,0,0,0,0,0,0,0
B000541,AED,Line 3,2024-11-18,Team D,21.39,47.47,337,46.2,6.65,99.03,6.86,139.2,83.51,94.94,Pass,No,None,None,Nov-24,0,0,0,0,0,0,0
B000542,COX-2 Inhibitor,Line 2,2024-02-08,Team B,21.89,44.54,345,32.5,6.25,98.71,6.74,113.7,91.03,95.21,Pass,No,None,None,Feb-24,0,0,0,0,0,0,0
B000543,AED,Line 3,2024-06-29,Team A,21.92,44.93,325,51.3,8.23,98.97,6.95,134.2,85.55,91.33,Pass,Yes,Equipment,Minor,Jun-24,0,0,0,0,0,0,0
B000544,AED,Line 1,2024-03-08,team a,21.45,46.74,290,54.5,7.07,98.5,7.08,158.9,84.6,93.63,Pass,No,None,None,Mar-24,0,0,0,0,0,0,0
B000545,Antidepressant,Line 1,2025-07-31,Team C,22.65,45.82,355,36.1,6.89,99.22,7.1,109.3,90.06,94.09,Pass,No,None,None,Jul-25,0,0,0,0,0,0,0
B000546,GLP-1 Agonist,Line 2,2024-03-05,Team C,20.05,33.24,286,48.2,8.04,98.95,6.95,143.8,85.75,94.29,Pass,No,None,None,Mar-24,0,0,0,0,0,0,0
B000547,GLP-1 Agonist,Line 2,2025-05-10,Team D,21.56,41.24,264,53,8.59,98.77,6.97,152.1,85.04,92.65,Pass,No,None,None,May-25,0,0,0,0,0,0,0
B000548,Antidepressant,Line3,2025-11-27,Team A,21.34,41.08,314,43.1,8.33,99.41,7,125.1,86.53,94.79,Pass,No,None,None,Nov-25,0,0,0,0,0,0,0
B000549,COX-2 Inhibitor,Line 1,2024-08-13,Team A,22.19,41.04,296,28.4,6.06,99.12,6.5,109.8,88.47,91.66,Pass,No,None,None,Aug-24,0,0,0,0,0,0,0
B000550,GLP-1 Agonist,Line 3,2025-05-15,Team A,21.73,46.48,280,50.9,8.35,98.83,6.82,,88.59,91.7,Pass,No,None,None,May-25,0,0,0,0,1,0,1
B000551,GLP-1 Agonist,Line 3,2025-10-04,Team B,20.66,36.33,346,43.1,8.1,98.93,6.81,137,89.36,93.25,Pass,No,None,None,Oct-25,0,0,0,0,0,0,0
B000552,Antidepressant,Line 2,2024-11-08,Team C,22.12,35.03,313,35,7.11,99.33,6.79,129.4,92.46,96.47,Pass,No,None,None,Nov-24,0,0,0,0,0,0,0
B000553,Antidepressant,line 2,2024-11-24,Team C,21.84,45.98,294,32.5,6.96,99.32,6.88,117.8,88.22,93.43,Pass,No,None,None,Nov-24,0,0,0,0,0,0,0
B000554,AED,Line 2,2024-05-26,Team A,21.3,36.9,315,51.5,8.31,99.31,6.69,163.8,84.02,92.25,Pass,No,None,None,May-24,0,0,0,0,0,0,0
B000555,Antidepressant,Line 1,2024-11-08,Team C,21.65,32.36,304,37.4,5.56,99.12,6.57,117.7,87.91,94.31,Pass,No,None,None,Nov-24,0,0,0,0,0,0,0
B000556,Antidepressant,Line 3,2025-09-30,Team C,21.88,46.54,336,44.3,7.66,99.34,6.72,141.4,89.34,93,Pass,No,None,None,Sep-25,0,0,0,0,0,0,0
B000557,GLP-1 Agonist,Line 2,2025-04-29,Team A,20.92,40.79,284,50.2,8.14,98.67,6.83,145.6,85.31,94.57,Pass,No,None,None,Apr-25,0,0,0,0,0,0,0
B000558,GLP-1 Agonist,Line 3,2024-05-27,Team C,21.51,42.36,305,50.4,8.1,98.66,7.19,143,83.77,92.87,Pass,No,None,None,May-24,0,0,0,0,0,0,0
B000559,COX2 Inhibitor,Line 2,2025-01-19,Team B,22.29,40.79,319,39.6,5.41,99.16,6.66,133.6,89.21,96.16,Pass,No,None,None,Jan-25,0,0,0,0,0,0,0
B000560,GLP-1 Agonist,line 2,2025-05-31,Team A,21.04,33.08,347,49.1,7.8,99.33,7.08,125.6,83.88,93.16,Pass,No,None,None,May-25,0,0,0,0,0,0,0
B000561,Antidepressant,Line 3,2024-02-26,Team B,23.19,36.07,329,44.3,7.04,98.8,,132.8,84.01,95.38,Pass,No,None,None,Feb-24,0,0,0,1,0,0,1
B000562,Antidepressant,Line 2,2025-07-11,Team D,22.31,40.64,317,36.8,7.74,99.34,6.84,116.1,88.92,91.94,Pass,Yes,Material,Major,Jul-25,0,0,0,0,0,0,0
B000563,AED,Line 3,2024-05-27,Team C,21.51,37.64,310,41.8,7.75,99.03,6.86,126.3,85.84,93.4,Pass,No,None,None,May-24,0,0,0,0,0,0,0
B000564,COX-2 Inhibitor,Line 1,2024-08-03,Team B,22.61,44.54,330,37.4,6.14,99.03,6.84,113.2,89.07,96.03,Pass,No,None,None,Aug-24,0,0,0,0,0,0,0
B000565,COX-2 Inhibitor,Line 3,2024-10-31,Team D,21.73,40.69,326,38.8,5.85,99.5,6.71,112.3,82.35,94.51,Pass,No,None,None,Oct-24,0,0,0,0,0,0,0
B000566,COX-2 Inhibitor,Line 3,2025-01-04,Team B,22.17,43.93,326,41.9,7.41,98.91,6.85,108.2,85.74,94.69,Pass,No,None,None,Jan-25,0,0,0,0,0,0,0
B000567,COX-2 Inhibitor,Line 3,2025-10-31,Team B,22.26,43.78,370,44.6,7.56,99.77,6.79,128.5,87.12,94.19,Pass,Yes,Equipment,Minor,Oct-25,0,0,0,0,0,0,0
B000568,Antidepressant,Line 2,2024-06-12,Team A,21.06,43.93,310,43.9,6.95,99.03,6.7,126.9,84.02,95.6,Pass,No,None,None,Jun-24,0,0,0,0,0,0,0
B000569,GLP-1 Agonist,Line 3,2024-07-06,TEAM D,,42.5,262,45,8.38,98.9,7.1,135.6,82.67,93.45,Pass,No,None,None,Jul-24,1,0,0,0,0,0,1
B000570,GLP-1 Agonist,Line 1,2024-10-03,Team D,21.12,38.28,279,36,7.19,99.41,6.93,136.4,88.24,92.1,Pass,No,None,None,Oct-24,0,0,0,0,0,0,0
B000571,GLP-1 Agonist,Line 3,2025-09-18,Team A,21.23,40.92,317,44.3,8.61,98.95,6.89,141.9,87.61,93.6,Pass,No,None,None,Sep-25,0,0,0,0,0,0,0
B000572,AED,Line 1,2025-12-06,Team C,21.37,45.18,310,36.6,7.55,99.3,7.03,121.7,86.55,91.42,Pass,No,None,None,Dec-25,0,0,0,0,0,0,0
B000573,GLP1 Agonist,Line 1,2024-11-28,Team D,23.72,27.86,298,44,6.76,98.52,,162.6,86.15,92.22,Pass,No,None,None,Nov-24,0,0,0,1,0,0,1
B000574,COX-2 Inhibitor,LINE 2,2025-05-21,Team C,22,46.23,361,38.3,5.84,98.99,6.71,128.6,88.11,93.56,Pass,No,None,None,May-25,0,0,0,0,0,0,0
B000575,aed,Line 1,2025-11-01,Team A,20.25,44.75,301,44.5,8.4,99.11,6.9,151.6,83.66,95.03,Pass,No,None,None,Nov-25,0,0,0,0,0,0,0
B000576,GLP-1 Agonist,Line 2,2025-09-10,Team D,20.3,42.82,311,57.2,8.64,99.21,6.85,141.9,86.64,92.35,Pass,No,None,None,Sep-25,0,0,0,0,0,0,0
B000577,AED,Line 3,2025-05-13,Team B,22.37,37.57,303,48.2,7.07,99.24,6.62,136.9,85.43,95,Pass,No,None,None,May-25,0,0,0,0,0,0,0
B000578,COX-2 Inhibitor,LINE 1,2025-01-30,Team B,23.5,41.42,350,48.5,6.1,99.36,6.66,114.2,86.73,94.03,Pass,No,None,None,Jan-25,0,0,0,0,0,0,0
B000579,AED,Line 3,2025-12-20,Team B,21.29,38.54,308,49.4,7.92,99.33,6.94,132.5,86.42,92.45,Pass,No,None,None,Dec-25,0,0,0,0,0,0,0
B000580,GLP-1 Agonist,Line 1,2024-06-23,Team D,22.46,43.72,296,54,7.38,99,,136.9,81.49,92.89,Pass,No,None,None,Jun-24,0,0,0,1,0,0,1
B000581,GLP-1 Agonist,Line 3,2024-09-22,Team C,22.06,32.97,315,47.5,7.96,98.4,7.04,167,87.51,91,Pass,No,None,None,Sep-24,0,0,0,0,0,0,0
B000582,GLP-1 Agonist,Line 3,2025-06-05,Team C,21.36,35.36,313,42.6,7.93,99.38,6.88,130.4,88.69,91.8,Pass,No,None,None,Jun-25,0,0,0,0,0,0,0
B000583,Antidepressant,Line 2,2024-01-16,Team D,21.8,44.67,317,39.5,6.86,98.81,6.82,122.4,88.45,91.59,Failed,Yes,Equipment,Minor,Jan-24,0,0,0,0,0,0,0
B000584,GLP-1 Agonist,Line 3,2024-12-31,Team D,21.64,36.85,292,49.4,8.82,99.04,6.89,128.3,86.16,93.39,Pass,No,None,None,Dec-24,0,0,0,0,0,0,0
B000585,AED,Line 3,2025-09-16,Team D,22.46,39.36,344,42,8.56,,6.98,135.1,86.21,93.11,Pass,No,None,None,Sep-25,0,0,1,0,0,0,1
B000586,COX-2 Inhibitor,Line 3,2024-05-09,Team D,22.8,47.53,351,34,6.55,99.07,6.67,109.5,91.02,94.09,Pass,No,None,None,May-24,0,0,0,0,0,0,0
B000587,Antidepressant,Line 2,2025-08-10,Team D,21.49,46.74,313,43.3,6.42,98.71,6.86,135.4,85.66,93.43,Pass,No,None,None,Aug-25,0,0,0,0,0,0,0
B000588,GLP-1 Agonist,Line 2,2024-10-28,Team D,21.37,43.61,288,42.5,7.82,98.33,6.96,119.2,86.62,91.77,Pass,No,None,None,Oct-24,0,0,0,0,0,0,0
B000589,Antidepressant,Line 3,2025-09-21,Team C,23.49,46.24,338,34.1,7.97,98.68,6.8,120.8,88.89,93.81,Pass,Yes,Material,Minor,Sep-25,0,0,0,0,0,0,0
B000590,Antidepressant,Line 1,2025-04-09,Team A,22.19,40.84,322,35.8,6.56,99.34,6.79,104.1,89.03,92.24,Pass,No,None,None,Apr-25,0,0,0,0,0,0,0
B000591,AED,Line 3,2024-04-24,Team A,22.45,42.98,312,45.2,8.13,98.53,6.9,128.1,88.71,94.5,Pass,No,None,None,Apr-24,0,0,0,0,0,0,0
B000592,GLP-1 Agonist,Line 1,2025-06-21,Team D,21.9,36.76,302,41.5,7.11,98.73,7.05,130.9,91.98,91.71,Pass,No,None,None,Jun-25,0,0,0,0,0,0,0
B000593,GLP-1 Agonist,Line 3,2024-02-11,Team B,21.71,40.84,306,48.2,8.17,99.01,6.98,135.2,85.11,91.3,Pass,No,None,None,Feb-24,0,0,0,0,0,0,0
B000594,COX-2 Inhibitor,Line 1,2024-06-26,Team D,22.58,40.36,339,41.3,6.08,98.92,6.74,115.8,89.44,96.32,Pass,No,None,None,Jun-24,0,0,0,0,0,0,0
B000595,Antidepressant,Line 1,2025-10-11,Team D,22.67,39.83,342,44.2,7.08,98.96,6.79,135.3,85.85,96.15,Pass,No,None,None,Oct-25,0,0,0,0,0,0,0
B000596,Antidepressant,Line 3,2025-10-02,Team C,22.54,45,343,38.9,7.18,99.03,7.01,144.8,90.23,93.26,Pass,No,None,None,Oct-25,0,0,0,0,0,0,0
B000597,COX-2 Inhibitor,Line 3,2024-02-03,Team D,22.7,48.92,350,32.3,7.09,99.12,6.77,119.5,88.28,93.31,Pass,No,None,None,Feb-24,0,0,0,0,0,0,0
B000598,COX-2 Inhibitor,Line 3,2024-10-04,Team B,21.98,44.99,365,36.3,7.87,98.83,,111.5,95.62,94.39,Pass,No,None,None,Oct-24,0,0,0,1,0,0,1
B000599,AED,Line 3,2024-03-09,Team B,22.09,52.97,315,50.1,7.61,98.84,7.15,136.6,81.81,92.12,Pass,No,None,None,Mar-24,0,0,0,0,0,0,0
B000600,COX-2 Inhibitor,Line 2,2024-07-17,Team D,22.45,39.47,352,42.9,5.67,99.32,6.62,119.4,92.54,93.63,Pass,No,None,None,Jul-24,0,0,0,0,0,0,0
B000601,GLP-1 Agonist,Line 1,2025-12-08,Team D,21.27,30.81,318,48.9,7.72,98.73,6.89,146.7,88.01,94.16,Pass,No,None,None,Dec-25,0,0,0,0,0,0,0
B000602,COX-2 Inhibitor,Line 1,2024-05-22,Team A,24.51,46.57,358,44.6,7,99.13,7.05,125.2,85.34,96.7,Pass,No,None,None,May-24,0,0,0,0,0,0,0
B000603,AED,Line 2,2025-04-13,Team D,20.65,40.14,331,54.5,7.74,98.84,6.75,123.7,90.09,92.12,Pass,No,None,None,Apr-25,0,0,0,0,0,0,0
B000604,COX-2 Inhibitor,Line 1,2025-08-10,Team B,23.22,41.63,351,34.3,6.39,99.21,6.88,125.3,87.62,96.03,Pass,No,None,None,Aug-25,0,0,0,0,0,0,0
B000605,AED,Line 3,2025-10-05,Team D,21.15,35.15,350,53.7,8.77,99.29,6.74,147.2,84.15,92.81,Pass,No,None,None,Oct-25,0,0,0,0,0,0,0
B000606,AED,Line 1,2024-09-15,Team C,21.9,39.5,305,43.6,7.32,98.99,7.02,142.5,84.41,92.3,Pass,No,None,None,Sep-24,0,0,0,0,0,0,0
B000607,AED,Line 1,2025-05-24,Team C,23.73,36.49,312,49.6,7.4,99.3,6.9,128.6,85.85,93.63,Pass,No,None,None,May-25,0,0,0,0,0,0,0
B000608,Antidepressant,Line 1,2024-12-19,Team A,21.28,39.83,316,45.9,6.71,99.37,6.84,130.4,87.18,94.13,Pass,No,None,None,Dec-24,0,0,0,0,0,0,0
B000609,COX-2 Inhibitor,Line 1,2024-03-19,Team B,21.96,41.03,333,27.1,5.26,99.47,6.67,99.7,92.78,95.24,Pass,No,None,None,Mar-24,0,0,0,0,0,0,0
B000610,GLP-1 Agonist,Line 1,2024-06-11,Team C,21.49,40.45,264,42.7,7.8,99.05,6.95,133.8,92.32,94.56,Pass,No,None,None,Jun-24,0,0,0,0,0,0,0
B000611,COX-2 Inhibitor,Line 2,2025-06-30,Team D,21.86,49.2,365,30.3,6.46,99.39,6.72,117.4,88.96,94.28,Pass,Yes,Process,Minor,Jun-25,0,0,0,0,0,0,0
B000612,COX-2 Inhibitor,Line 1,2025-05-16,Team A,23.16,46.38,322,27.2,5.64,99.21,6.77,104.7,84.89,94.95,Pass,No,None,None,May-25,0,0,0,0,0,0,0
B000613,AED,Line 2,2025-01-15,Team A,21.4,35.89,318,49.8,7.44,98.62,,137.7,87.26,93.19,Pass,No,None,None,Jan-25,0,0,0,1,0,0,1
B000614,AED,Line 3,2025-07-24,Team C,22.29,47.04,289,56.9,7.99,98.66,7,142.2,83.05,93.09,Pass,No,None,None,Jul-25,0,0,0,0,0,0,0
B000615,GLP-1 Agonist,Line 2,2025-05-20,Team B,20.5,40.56,311,45.6,7.37,98.88,6.81,133.5,90.14,93.23,Pass,No,None,None,May-25,0,0,0,0,0,0,0
B000616,COX-2 Inhibitor,Line 3,2024-09-05,Team D,21.14,42.51,326,44.2,6.73,99.15,6.71,137.3,87.21,95.11,Pass,No,None,None,Sep-24,0,0,0,0,0,0,0
B000617,COX-2 Inhibitor,Line 2,2024-08-02,Team A,22.33,42.89,320,46.2,7.11,99.26,6.86,122.8,85.56,95.14,Pass,No,None,None,Aug-24,0,0,0,0,0,0,0
B000618,GLP-1 Agonist,Line 1,2025-11-21,Team B,20.32,41.02,303,48.1,7.68,98.73,7.1,139.3,83.75,94.61,Pass,No,None,None,Nov-25,0,0,0,0,0,0,0
B000619,Antidepressant,Line 1,2025-12-11,Team A,23.14,38.54,307,40.9,6.64,99.69,6.75,111,89.58,93.94,Pass,No,None,None,Dec-25,0,0,0,0,0,0,0
B000620,Antidepressant,Line 3,2024-01-23,Team C,20.85,41.09,310,42.1,6.88,99.08,7.09,132.2,86.77,93.93,Pass,No,None,None,Jan-24,0,0,0,0,0,0,0
B000621,COX-2 Inhibitor,Line 2,2025-08-01,Team D,21.72,48.92,343,40,6.6,99.08,6.73,116.3,91.58,95.75,Pass,Yes,Process,Major,Aug-25,0,0,0,0,0,0,0
B000622,GLP-1 Agonist,Line 1,2024-04-07,Team A,21.81,36.48,314,52.8,8.48,98.8,6.91,150,84.67,93.96,Pass,No,None,None,Apr-24,0,0,0,0,0,0,0
B000623,AED,Line 2,2025-09-21,Team B,21.36,38.85,300,46.5,7.47,98.76,6.68,120.5,89.53,94.15,Pass,No,None,None,Sep-25,0,0,0,0,0,0,0
B000624,GLP-1 Agonist,Line 3,2025-03-06,Team D,20.36,39.69,282,51.9,8.15,98.9,6.92,147,81.67,92.22,Pass,No,None,None,Mar-25,0,0,0,0,0,0,0
B000625,AED,Line 2,2025-05-17,Team A,23.33,38.35,315,43.7,7.42,99.01,7.06,110.7,83.11,94.22,Pass,No,None,None,May-25,0,0,0,0,0,0,0
B000626,GLP-1 Agonist,Line 2,2025-05-27,Team D,20.75,31.39,310,38.2,8.21,99.05,6.8,137.9,89.28,91.46,Pass,No,None,None,May-25,0,0,0,0,0,0,0
B000627,AED,Line 3,2025-03-18,Team D,21.65,42.28,341,51.4,8.15,99.43,6.72,135.3,84.22,92.49,Failed,No,None,None,Mar-25,0,0,0,0,0,0,0
B000628,Antidepressant,Line 3,2024-07-02,Team A,21.84,49.24,301,36.4,7.3,98.92,7.01,,87.82,95.71,Pass,No,None,None,Jul-24,0,0,0,0,1,0,1
B000629,COX-2 Inhibitor,Line 2,2025-08-13,Team A,23.03,42.81,334,40.4,7.04,99.12,6.76,115.5,86.04,94.25,Pass,No,None,None,Aug-25,0,0,0,0,0,0,0
B000630,AED,Line 1,2025-02-09,Team C,22.15,44.89,336,49.2,7.36,99.18,7.04,124.4,83.86,94.32,Pass,No,None,None,Feb-25,0,0,0,0,0,0,0
B000631,AED,Line 1,2025-02-02,Team A,21.18,33.35,351,38.7,7.18,99.1,6.73,121.7,89.53,93.55,Pass,No,None,None,Feb-25,0,0,0,0,0,0,0
B000632,AED,Line3,2024-08-20,Team C,21.56,46.19,297,43.2,7.32,99.06,6.84,132.8,86.69,92.2,Pass,No,None,None,Aug-24,0,0,0,0,0,0,0
B000633,Antidepressant,LINE 2,2024-01-08,TEAM A,21.83,42.47,307,53.7,6.56,98.72,6.78,139.6,83.27,91.18,Pass,Yes,Process,Minor,Jan-24,0,0,0,0,0,0,0
B000634,GLP-1 Agonist,LINE 2,2025-02-09,Team C,22.06,36.68,307,47.6,7.97,98.6,6.99,141.6,87.52,93.34,Pass,No,None,None,Feb-25,0,0,0,0,0,0,0
B000635,Antidepressant,Line 2,2024-09-09,Team B,21.12,42.9,310,35.3,6.96,99.12,6.8,113.1,91.49,91.29,Pass,No,None,None,Sep-24,0,0,0,0,0,0,0
B000636,Antidepressant,Line 1,2025-04-26,Team C,23.51,42.85,306,45.4,6.96,98.98,6.86,143.9,87.15,96.48,Pass,No,None,None,Apr-25,0,0,0,0,0,0,0
B000637,COX-2 Inhibitor,Line 3,2024-09-23,Team D,21.93,37.7,344,35.3,7.42,99,6.57,121.5,91.1,94.06,Pass,No,None,None,Sep-24,0,0,0,0,0,0,0
B000638,COX-2 Inhibitor,Line 1,2025-12-12,TEAM B,22.49,44.66,368,26.4,5.8,99.18,6.79,104.3,88.88,92.92,Pass,No,None,None,Dec-25,0,0,0,0,0,0,0
B000639,COX-2 Inhibitor,Line 3,2025-05-12,Team C,21.63,48.99,316,41.4,6.09,99.13,6.8,126.6,89.07,95.75,Pass,No,None,None,May-25,0,0,0,0,0,0,0
B000640,AED,Line 2,2024-11-29,Team C,20.83,42.86,342,40,6.74,98.8,6.83,130,87.96,93.15,Pass,No,None,None,Nov-24,0,0,0,0,0,0,0
B000641,COX-2 Inhibitor,Line 1,2025-06-01,Team D,21.84,38.66,330,38.8,5.78,99.11,6.67,117,87.12,96.12,Pass,No,None,None,Jun-25,0,0,0,0,0,0,0
B000642,AED,Line 1,2025-04-18,Team A,21.07,43.11,321,40.5,7.33,99.07,6.87,124.2,92.32,93.04,Pass,No,None,None,Apr-25,0,0,0,0,0,0,0
B000643,Antidepressant,Line 3,2025-03-29,Team A,21.69,46.27,349,47.4,7.12,98.72,6.94,140,86.94,93.54,Pass,No,None,None,Mar-25,0,0,0,0,0,0,0
B000644,Antidepressant,Line 1,2025-02-26,Team B,,35.87,326,43,7.58,99.04,6.81,141.3,86.52,95.95,Pass,No,None,None,Feb-25,1,0,0,0,0,0,1
B000645,COX-2 Inhibitor,Line 1,2025-11-12,Team C,23.02,45.89,335,22.8,6.6,99.27,6.82,89,91.79,91.75,Pass,No,None,None,Nov-25,0,0,0,0,0,0,0
B000645,COX-2 Inhibitor,Line 1,2025-11-12,Team C,23.02,45.89,335,22.8,6.6,99.27,6.82,89,91.79,91.75,Pass,No,None,None,Nov-25,0,0,0,0,0,0,0
B000646,AED,Line 3,2024-08-20,Team D,21.21,40.61,328,48.6,7.27,99,6.68,146,83.84,93.93,Pass,No,None,None,Aug-24,0,0,0,0,0,0,0
B000647,Antidepressant,Line 2,2024-11-12,Team B,21.33,43.21,317,40.4,6.5,98.95,6.7,125.3,85.44,91.68,Pass,No,None,None,Nov-24,0,0,0,0,0,0,0
B000648,GLP-1 Agonist,Line 2,2024-07-03,Team A,21.21,37.18,309,55.8,8.37,98.72,6.85,146.8,83.31,93.58,Pass,No,None,None,Jul-24,0,0,0,0,0,0,0
B000649,COX-2 Inhibitor,Line 1,2025-02-20,Team C,23.24,40.16,336,40.2,7.21,98.91,6.58,131.7,87.77,94.45,Pass,No,None,None,Feb-25,0,0,0,0,0,0,0
B000650,Antidepressant,Line 3,2025-12-23,Team C,22.16,49.62,336,46.7,6.41,98.91,6.85,106.8,84.79,93.51,Pass,No,None,None,Dec-25,0,0,0,0,0,0,0
B000651,GLP-1 Agonist,Line 1,2025-03-20,Team B,21.43,32.95,275,44.1,7.82,99.62,6.98,142.6,89.46,93,Pass,No,None,None,Mar-25,0,0,0,0,0,0,0
B000652,AED,Line 1,2024-05-31,Team A,20.73,46.43,297,40.7,5.94,99.12,7.05,138.5,,92.6,Pass,No,None,None,May-24,0,0,0,0,0,1,1
B000653,COX-2 Inhibitor,Line 1,2025-11-04,Team D,21.64,51.66,315,36.9,6.26,98.69,6.79,111,87.15,94.09,Pass,No,None,None,Nov-25,0,0,0,0,0,0,0
B000654,Antidepressant,Line 1,2025-07-31,Team D,21.04,45.43,319,39,7.5,99.27,6.92,110.4,85.93,95.07,Pass,No,None,None,Jul-25,0,0,0,0,0,0,0
B000655,AED,Line 1,2024-11-17,Team C,22.78,37.34,287,52.4,9.21,98.84,6.87,149.9,82.86,93.81,Pass,No,None,None,Nov-24,0,0,0,0,0,0,0
B000656,GLP-1 Agonist,Line 1,2024-04-17,Team C,21.9,33.59,288,47.2,7.64,99.03,6.87,121.6,88.41,92.62,Pass,No,None,None,Apr-24,0,0,0,0,0,0,0
B000657,AED,Line 1,2024-10-21,Team B,21.15,40.24,295,38.3,6.38,98.88,7.01,129.1,88.78,93.92,Pass,No,None,None,Oct-24,0,0,0,0,0,0,0
B000658,GLP-1 Agonist,Line 2,2025-08-10,Team B,21.08,40.79,327,42.4,7.32,99.49,6.9,144.5,88.22,93.19,Pass,No,None,None,Aug-25,0,0,0,0,0,0,0
B000659,COX-2 Inhibitor,Line 3,2025-02-25,Team A,21.88,44.13,322,44.8,7.22,98.82,6.74,128.7,,93.3,Pass,No,None,None,Feb-25,0,0,0,0,0,1,1
B000660,GLP-1 Agonist,Line 1,2024-05-15,Team A,20.84,33.64,277,47.1,7.4,,6.75,142.4,,92.15,Pass,No,None,None,May-24,0,0,1,0,0,1,2
B000661,Antidepressant,LINE 1,2024-04-25,Team B,,37.64,324,40.8,6.45,98.96,6.61,121.8,91.46,94.75,Pass,No,None,None,Apr-24,1,0,0,0,0,0,1
B000662,AED,Line 3,2025-12-07,Team B,21.58,39.94,345,51.3,7.64,99.21,6.71,141,83.88,93.26,Pass,No,None,None,Dec-25,0,0,0,0,0,0,0
B000663,Antidepressant,Line 3,2024-11-22,Team A,23.56,41.1,318,38.5,7.44,99.12,6.67,118.6,85.63,93.76,Pass,No,None,None,Nov-24,0,0,0,0,0,0,0
B000664,Antidepressant,Line 3,2025-05-16,Team D,22.94,51.92,319,30.2,6.84,99.24,6.96,113.9,90.34,91.66,Pass,No,None,None,May-25,0,0,0,0,0,0,0
B000665,GLP-1 Agonist,Line 1,2024-09-20,Team B,22.48,35.33,323,43.3,7.15,99.19,6.86,135,87.16,93.51,Pass,No,None,None,Sep-24,0,0,0,0,0,0,0
B000666,COX-2 Inhibitor,Line 2,2024-03-06,Team C,23,,356,39.3,6.28,99.02,6.61,106.3,88.77,96.43,Pass,No,None,None,Mar-24,0,1,0,0,0,0,1
B000667,AED,Line 1,2024-10-28,Team B,21.48,38.33,323,43.6,7.02,99.88,6.81,134.2,89.48,93.38,Pass,No,None,None,Oct-24,0,0,0,0,0,0,0
B000668,AED,Line 1,2025-05-21,Team B,22.25,47.18,305,35.4,6.41,99.07,7.19,101,88.96,92.45,Pass,No,None,None,May-25,0,0,0,0,0,0,0
B000669,GLP-1 Agonist,Line 2,2024-08-31,Team D,21.24,39.79,308,53.6,7.61,98.78,6.83,146.4,85.38,95.69,Pass,No,None,None,Aug-24,0,0,0,0,0,0,0
B000670,GLP-1 Agonist,Line 2,2025-03-17,Team C,22.72,35.52,276,48.9,8.19,99.02,6.75,143.9,88.53,93.69,Pass,No,None,None,Mar-25,0,0,0,0,0,0,0
B000671,Antidepressant,Line 2,2024-11-16,Team D,22.3,40.19,309,44.1,6.95,99.28,6.67,120.5,87.9,92.9,Pass,No,None,None,Nov-24,0,0,0,0,0,0,0
B000672,COX-2 Inhibitor,Line 2,2024-09-03,Team B,22.7,39.04,366,40.3,5.72,99.37,6.65,109.7,89.37,94.28,Pass,No,None,None,Sep-24,0,0,0,0,0,0,0
B000673,AED,Line 1,2024-07-05,Team B,21.9,45.48,338,37.9,7.61,99.09,7.01,121.3,85.17,92.36,Pass,No,None,None,Jul-24,0,0,0,0,0,0,0
B000674,COX-2 Inhibitor,Line 2,2024-07-09,Team B,23.81,56.42,348,39.7,6.89,99.19,6.99,126.1,96.58,95.38,Pass,No,None,None,Jul-24,0,0,0,0,0,0,0
B000675,COX-2 Inhibitor,Line 3,2024-07-05,Team C,21.42,45.75,305,44.5,6.42,99.37,6.87,128.1,83.73,94.13,Pass,No,None,None,Jul-24,0,0,0,0,0,0,0
B000676,GLP-1 Agonist,Line 3,2025-06-09,Team B,22.88,39.54,278,54.8,8.19,98.64,6.95,135.1,82.99,91.32,Pass,No,None,None,Jun-25,0,0,0,0,0,0,0
B000677,AED,Line 1,2024-09-03,Team B,21.66,40.68,303,49,7,99.62,6.83,133.7,85.03,95.94,Pass,No,None,None,Sep-24,0,0,0,0,0,0,0
B000678,GLP-1 Agonist,Line 2,2025-06-25,Team A,20.45,33.28,297,49.8,8.24,99.6,7.07,142.8,90.01,93.3,Pass,No,None,None,Jun-25,0,0,0,0,0,0,0
B000679,Antidepressant,Line 1,2024-08-15,Team C,21.44,45.67,297,32.4,6.46,99.28,6.52,120.3,88.4,92.74,Pass,No,None,None,Aug-24,0,0,0,0,0,0,0
B000680,GLP-1 Agonist,Line 1,2024-08-27,Team C,20.26,43.4,296,47.9,7.76,98.93,7.03,129.1,86.99,92.37,Pass,No,None,None,Aug-24,0,0,0,0,0,0,0
B000681,Antidepressant,Line 3,2025-11-06,Team C,22.49,39.67,352,37.2,7.08,99.1,6.82,125.5,87.02,92.56,Pass,No,None,None,Nov-25,0,0,0,0,0,0,0
B000682,Antidepressant,Line 1,2025-10-02,Team D,21.22,48.07,327,48.1,6.4,98.94,7.12,137.5,84.62,92.49,Pass,No,None,None,Oct-25,0,0,0,0,0,0,0
B000683,Antidepressant,Line 2,2024-10-19,Team D,22.13,42.11,324,48.2,7.99,99.02,6.6,135.4,87.84,93.4,Pass,No,None,None,Oct-24,0,0,0,0,0,0,0
B000684,GLP-1 Agonist,Line 2,2024-07-15,Team D,22.35,,282,42.8,7.98,98.23,6.98,139.2,85.06,91.58,Pass,No,None,None,Jul-24,0,1,0,0,0,0,1
B000685,COX-2 Inhibitor,Line 1,2025-06-07,Team A,22,44.48,310,36.7,6.15,99.59,6.57,131.9,89.68,96.18,Pass,No,None,None,Jun-25,0,0,0,0,0,0,0
B000686,GLP-1 Agonist,Line 1,2024-02-21,Team D,21.3,39.11,278,49.4,7.95,99.29,6.74,140.5,87.13,92.89,Failed,No,None,None,Feb-24,0,0,0,0,0,0,0
B000687,GLP-1 Agonist,Line 2,2024-11-29,Team B,20.52,35.23,270,53,8.51,98.55,6.87,135.1,89,93.62,Pass,No,None,None,Nov-24,0,0,0,0,0,0,0
B000688,AED,Line 3,2025-03-14,Team B,21.51,43.27,316,37.3,7.41,99.21,,119.5,85.01,93.15,Pass,No,None,None,Mar-25,0,0,0,1,0,0,1
B000689,COX-2 Inhibitor,Line2,2025-05-08,Team B,24.43,47.21,347,24.8,7,99.04,6.92,111.6,90.73,93.62,Pass,No,None,None,May-25,0,0,0,0,0,0,0
B000690,GLP-1 Agonist,Line 2,2024-03-19,Team B,22.08,37.46,283,48.2,9.41,,6.87,126.4,85.42,94.54,Pass,No,None,None,Mar-24,0,0,1,0,0,0,1
B000691,GLP-1 Agonist,Line 1,2024-01-03,Team D,21.3,42.2,303,34.1,7.24,99.05,7.08,125.5,88.51,93.59,Pass,No,None,None,Jan-24,0,0,0,0,0,0,0
B000692,AED,Line 2,2024-07-21,Team C,21.34,38.59,341,45.9,7.01,98.56,6.83,136,92.19,93.08,Pass,No,None,None,Jul-24,0,0,0,0,0,0,0
B000693,Antidepressant,Line 1,2024-03-28,Team D,21.97,,355,45.3,6.57,99.04,6.93,137.8,87.03,95.39,Pass,No,None,None,Mar-24,0,1,0,0,0,0,1
B000694,GLP-1 Agonist,Line 2,2025-01-05,Team D,21.6,,314,54.8,6.82,98.92,7.13,130.1,78.93,92.77,Pass,Yes,Equipment,Minor,Jan-25,0,1,0,0,0,0,1
B000695,AED,Line 3,2025-11-03,Team B,21.49,37.99,312,42.1,8.23,99.06,6.82,131.2,86.49,94.67,Pass,No,None,None,Nov-25,0,0,0,0,0,0,0
B000696,GLP-1 Agonist,Line 2,2024-07-28,Team C,21.9,38.88,313,48.9,7.64,98.55,7.08,139.2,85.28,93.48,Pass,No,None,None,Jul-24,0,0,0,0,0,0,0
B000697,COX-2 Inhibitor,Line 1,2024-11-27,Team C,21.78,47.66,364,41.6,7.21,99.25,6.64,120.8,87.82,96.19,Pass,No,None,None,Nov-24,0,0,0,0,0,0,0
B000698,COX-2 Inhibitor,Line 1,2024-06-06,Team B,21.78,36.7,304,31.5,6.97,99.58,6.7,114.7,88.58,92.87,Pass,No,None,None,Jun-24,0,0,0,0,0,0,0
B000699,COX-2 Inhibitor,Line 1,2024-02-02,Team C,22.78,37.65,367,43,6.18,99.36,6.76,121.2,85.19,93.42,Pass,No,None,None,Feb-24,0,0,0,0,0,0,0
B000700,GLP-1 Agonist,Line 2,2025-05-29,Team C,20.62,39.65,290,48.5,7.31,98.89,7.08,152.1,90.36,92.77,Pass,No,None,None,May-25,0,0,0,0,0,0,0
B000701,Antidepressant,Line 3,2024-07-06,Team D,22.55,52.67,310,40.2,8.25,99.64,6.82,137.3,88.43,94.05,Pass,No,None,None,Jul-24,0,0,0,0,0,0,0
B000702,GLP-1 Agonist,Line 1,2025-02-03,Team D,21.49,36.64,294,48.8,7.79,98.73,6.89,157.8,85.44,93.72,Pass,No,None,None,Feb-25,0,0,0,0,0,0,0
B000703,Antidepressant,Line 2,2025-05-14,Team C,20.63,44.48,326,40.2,6.58,99.3,6.87,124.9,92.7,93.55,Pass,No,None,None,May-25,0,0,0,0,0,0,0
B000704,AED,Line 3,2025-09-05,Team D,21.88,45.3,295,49.8,7.24,98.99,7,132.1,83.63,91.97,Pass,No,None,None,Sep-25,0,0,0,0,0,0,0
B000705,GLP-1 Agonist,Line 1,2024-05-15,Team A,20.24,37.05,295,46,7.65,99.58,6.94,127.9,87.68,92.69,Pass,No,None,None,May-24,0,0,0,0,0,0,0
B000706,COX-2 Inhibitor,Line 1,2025-02-28,Team D,23.02,43.81,349,39.2,7.47,99.26,6.9,114.2,86.03,93.32,Pass,No,None,None,Feb-25,0,0,0,0,0,0,0
B000707,AED,Line 1,2025-10-27,team b,21.61,41.76,319,40.6,7.52,99.18,6.74,,89.45,93.39,Pass,No,None,None,Oct-25,0,0,0,0,1,0,1
B000708,AED,Line 3,2024-12-19,Team B,23.19,42.21,322,41.3,7.62,99.07,6.87,137.7,84.56,93.25,Failed,No,None,None,Dec-24,0,0,0,0,0,0,0
B000709,GLP-1 Agonist,Line 2,2024-01-30,Team D,22.3,31.69,294,48.9,8.71,98.73,6.64,145.9,86.57,93.87,Pass,No,None,None,Jan-24,0,0,0,0,0,0,0
B000710,GLP-1 Agonist,Line 3,2024-07-09,team b,20.7,39.88,312,44.6,8.8,98.68,7.04,132,90.31,92.85,Failed,No,None,None,Jul-24,0,0,0,0,0,0,0
B000711,AED,Line 3,2025-08-03,Team D,20.28,48.5,334,49.9,8.01,98.83,7.06,129.9,85.72,95.15,Pass,No,None,None,Aug-25,0,0,0,0,0,0,0
B000712,COX-2 Inhibitor,Line 3,2025-08-02,Team B,21.93,43.29,358,41.8,8.61,99.41,7.12,140.6,82.9,95.23,Pass,No,None,None,Aug-25,0,0,0,0,0,0,0
B000713,AED,Line 3,2024-08-17,Team B,20.88,49.45,323,42.3,7.42,98.95,7.13,,86.97,94.34,Pass,No,None,None,Aug-24,0,0,0,0,1,0,1
B000714,aed,line 3,2024-05-23,Team B,23.17,46.9,332,47.7,8.35,98.8,7.01,147,86.98,93.91,Pass,No,None,None,May-24,0,0,0,0,0,0,0
B000715,AED,Line 3,2024-08-01,Team B,21.79,43.7,331,42.3,7.34,99.33,6.96,134.1,88.87,94.1,Failed,No,None,None,Aug-24,0,0,0,0,0,0,0
B000716,Antidepressant,Line 3,2024-06-26,Team D,22.7,38.86,368,34.7,7.59,98.54,6.71,115.7,,92.9,Pass,No,None,None,Jun-24,0,0,0,0,0,1,1
B000717,COX-2 Inhibitor,Line 3,2025-06-25,Team A,22.29,40.57,362,35.2,6.72,98.82,6.69,107.8,92.26,94.57,Pass,No,None,None,Jun-25,0,0,0,0,0,0,0
B000718,Antidepressant,Line 3,2025-09-07,Team C,21.87,34.65,318,42.2,7.61,98.48,6.72,121.4,87.07,96.61,Pass,No,None,None,Sep-25,0,0,0,0,0,0,0
B000719,COX-2 Inhibitor,Line 3,2024-02-04,Team D,22.48,41.66,324,42.4,8.42,99.5,6.46,127.2,86.16,94.1,Pass,No,None,None,Feb-24,0,0,0,0,0,0,0
B000720,AED,Line 2,2025-06-25,Team B,22.63,44.73,310,44.8,7.82,98.9,6.96,122.9,84.27,92.68,Pass,Yes,Environmental,Minor,Jun-25,0,0,0,0,0,0,0
B000721,GLP-1 Agonist,Line 2,2025-07-04,TEAM C,21.73,48.58,294,52,8.2,99.06,7.11,156,83.79,93.6,Pass,No,None,None,Jul-25,0,0,0,0,0,0,0
B000722,GLP-1 Agonist,Line 2,2025-03-24,Team B,20.71,42.64,309,42.6,7.19,98.87,7.22,133.6,87.72,93.58,Pass,No,None,None,Mar-25,0,0,0,0,0,0,0
B000723,Antidepressant,Line 3,2025-09-28,Team A,23.22,37.68,307,40.4,7.4,99.38,6.72,132.6,84.72,94.35,Failed,No,None,None,Sep-25,0,0,0,0,0,0,0
B000724,AED,Line 2,2024-01-29,Team C,21.58,36.8,336,54,7.06,99.03,6.73,143.1,83.03,90.43,Pass,No,None,None,Jan-24,0,0,0,0,0,0,0
B000725,Antidepressant,Line 3,2025-05-26,Team D,21.66,40.97,295,31.9,7.48,99.2,6.82,134.9,90.46,94.13,Pass,No,None,None,May-25,0,0,0,0,0,0,0
B000726,Antidepressant,Line 3,2024-04-03,Team C,19.88,46.06,291,41,7.79,99.13,6.87,122.8,86.16,94.53,Pass,No,None,None,Apr-24,0,0,0,0,0,0,0
B000727,Antidepressant,Line 3,2025-10-17,Team B,22.48,40.9,318,36.6,7.06,99.16,6.77,124.6,89.18,93.15,Pass,No,None,None,Oct-25,0,0,0,0,0,0,0
B000728,Antidepressant,Line 1,2024-12-31,Team A,22.08,44.71,305,40.9,7.88,99.53,6.69,111.6,86.4,96.17,Failed,No,None,None,Dec-24,0,0,0,0,0,0,0
B000729,GLP-1 Agonist,Line 3,2024-03-07,Team D,21.57,39.09,277,47.1,8.96,98.46,6.94,140.7,86.19,90.78,Pass,Yes,Environmental,Minor,Mar-24,0,0,0,0,0,0,0
B000730,GLP-1 Agonist,Line 3,2025-06-29,Team D,21.2,43.59,289,51.8,8.37,98.84,6.95,153.3,83.02,92.71,Pass,No,None,None,Jun-25,0,0,0,0,0,0,0
B000731,GLP-1 Agonist,line 3,2025-07-01,Team D,21.07,32.01,286,49.9,8.53,99.09,6.82,143.7,80.87,92.3,Pass,No,None,None,Jul-25,0,0,0,0,0,0,0
B000732,Antidepressant,Line 3,2024-12-05,Team B,21.72,50.02,320,36.3,6.83,98.96,7.01,144.2,90.53,95.17,Pass,No,None,None,Dec-24,0,0,0,0,0,0,0
B000733,Antidepressant,Line 2,2024-08-14,Team C,22.35,36.44,309,38.8,6.74,99.05,6.64,128.6,86.75,94.41,Pass,No,None,None,Aug-24,0,0,0,0,0,0,0
B000734,GLP-1 Agonist,Line 2,2024-01-13,Team B,21.98,43.97,290,48,7.21,98.7,7,134.3,85.15,92.55,Pass,No,None,None,Jan-24,0,0,0,0,0,0,0
B000735,Antidepressant,Line 1,2025-10-25,Team A,21.83,40.64,320,45.1,6.84,99.55,6.84,131.2,85.93,95.76,Pass,No,None,None,Oct-25,0,0,0,0,0,0,0
B000736,COX-2 Inhibitor,Line 3,2024-05-14,Team A,23.21,42.42,358,52.9,7.41,99.11,,117.6,86.92,89.45,Pass,Yes,Equipment,Minor,May-24,0,0,0,1,0,0,1
B000737,Antidepressant,Line 1,2025-09-08,Team B,21.94,40.79,346,44.9,6.19,99.8,7.1,119.8,88.22,95.08,Pass,No,None,None,Sep-25,0,0,0,0,0,0,0
B000738,GLP-1 Agonist,Line 3,2025-03-06,Team C,21.12,41.28,303,43.9,8.32,99.04,7.02,126.6,87.32,91.06,Pass,No,None,None,Mar-25,0,0,0,0,0,0,0
B000739,GLP-1 Agonist,Line 3,2025-05-15,Team A,21.65,42.29,304,48,8.71,98.79,6.86,140.5,84.19,92.73,Pass,No,None,None,May-25,0,0,0,0,0,0,0
B000740,GLP-1 Agonist,Line 2,2025-05-22,Team C,20.48,45.29,297,48,7.8,99.03,6.95,,85.59,93.24,Pass,No,None,None,May-25,0,0,0,0,1,0,1
B000741,Antidepressant,Line 1,2025-09-19,Team B,22.17,49.04,329,38.1,5.38,99.02,6.79,133.1,,95.37,Pass,Yes,Material,Minor,Sep-25,0,0,0,0,0,1,1
B000742,Antidepressant,Line 1,2024-01-25,Team D,20.84,43.66,327,44.6,6.95,99.48,6.73,125.9,90.93,97.08,Pass,No,None,None,Jan-24,0,0,0,0,0,0,0
B000743,AED,Line 3,2025-12-25,Team B,21.03,,339,33,6.46,98.5,7.12,115,89.23,89.77,Failed,Yes,Equipment,Major,Dec-25,0,1,0,0,0,0,1
B000744,Antidepressant,Line 2,2024-02-01,Team A,20.49,42.46,286,45,6.77,98.61,6.67,142.4,84.95,94.7,Pass,No,None,None,Feb-24,0,0,0,0,0,0,0
B000745,GLP-1 Agonist,Line 1,2025-12-31,Team B,21.37,45.39,296,44.4,8.47,98.97,7.01,109,87.24,95.7,Pass,No,None,None,Dec-25,0,0,0,0,0,0,0
B000746,GLP-1 Agonist,Line 3,2024-07-10,Team D,22.71,42.14,306,48.9,6.84,99.08,7.14,141.4,84.88,92.45,Pass,No,None,None,Jul-24,0,0,0,0,0,0,0
B000747,GLP-1 Agonist,Line 1,2025-09-10,Team B,21.41,37.25,300,55.1,7.6,99.07,6.87,144.9,80.33,91.81,Pass,No,None,None,Sep-25,0,0,0,0,0,0,0
B000748,GLP-1 Agonist,Line 3,2024-03-02,Team C,21.98,40.91,283,42.6,8.42,99.07,7.06,136.5,82.32,92.54,Pass,No,None,None,Mar-24,0,0,0,0,0,0,0
B000749,AED,Line 1,2024-12-02,Team D,23.56,46.52,292,46.5,6.97,99.04,6.77,135.6,86.58,95.19,Pass,No,None,None,Dec-24,0,0,0,0,0,0,0
B000750,AED,Line 1,2025-01-31,Team B,22.1,43.84,330,49.4,7.02,98.56,6.88,134.1,86.25,94.49,Pass,No,None,None,Jan-25,0,0,0,0,0,0,0
B000751,Antidepressant,Line 1,2025-11-28,Team C,21.43,44.06,306,41.9,8.12,99.16,6.72,129.5,87.36,94.56,Pass,No,None,None,Nov-25,0,0,0,0,0,0,0
B000752,GLP-1 Agonist,LINE 2,2024-03-31,Team A,21.03,44.33,268,39.1,7.7,99.24,7.07,127.6,89.24,91.01,Pass,No,None,None,Mar-24,0,0,0,0,0,0,0
B000753,Antidepressant,Line 2,2024-01-27,Team B,22,41.88,335,49.4,7.77,99.13,6.67,118.3,84.31,94.92,Pass,No,None,None,Jan-24,0,0,0,0,0,0,0
B000754,GLP-1 Agonist,Line 3,2025-04-18,Team B,21.03,25.28,308,48.3,8.43,98.77,7,140.2,82.29,92.32,Pass,No,None,None,Apr-25,0,0,0,0,0,0,0
B000755,COX-2 Inhibitor,Line 2,2024-02-05,Team C,22.08,51.39,338,35.1,6.59,98.95,6.64,107.9,87.41,92.49,Pass,No,None,None,Feb-24,0,0,0,0,0,0,0
B000756,Antidepressant,Line 2,2025-07-22,Team D,22.74,40.51,304,39.3,7.6,99.24,6.91,117.7,86.85,92.58,Pass,No,None,None,Jul-25,0,0,0,0,0,0,0
B000757,GLP-1 Agonist,Line 1,2024-01-29,Team B,31.5,35.88,298,45.9,8.77,99.49,7.01,147,86.25,92.77,Pass,No,None,None,Jan-24,0,0,0,0,0,0,0
B000758,AED,Line 1,2025-12-10,Team B,20.56,38.38,337,37.5,6.11,98.54,6.88,138.7,86.6,94.87,Pass,No,None,None,Dec-25,0,0,0,0,0,0,0
B000759,Antidepressant,Line 3,2025-01-24,Team D,21.39,40.32,291,44.4,7.41,99.21,6.78,139.4,82.25,92.67,Pass,No,None,None,Jan-25,0,0,0,0,0,0,0
B000760,GLP-1 Agonist,Line1,2025-11-24,Team B,21.15,37.19,272,43.7,7.63,98.73,7.15,143.6,81.12,94.79,Pass,No,None,None,Nov-25,0,0,0,0,0,0,0
B000761,COX-2 Inhibitor,Line 3,2024-04-02,Team C,22.95,39.31,329,43.2,6.9,99.32,6.96,124.6,87.74,95.51,Failed,No,None,None,Apr-24,0,0,0,0,0,0,0
B000762,Antidepressant,Line 1,2024-07-18,Team C,22.86,38.59,320,44.8,7.64,99.29,6.72,136.1,85,94.73,Pass,No,None,None,Jul-24,0,0,0,0,0,0,0
B000763,Antidepressant,Line 1,2024-11-28,Team A,24.03,44.65,311,50.9,7.45,98.94,6.86,134.5,81.98,90.46,Pass,No,None,None,Nov-24,0,0,0,0,0,0,0
B000764,Antidepressant,Line 1,2024-01-22,Team D,21.65,52.15,332,40.8,8.02,99.13,6.89,141.7,89.58,93.44,Pass,No,None,None,Jan-24,0,0,0,0,0,0,0
B000765,AED,Line 1,2024-03-16,Team B,21.49,48.1,335,40.6,7.75,99.24,6.85,118.6,91.19,92.99,Pass,No,None,None,Mar-24,0,0,0,0,0,0,0
B000766,Antidepressant,Line 3,2024-08-28,Team C,22.44,47.61,325,35.4,7.87,98.92,6.94,128.8,88.38,95.25,Pass,No,None,None,Aug-24,0,0,0,0,0,0,0
B000767,Antidepressant,Line 2,2025-06-22,Team B,21.49,40.11,330,53.1,6.73,98.75,6.8,122.6,86.3,92.1,Pass,No,None,None,Jun-25,0,0,0,0,0,0,0
B000768,antidepressant,Line 1,2025-06-01,Team D,21.89,42.52,325,44.6,6.65,99.49,6.61,133,88.13,93.64,Pass,No,None,None,Jun-25,0,0,0,0,0,0,0
B000769,Antidepressant,Line 2,2024-03-04,Team C,21.69,44.13,320,38.2,6.47,99.29,6.89,108.1,83.3,94.25,Pass,No,None,None,Mar-24,0,0,0,0,0,0,0
B000770,COX-2 Inhibitor,Line 2,2024-02-13,Team A,20.53,39.7,317,47.3,7.65,99.41,6.7,114.8,88.98,91.93,Pass,No,None,None,Feb-24,0,0,0,0,0,0,0
B000771,Antidepressant,Line 3,2025-04-24,Team A,22.09,39.87,301,51,7.13,98.9,6.7,122.1,88.52,92.82,Pass,No,None,None,Apr-25,0,0,0,0,0,0,0
B000772,COX-2 Inhibitor,Line 3,2024-09-19,Team D,22.36,47.27,316,32.1,6.23,99.35,6.7,118.5,93.51,92.98,Pass,No,None,None,Sep-24,0,0,0,0,0,0,0
B000773,COX-2 Inhibitor,Line 3,2025-08-02,Team C,23.45,48.45,337,34.4,6.21,99.6,6.85,121,88.09,97.38,Pass,No,None,None,Aug-25,0,0,0,0,0,0,0
B000774,AED,Line 3,2024-08-05,Team B,21.8,44.34,319,45.8,9.19,98.9,7.13,155,83.76,92.78,Pass,No,None,None,Aug-24,0,0,0,0,0,0,0
B000775,Antidepressant,Line 3,2024-09-22,Team A,21.06,36.02,294,37.6,7.12,99.2,6.76,123.5,91.18,95.89,Failed,No,None,None,Sep-24,0,0,0,0,0,0,0
B000776,AED,Line 2,2024-06-09,Team A,21.61,42.52,316,44.5,7.57,98.69,7,137.8,87.89,92.82,Pass,No,None,None,Jun-24,0,0,0,0,0,0,0
B000777,COX-2 Inhibitor,Line 3,2024-07-13,Team D,20.93,35.79,324,43.4,6.51,99.08,6.51,125.6,89.35,94.29,Pass,No,None,None,Jul-24,0,0,0,0,0,0,0
B000778,Antidepressant,Line 1,2025-05-31,Team D,21.09,42.38,301,33.4,7.23,98.82,6.76,125.2,88.12,94.04,Pass,No,None,None,May-25,0,0,0,0,0,0,0
B000779,COX-2 Inhibitor,Line 3,2024-12-10,Team B,22.98,44.28,329,41.1,6.08,99.14,6.81,123.9,88.44,94.58,Pass,No,None,None,Dec-24,0,0,0,0,0,0,0
B000780,AED,Line 3,2025-04-26,Team A,21.61,42.65,295,51.9,7.35,,6.75,147.1,82.84,92.81,Pass,Yes,Material,Minor,Apr-25,0,0,1,0,0,0,1
B000781,Antidepressant,Line 1,2024-02-27,Team B,22.69,43.21,331,44.2,6.67,99.17,6.84,117.1,87.59,95.61,Pass,No,None,None,Feb-24,0,0,0,0,0,0,0
B000782,AED,Line 3,2025-01-26,Team A,20.32,46.08,312,46.1,7.81,98.69,7.02,111.1,85.44,94.24,Pass,No,None,None,Jan-25,0,0,0,0,0,0,0
B000783,GLP-1 Agonist,Line 3,2024-12-01,Team C,21.32,41.28,315,45.8,7.64,,6.98,142.6,90.95,92.65,Pass,No,None,None,Dec-24,0,0,1,0,0,0,1
B000784,COX-2 Inhibitor,Line 1,2025-10-27,Team C,22.14,36.99,332,41.6,7.56,99,6.66,104.3,89.56,94.07,Pass,No,None,None,Oct-25,0,0,0,0,0,0,0
B000785,AED,Line 2,2024-11-05,Team D,22.52,42.73,308,38.5,7.35,99.01,6.92,138.5,83.13,92.88,Pass,No,None,None,Nov-24,0,0,0,0,0,0,0
B000786,GLP-1 Agonist,Line 3,2024-03-16,Team B,22,42.05,334,50.8,7.87,98.41,6.93,137.5,84.89,92.56,Failed,Yes,Environmental,Minor,Mar-24,0,0,0,0,0,0,0
B000787,AED,Line 3,2025-05-24,team a,22.28,51.89,286,45.6,8.22,98.85,6.91,123.5,87.09,93.62,Pass,No,None,None,May-25,0,0,0,0,0,0,0
B000788,GLP-1 Agonist,Line 1,2024-04-19,Team A,22.66,38.64,323,54.2,7.8,98.86,6.94,166.6,83.84,92.77,Pass,No,None,None,Apr-24,0,0,0,0,0,0,0
B000789,AED,Line 2,2025-10-26,Team B,21.52,46.75,345,40.8,6.83,98.97,7.13,128.1,85.03,91.87,Pass,No,None,None,Oct-25,0,0,0,0,0,0,0
B000790,COX-2 Inhibitor,LINE 3,2024-10-07,Team C,23.5,47.39,354,36.8,7.4,98.58,6.9,117.6,90.08,93.54,Pass,No,None,None,Oct-24,0,0,0,0,0,0,0
B000791,Antidepressant,Line 1,2025-07-27,Team A,21.22,41.02,314,34.2,5.38,99.32,6.74,126.3,87.29,94.55,Pass,No,None,None,Jul-25,0,0,0,0,0,0,0
B000792,GLP-1 Agonist,Line 1,2025-04-24,Team D,,45.74,326,50.4,8.29,98.79,7.01,147,86.83,90.79,Pass,No,None,None,Apr-25,1,0,0,0,0,0,1
B000793,GLP-1 Agonist,Line 1,2024-12-05,Team B,22.06,46.01,294,45.7,7.33,98.9,7.01,146.6,84.12,94.77,Pass,No,None,None,Dec-24,0,0,0,0,0,0,0
B000794,Antidepressant,Line 1,2025-03-02,Team D,20.87,48.9,307,37.3,6.44,98.5,6.85,109.7,87.68,93.51,Pass,No,None,None,Mar-25,0,0,0,0,0,0,0
B000795,Antidepressant,Line 2,2024-05-13,Team B,22.43,44.29,313,37.8,7.93,98.69,6.87,128.1,90.56,95.91,Pass,No,None,None,May-24,0,0,0,0,0,0,0
B000796,GLP-1 Agonist,Line 2,2024-02-24,Team A,21.58,51.8,290,51,7.61,98.64,,138.6,86.24,94.41,Pass,Yes,Documentation,Minor,Feb-24,0,0,0,1,0,0,1
B000797,Antidepressant,Line 2,2025-07-14,Team A,22.8,38.92,303,34.9,7.28,99.49,7.03,113,89.04,93.08,Pass,No,None,None,Jul-25,0,0,0,0,0,0,0
B000798,Antidepressant,Line 3,2025-12-01,Team C,21.96,52.62,340,36.9,7.33,,6.86,124.3,88.25,93.27,Pass,No,None,None,Dec-25,0,0,1,0,0,0,1
B000799,COX-2 Inhibitor,Line 2,2025-09-22,Team C,22.54,46.84,326,41.9,6.95,99.13,6.85,105.6,88.19,96.34,Pass,No,None,None,Sep-25,0,0,0,0,0,0,0
B000800,COX-2 Inhibitor,Line 1,2024-08-11,Team D,22.88,49.7,339,37.1,6.43,98.8,6.88,125.7,87.42,96.81,Pass,No,None,None,Aug-24,0,0,0,0,0,0,0
B000801,COX-2 Inhibitor,Line 1,2024-09-18,Team D,22,41.4,314,43.3,6.62,98.9,6.65,119.1,84.72,95.68,Pass,No,None,None,Sep-24,0,0,0,0,0,0,0
B000802,GLP-1 Agonist,Line 1,2024-09-19,Team A,20.97,44.22,301,46,8.57,98.97,6.91,132.3,87.61,94.76,Pass,No,None,None,Sep-24,0,0,0,0,0,0,0
B000803,AED,Line 1,2025-05-28,Team B,22.16,51.13,294,44,7.78,99.06,7.07,128.1,90.55,93.08,Pass,No,None,None,May-25,0,0,0,0,0,0,0
B000804,COX-2 Inhibitor,Line 1,2025-03-31,Team A,22.48,37.56,319,38.9,6.36,99.31,6.89,117.1,90.17,95.58,Pass,No,None,None,Mar-25,0,0,0,0,0,0,0
B000805,Antidepressant,Line 1,2025-08-05,Team A,21.69,41.18,318,48.6,6.66,99.6,6.82,139.9,87.37,92.92,Pass,No,None,None,Aug-25,0,0,0,0,0,0,0
B000806,Antidepressant,Line 1,2025-11-21,Team A,21.94,31.29,339,48.2,6.89,99.07,6.54,119.5,84.23,92.61,Pass,No,None,None,Nov-25,0,0,0,0,0,0,0
B000807,COX-2 Inhibitor,Line 2,2024-10-13,Team A,23.7,42.11,348,44.3,7.36,99.19,6.68,120.2,89.49,94.28,Pass,No,None,None,Oct-24,0,0,0,0,0,0,0
B000808,Antidepressant,Line 2,2025-04-29,Team C,21.67,37.92,329,37.5,7.49,98.68,6.6,121.1,,93.44,Pass,No,None,None,Apr-25,0,0,0,0,0,1,1
B000809,GLP-1 Agonist,Line 3,2024-12-31,Team A,21.15,38.91,298,44.1,8.32,98.99,6.96,128.1,87.78,92.36,Pass,No,None,None,Dec-24,0,0,0,0,0,0,0
B000810,AED,Line 3,2025-11-28,Team A,20.52,58.62,309,49.7,6.92,99.16,7.23,137.1,87.83,92.54,Pass,No,None,None,Nov-25,0,0,0,0,0,0,0
B000811,Antidepressant,Line 2,2024-09-15,Team A,21.97,50.59,334,49.6,7.68,98.66,6.85,125,89.83,91.92,Pass,No,None,None,Sep-24,0,0,0,0,0,0,0
B000812,Antidepressant,Line 1,2024-05-17,Team C,22.49,34.8,310,48.4,7.94,99.43,6.3,116.8,84.4,95.79,Pass,No,None,None,May-24,0,0,0,0,0,0,0
B000813,AED,Line 2,2024-10-03,team c,22.43,46.78,330,45.1,7.4,99.3,7,136,83.85,94.38,Pass,No,None,None,Oct-24,0,0,0,0,0,0,0
B000814,COX-2 Inhibitor,Line 1,2025-03-28,Team D,22.58,46.99,362,42,7.83,98.92,6.71,134.7,88.61,93.13,Pass,Yes,Material,Minor,Mar-25,0,0,0,0,0,0,0
B000815,Antidepressant,Line 2,2025-11-27,Team A,22.72,40.31,305,45.1,6.38,99.22,6.68,128.8,85.11,94.38,Pass,No,None,None,Nov-25,0,0,0,0,0,0,0
B000816,AED,Line 2,2025-08-28,Team A,22.35,44.89,302,44.8,7.67,99.37,6.85,130.1,84.32,95.95,Pass,No,None,None,Aug-25,0,0,0,0,0,0,0
B000817,Aed,Line 2,2024-01-14,Team B,22.63,45.38,305,46.1,6.78,98.98,7,130.8,89.19,95.16,Pass,No,None,None,Jan-24,0,0,0,0,0,0,0
B000818,GLP-1 Agonist,Line 1,2025-01-07,Team C,22.24,33.27,274,48.5,8.4,99.25,6.82,133.7,83.68,93.09,Pass,No,None,None,Jan-25,0,0,0,0,0,0,0
B000819,COX-2 Inhibitor,Line 3,2024-04-26,Team A,23.68,37.84,332,35.2,7.19,98.69,6.75,128.9,88.89,93.88,Pass,No,None,None,Apr-24,0,0,0,0,0,0,0
B000820,Antidepressant,Line 3,2024-09-21,Team A,21.87,42.86,343,39.7,8.26,99.22,6.93,126.7,84.22,92.95,Pass,No,None,None,Sep-24,0,0,0,0,0,0,0
B000821,Antidepressant,Line 3,2025-11-21,Team B,21,42.5,301,38.6,7.51,99.23,6.77,105.4,88.14,93.02,Pass,No,None,None,Nov-25,0,0,0,0,0,0,0
B000822,COX-2 Inhibitor,Line 2,2025-12-20,Team A,23,39.46,364,28.2,6.03,98.82,6.6,123.1,93.07,92.71,Pass,No,None,None,Dec-25,0,0,0,0,0,0,0
B000823,GLP-1 agonist,Line 2,2024-04-22,Team B,22.09,36.03,292,48.8,7.56,98.7,6.93,148.3,88.23,91.72,Pass,No,None,None,Apr-24,0,0,0,0,0,0,0
B000824,COX-2 Inhibitor,Line 1,2024-04-13,Team D,23.68,42.55,378,37.8,6.45,99.32,6.69,123.3,91.34,94.96,Pass,No,None,None,Apr-24,0,0,0,0,0,0,0
B000825,AED,Line 3,2025-05-24,Team C,22.76,48.43,303,49.7,7.53,98.76,6.79,110.9,85.38,93.5,Pass,No,None,None,May-25,0,0,0,0,0,0,0
B000826,Antidepressant,Line 2,2024-10-27,Team B,23.46,41.62,317,48.9,7.98,99.36,7.02,131,88.9,93.02,Pass,No,None,None,Oct-24,0,0,0,0,0,0,0
B000827,COX-2 Inhibitor,Line 1,2024-11-12,Team B,22.96,51.11,324,45.3,7.56,99.13,6.92,131.1,88.64,94.45,Pass,No,None,None,Nov-24,0,0,0,0,0,0,0
B000828,Antidepressant,Line 1,2025-09-30,Team D,22.17,38.52,308,48.8,6.41,99.16,6.69,133.2,85.81,95.65,Pass,No,None,None,Sep-25,0,0,0,0,0,0,0
B000829,AED,Line 3,2025-11-03,Team C,20.76,44.97,339,41.3,7.54,98.9,6.71,131.7,87.9,95.4,Pass,No,None,None,Nov-25,0,0,0,0,0,0,0
B000830,Antidepressant,Line 2,2025-10-20,Team C,22.23,40.23,329,33.1,6.72,99.18,6.75,128,91.25,93.04,Pass,No,None,None,Oct-25,0,0,0,0,0,0,0
B000831,COX-2 Inhibitor,Line 2,2025-07-26,Team D,22.09,45.94,359,42.1,6.31,99.35,6.69,123.3,85.04,95.51,Pass,No,None,None,Jul-25,0,0,0,0,0,0,0
B000832,COX-2 Inhibitor,Line 2,2025-12-17,TEAM A,22.66,39.09,316,44.6,7.07,99.36,6.65,134.7,85.18,93.85,Pass,No,None,None,Dec-25,0,0,0,0,0,0,0
B000833,GLP-1 Agonist,Line 2,2025-06-10,Team A,21.54,49.64,312,55.6,8.87,98.66,6.85,145.9,84.02,91.61,Pass,No,None,None,Jun-25,0,0,0,0,0,0,0
B000834,COX-2 Inhibitor,Line 2,2025-10-08,Team B,22.85,34.55,323,39.7,7.15,99.62,6.53,121.1,85.71,93.66,Pass,No,None,None,Oct-25,0,0,0,0,0,0,0
B000835,COX-2 Inhibitor,Line 1,2025-01-30,Team B,22.43,51.58,316,27,6.96,99.23,6.79,118.3,88.26,93.64,Pass,No,None,None,Jan-25,0,0,0,0,0,0,0
B000836,COX-2 Inhibitor,Line 2,2024-02-07,team a,23.2,43.45,344,40,6.28,99.24,6.7,117,87.41,96.12,Pass,Yes,Material,Minor,Feb-24,0,0,0,0,0,0,0
B000837,COX-2 Inhibitor,Line 3,2025-08-19,Team A,20.46,45.76,344,41.6,7.09,99.17,6.73,113,89.94,92.85,Pass,No,None,None,Aug-25,0,0,0,0,0,0,0
B000838,AED,Line 1,2025-11-10,Team D,21.94,50.67,316,50.9,7.08,99.01,7.04,134.2,88.08,93.12,Pass,No,None,None,Nov-25,0,0,0,0,0,0,0
B000839,GLP-1 Agonist,Line 3,2024-08-16,Team C,22.4,44.29,313,57.4,8.61,98.31,7.22,152.3,84.42,91.17,Pass,No,None,None,Aug-24,0,0,0,0,0,0,0
B000840,GLP-1 Agonist,Line 1,2024-11-08,Team C,22.9,36.35,316,53,8.16,99.03,6.85,149.8,85.5,93.17,Pass,No,None,None,Nov-24,0,0,0,0,0,0,0
B000841,Antidepressant,Line 3,2025-02-22,Team A,22.55,45,346,40.3,7.82,99.46,6.74,134.6,92.3,94.45,Pass,No,None,None,Feb-25,0,0,0,0,0,0,0
B000842,AED,Line 2,2025-04-21,Team B,23.06,53.34,294,39.3,7.82,98.85,6.86,126.6,86.53,93.84,Pass,No,None,None,Apr-25,0,0,0,0,0,0,0
B000843,GLP-1 Agonist,Line 2,2025-05-08,Team C,21.63,35.56,327,49.9,8.25,99.01,6.84,139,85.88,95.35,Pass,No,None,None,May-25,0,0,0,0,0,0,0
B000844,GLP-1 Agonist,Line 2,2024-10-15,Team C,21.5,50.59,334,43.6,7.17,98.6,6.96,130.8,85.19,91.73,Pass,No,None,None,Oct-24,0,0,0,0,0,0,0
B000845,Antidepressant,Line 3,2025-09-16,Team C,22.4,43.93,313,50.6,6.91,99.16,6.94,135.7,83.02,91.83,Pass,No,None,None,Sep-25,0,0,0,0,0,0,0
B000846,AED,Line 2,2025-08-17,Team C,21.8,41.83,285,34.6,7.22,98.93,6.89,109.2,91.17,92.63,Pass,No,None,None,Aug-25,0,0,0,0,0,0,0
B000847,GLP-1 Agonist,Line 3,2025-11-19,Team B,20.91,35.53,275,51.6,9.1,99.35,7.02,143.1,84.08,94.29,Pass,No,None,None,Nov-25,0,0,0,0,0,0,0
B000848,COX-2 Inhibitor,Line 3,2025-02-24,Team D,22.11,41.88,332,41.3,7.05,98.92,6.87,148.3,89.34,92.7,Pass,No,None,None,Feb-25,0,0,0,0,0,0,0
B000849,Antidepressant,LINE 1,2024-02-26,Team B,21.17,32.22,356,40.9,6.12,99.14,6.55,110.7,87.66,95.19,Pass,No,None,None,Feb-24,0,0,0,0,0,0,0
B000850,AED,LINE 1,2025-09-10,Team A,22.2,41.92,315,38.9,8.23,98.83,6.86,127.1,90.84,93.17,Pass,No,None,None,Sep-25,0,0,0,0,0,0,0
B000851,Antidepressant,Line 2,2024-02-28,Team D,22.01,40.69,309,30.7,6.87,99.62,6.94,121.7,87.55,93.68,Pass,No,None,None,Feb-24,0,0,0,0,0,0,0
B000852,Antidepressant,Line 1,2024-05-21,Team A,21.73,36.63,308,39.1,6.99,99.13,6.74,127.5,91.09,95.2,Pass,No,None,None,May-24,0,0,0,0,0,0,0
B000853,AED,Line 2,2024-07-27,Team B,21.37,47.74,291,42.2,6.56,98.76,7.05,120.5,89.18,93.79,Pass,No,None,None,Jul-24,0,0,0,0,0,0,0
B000854,AED,Line 2,2024-05-15,Team A,22.18,42.91,331,51.1,7.52,98.38,7.04,140.1,81.65,93.69,Pass,Yes,Documentation,Minor,May-24,0,0,0,0,0,0,0
B000855,Antidepressant,Line 2,2025-06-13,Team A,22.59,38.82,318,36.7,7.19,98.86,6.86,117.7,87.52,93.02,Pass,No,None,None,Jun-25,0,0,0,0,0,0,0
B000856,GLP-1 Agonist,Line 1,2024-11-17,Team B,20.65,38.37,338,50.5,8.16,99.14,6.99,126.9,87.8,94.29,Pass,No,None,None,Nov-24,0,0,0,0,0,0,0
B000857,COX-2 Inhibitor,Line 3,2024-06-09,Team A,21.53,44.78,351,32.4,6.38,99.28,6.91,125,93.01,95.55,Pass,No,None,None,Jun-24,0,0,0,0,0,0,0
B000858,AED,Line 2,2024-01-04,Team B,22.52,44.37,330,47.6,7.36,98.75,6.93,139,87.8,93.88,Pass,No,None,None,Jan-24,0,0,0,0,0,0,0
B000859,GLP-1 Agonist,Line 3,2024-06-07,Team D,20.47,36.5,296,37.2,7.43,98.82,6.98,124.1,86.47,90.85,Pass,No,None,None,Jun-24,0,0,0,0,0,0,0
B000860,GLP-1 Agonist,Line 1,2025-05-21,Team A,21.91,40.63,280,58.5,9.08,99.44,6.96,140.5,81.98,91.74,Pass,No,None,None,May-25,0,0,0,0,0,0,0
B000861,COX-2 Inhibitor,Line 2,2025-08-03,Team D,23.71,42.75,324,36.2,7.03,99.88,6.83,112.7,90.27,95.83,Pass,No,None,None,Aug-25,0,0,0,0,0,0,0
B000862,COX-2 Inhibitor,Line 1,2024-08-04,Team B,23.71,37.3,315,22.6,5.77,99.55,6.55,92.4,90.83,92.7,Pass,No,None,None,Aug-24,0,0,0,0,0,0,0
B000863,AED,Line 3,2024-02-23,Team C,22.35,42.56,331,42.6,6.92,99.38,6.71,137.5,86,92.12,Pass,No,None,None,Feb-24,0,0,0,0,0,0,0
B000864,COX-2 Inhibitor,Line 2,2025-02-11,Team B,23.03,45.9,333,33.2,6.58,99.59,6.84,123,89.07,95.47,Pass,No,None,None,Feb-25,0,0,0,0,0,0,0
B000865,Antidepressant,Line 3,2025-07-26,Team B,23.69,44.86,337,38.9,6.97,99.6,6.72,122.2,89.9,92.79,Pass,No,None,None,Jul-25,0,0,0,0,0,0,0
B000866,AED,Line 1,2024-02-21,Team A,,42.85,317,43,7,98.95,6.78,128.3,91.34,94.63,Pass,No,None,None,Feb-24,1,0,0,0,0,0,1
B000867,AED,Line 2,2025-08-04,Team C,21.45,47.38,310,40.4,6.51,98.67,7.13,129,89.8,91.23,Pass,No,None,None,Aug-25,0,0,0,0,0,0,0
B000868,AED,Line 1,2024-05-04,Team D,22.44,39.1,294,40.5,6.59,99.55,6.97,129.1,87.83,93.82,Pass,No,None,None,May-24,0,0,0,0,0,0,0
B000869,Antidepressant,Line 2,2024-07-07,Team C,21.75,37.26,325,35.6,6.87,98.89,6.69,109.6,86.87,93.49,Pass,No,None,None,Jul-24,0,0,0,0,0,0,0
B000870,Antidepressant,Line 2,2025-03-31,Team C,22.93,40.74,316,46.5,7.01,98.79,6.42,133.8,88.36,91.64,Pass,No,None,None,Mar-25,0,0,0,0,0,0,0
B000871,COX-2 Inhibitor,Line 2,2024-02-07,Team C,22.47,50.49,356,44.6,8.2,98.76,6.89,113.2,91.17,94.41,Pass,No,None,None,Feb-24,0,0,0,0,0,0,0
B000872,Antidepressant,Line 1,2024-08-11,Team B,22.1,42.82,307,40.6,7.28,99.05,6.89,130.2,90.46,93.5,Pass,No,None,None,Aug-24,0,0,0,0,0,0,0
B000873,AED,Line 1,2024-04-11,Team A,21.59,42.62,326,44.9,6.66,98.45,6.97,120.3,87.47,94.58,Pass,No,None,None,Apr-24,0,0,0,0,0,0,0
B000874,GLP-1 Agonist,Line 1,2024-06-05,Team C,21.11,47.72,330,41.8,6.74,98.44,7.14,122,86.04,92.2,Failed,No,None,None,Jun-24,0,0,0,0,0,0,0
B000875,COX-2 Inhibitor,Line 3,2025-07-19,Team D,22.09,41.57,345,38.9,7.2,98.99,6.67,120.8,89,93.1,Pass,No,None,None,Jul-25,0,0,0,0,0,0,0
B000876,AED,Line 2,2024-06-16,Team B,22,55.17,329,46.3,7.13,98.45,7.05,131.6,89.01,92.81,Pass,No,None,None,Jun-24,0,0,0,0,0,0,0
B000877,GLP-1 Agonist,Line 1,2024-02-01,Team D,20.92,37.44,310,46.8,8.49,99.29,6.8,138.1,86.73,92.48,Pass,No,None,None,Feb-24,0,0,0,0,0,0,0
B000878,GLP-1 Agonist,Line 3,2024-06-06,Team D,22.21,34.94,334,51.7,8.43,98.97,6.81,134.9,84.51,93.74,Pass,No,None,None,Jun-24,0,0,0,0,0,0,0
B000879,COX-2 Inhibitor,Line 1,2024-03-04,Team A,22.99,42.17,347,39.7,5.57,99.33,6.74,121,87.18,96.16,Pass,No,None,None,Mar-24,0,0,0,0,0,0,0
B000880,COX-2 Inhibitor,Line 2,2025-03-31,Team C,23.32,41.75,353,32.2,5.84,99.28,6.74,117.8,95.44,96.7,Pass,No,None,None,Mar-25,0,0,0,0,0,0,0
B000881,GLP-1 Agonist,Line 3,2025-12-12,Team C,20.65,35.96,299,55.1,8.03,98.93,7,155.8,82.17,91.39,Pass,No,None,None,Dec-25,0,0,0,0,0,0,0
B000882,COX-2 Inhibitor,Line 3,2024-05-02,Team B,21.23,56.01,326,38.4,7.21,99.25,6.74,122.3,86.17,94.28,Pass,No,None,None,May-24,0,0,0,0,0,0,0
B000883,AED,Line 3,2025-06-16,Team C,21.8,45.59,293,54.7,7.41,99.04,6.75,133.8,85.01,92.35,Pass,No,None,None,Jun-25,0,0,0,0,0,0,0
B000884,GLP1 Agonist,Line 2,2024-09-22,Team D,23.67,42.32,323,50.3,7.96,98.75,6.96,128.7,84.84,92.71,Pass,Yes,Material,Minor,Sep-24,0,0,0,0,0,0,0
B000885,Antidepressant,Line 3,2024-02-22,Team C,22.95,39.69,302,54.3,7.05,98.6,6.64,122.3,87.43,91.55,Pass,No,None,None,Feb-24,0,0,0,0,0,0,0
B000886,GLP-1 Agonist,Line 1,2025-05-17,Team D,21.08,37.11,313,53.5,7.99,99.14,6.95,144.7,87.34,92.89,Pass,No,None,None,May-25,0,0,0,0,0,0,0
B000887,GLP-1 Agonist,Line 3,2024-06-02,Team D,21.82,45.13,307,50.7,8.45,98.47,6.89,149.5,82.23,93.58,Pass,No,None,None,Jun-24,0,0,0,0,0,0,0
B000888,Antidepressant,Line 3,2025-01-10,Team D,22.55,33.62,337,39.5,8.07,99.28,6.82,117.7,86.18,91.59,Pass,No,None,None,Jan-25,0,0,0,0,0,0,0
B000889,Antidepressant,Line 3,2025-01-05,Team D,20.97,36.29,311,39.6,7.4,99.2,6.62,128,85.9,93.38,Pass,No,None,None,Jan-25,0,0,0,0,0,0,0
B000890,COX-2 Inhibitor,Line 1,2025-03-12,Team A,23.53,41.76,326,40.9,6.25,98.78,6.89,118.5,90.2,93.36,Pass,No,None,None,Mar-25,0,0,0,0,0,0,0
B000891,GLP-1 Agonist,Line 1,2024-04-08,Team A,21.37,46.76,307,48.8,8.65,98.92,7.13,145,86.8,93.48,Pass,No,None,None,Apr-24,0,0,0,0,0,0,0
B000892,AED,Line 2,2024-07-02,Team A,21.73,42.13,310,41.8,7.09,99.04,6.78,136.7,86.47,94.14,Pass,No,None,None,Jul-24,0,0,0,0,0,0,0
B000893,Antidepressant,Line 2,2025-06-23,team a,22.02,44.08,298,45.6,7.55,99.1,7.08,108.3,87.53,95.37,Pass,No,None,None,Jun-25,0,0,0,0,0,0,0
B000894,Antidepressant,Line 2,2025-11-12,Team C,22.86,42.14,355,41.2,6.64,99.1,6.83,134.9,85.36,94.07,Pass,No,None,None,Nov-25,0,0,0,0,0,0,0
B000895,COX-2 Inhibitor,Line 3,2024-01-09,Team C,21.93,49.48,326,44.1,7.21,98.87,6.83,126.9,85.67,93.97,Pass,No,None,None,Jan-24,0,0,0,0,0,0,0
B000896,AED,Line 2,2024-10-29,Team B,20.52,36.08,297,39.6,6.67,99.27,6.8,122.7,84.81,91.34,Pass,Yes,Material,Minor,Oct-24,0,0,0,0,0,0,0
B000897,Antidepressant,Line 1,2025-10-06,Team A,22.24,45.68,316,46.5,7.33,98.85,6.91,123.6,87.51,93.2,Pass,No,None,None,Oct-25,0,0,0,0,0,0,0
B000898,Antidepressant,Line 2,2024-07-28,Team C,20.47,41.01,343,44.8,7.54,98.83,6.85,128.4,87.52,94.46,Pass,No,None,None,Jul-24,0,0,0,0,0,0,0
B000899,Antidepressant,Line 1,2024-11-23,Team B,21.77,46.62,281,48.6,6.96,99.23,6.77,125.1,84.65,92.27,Pass,No,None,None,Nov-24,0,0,0,0,0,0,0
B000900,GLP-1 Agonist,Line 1,2025-10-23,Team D,22.39,35.9,321,52.4,7.65,99.24,6.88,132.6,86.14,94.44,Pass,No,None,None,Oct-25,0,0,0,0,0,0,0
B000901,GLP-1 Agonist,Line 1,2025-12-09,Team A,21.93,40.12,284,46.5,7.94,99.1,6.99,130.6,88.59,94.14,Pass,No,None,None,Dec-25,0,0,0,0,0,0,0
B000902,Antidepressant,Line 3,2025-04-24,Team B,22.78,41.49,325,42.6,6.92,98.99,6.86,118.5,85.03,93.33,Pass,No,None,None,Apr-25,0,0,0,0,0,0,0
B000903,Antidepressant,Line 3,2025-05-22,Team A,22.47,36.99,308,52.3,6.88,98.58,6.8,146.7,84.83,90.9,Failed,Yes,Equipment,Minor,May-25,0,0,0,0,0,0,0
B000904,GLP-1 Agonist,Line 2,2025-03-24,Team B,23.31,33.6,336,46.4,7.94,99.39,6.89,138.6,87.12,92.43,Pass,No,None,None,Mar-25,0,0,0,0,0,0,0
B000905,AED,Line 2,2024-07-26,Team D,21.36,41.1,317,49.1,7.38,98.46,6.82,154.4,85.95,92.46,Pass,No,None,None,Jul-24,0,0,0,0,0,0,0
B000906,COX-2 Inhibitor,Line 2,2025-10-10,Team B,22.8,43.65,327,34.9,6.42,99.3,6.65,120.4,86.24,93.29,Pass,No,None,None,Oct-25,0,0,0,0,0,0,0
B000907,GLP-1 Agonist,Line 3,2024-01-25,Team B,21.17,36.22,295,39.3,8.13,99.56,6.77,139.6,,90.08,Pass,No,None,None,Jan-24,0,0,0,0,0,1,1
B000908,Antidepressant,Line 3,2024-02-12,Team B,22.72,40.35,322,36.7,7.53,99.11,6.85,,87.3,93.26,Pass,No,None,None,Feb-24,0,0,0,0,1,0,1
B000909,Antidepressant,Line 2,2025-03-15,Team B,21.95,32.57,323,44.2,6.99,99.31,6.58,125.8,86.92,95.19,Pass,No,None,None,Mar-25,0,0,0,0,0,0,0
B000910,GLP-1 Agonist,Line 3,2025-09-04,Team C,22.79,38.15,308,52.4,7.68,99.01,6.92,144.1,84.33,91.64,Pass,No,None,None,Sep-25,0,0,0,0,0,0,0
B000911,COX-2 Inhibitor,Line 2,2025-08-18,Team D,22.1,48.12,340,39.3,6.29,99.14,6.82,114.3,91.92,95.52,Pass,No,None,None,Aug-25,0,0,0,0,0,0,0
B000912,AED,Line 2,2025-05-10,Team C,22.86,47.53,290,50.3,7.81,99.54,6.98,130.7,85.29,92.88,Pass,No,None,None,May-25,0,0,0,0,0,0,0
B000913,AED,Line 3,2024-10-02,Team C,22.24,43.57,309,48.7,7.85,98.7,6.92,138.7,81.96,93.99,Pass,No,None,None,Oct-24,0,0,0,0,0,0,0
B000914,AED,Line 2,2024-09-20,Team B,21.78,45.22,326,40.7,6.85,98.67,6.84,132.2,87.67,92.57,Pass,No,None,None,Sep-24,0,0,0,0,0,0,0
B000915,AED,Line 2,2024-11-07,Team A,22.21,39.86,303,48.3,6.98,98.92,6.9,121.5,89.96,93.96,Pass,No,None,None,Nov-24,0,0,0,0,0,0,0
B000916,AED,Line 1,2024-07-06,Team C,22,52.12,327,45.9,7.67,99.34,7.01,133.2,,94.46,Pass,No,None,None,Jul-24,0,0,0,0,0,1,1
B000917,Antidepressant,Line 2,2024-11-02,Team D,22.27,52.34,321,38.8,6.77,98.76,6.94,129,87.31,95.73,Pass,No,None,None,Nov-24,0,0,0,0,0,0,0
B000918,Antidepressant,Line 2,2024-03-17,Team C,21.84,42.82,316,44.6,7.5,99.19,6.95,122.7,86.56,94.89,Pass,No,None,None,Mar-24,0,0,0,0,0,0,0
B000919,GLP-1 Agonist,Line 2,2024-08-21,Team A,20.97,52.95,321,48.4,8.3,99.04,7.22,133.3,86.91,93.75,Pass,No,None,None,Aug-24,0,0,0,0,0,0,0
B000920,COX-2 Inhibitor,Line 2,2025-11-18,Team C,22.25,39.6,309,33.7,6.28,,6.6,120.1,88.8,92.75,Pass,No,None,None,Nov-25,0,0,1,0,0,0,1
B000921,Antidepressant,Line 1,2025-05-31,Team D,20.74,35.74,308,40,7.45,99.51,6.69,100.5,85.02,94.05,Pass,No,None,None,May-25,0,0,0,0,0,0,0
B000922,AED,Line 3,2024-04-13,Team A,22.43,40.45,337,54.3,8.05,99.37,7.07,138.9,83.25,91.37,Pass,No,None,None,Apr-24,0,0,0,0,0,0,0
B000923,COX-2 Inhibitor,LINE 2,2024-07-28,Team A,21.57,41.9,373,45.6,7.01,99.28,6.66,139.2,87.19,92.92,Pass,No,None,None,Jul-24,0,0,0,0,0,0,0
B000924,GLP-1 Agonist,Line 3,2024-07-08,Team C,21.34,,341,50.5,7.03,98.61,7.15,118.8,86.12,92.81,Pass,No,None,None,Jul-24,0,1,0,0,0,0,1
B000925,Antidepressant,Line 1,2024-07-24,Team B,,40.59,321,42.3,6.48,99.15,6.86,132.6,86.66,95.24,Pass,No,None,None,Jul-24,1,0,0,0,0,0,1
B000926,Antidepressant,Line 2,2025-05-20,Team C,22.63,37.7,328,33.1,6.18,99.04,6.76,124.9,88.65,93.44,Pass,No,None,None,May-25,0,0,0,0,0,0,0
B000927,Antidepressant,Line 2,2025-10-16,Team C,20.67,37.51,335,50.5,7.12,99.89,6.69,119.2,86.28,94.64,Pass,No,None,None,Oct-25,0,0,0,0,0,0,0
B000928,AED,Line 3,2025-06-03,Team B,,49.7,338,51.2,7.93,98.71,6.93,141.4,83.57,93.42,Pass,No,None,None,Jun-25,1,0,0,0,0,0,1
B000929,COX-2 Inhibitor,Line 1,2024-12-23,Team A,22.84,47.99,346,42.1,6.83,99.22,6.79,129.9,88.05,93.34,Pass,No,None,None,Dec-24,0,0,0,0,0,0,0
B000930,COX-2 Inhibitor,Line 3,2024-04-27,Team C,22.54,40.57,357,27,6.72,98.75,6.76,102.1,91.41,93.2,Pass,No,None,None,Apr-24,0,0,0,0,0,0,0
B000931,GLP-1 Agonist,Line 2,2024-04-14,Team B,22.51,30.62,308,48.2,7.43,99.08,6.99,133,83.05,94.18,Pass,No,None,None,Apr-24,0,0,0,0,0,0,0
B000932,GLP-1 Agonist,Line 2,2025-08-18,Team D,20.88,34.36,309,46.3,8.12,98.94,6.71,138.2,86.68,94.68,Pass,No,None,None,Aug-25,0,0,0,0,0,0,0
B000933,GLP-1 Agonist,Line 2,2025-05-10,Team B,19.96,48.61,283,50.8,8.89,99.02,7.31,149.9,82.81,92.87,Pass,No,None,None,May-25,0,0,0,0,0,0,0
B000934,COX-2 Inhibitor,Line 1,2025-01-08,Team A,,46.44,334,35.5,6.32,99.3,6.73,111.4,87.09,94.89,Pass,No,None,None,Jan-25,1,0,0,0,0,0,1
B000935,COX-2 Inhibitor,Line 2,2025-02-25,team d,22.1,43.33,331,36.7,6.19,99.56,6.83,117.9,87.47,96.25,Pass,No,None,None,Feb-25,0,0,0,0,0,0,0
B000936,Antidepressant,Line 1,2025-09-12,Team C,20.68,51.34,299,44.4,6.71,99.37,6.85,120.7,90.57,94.76,Pass,No,None,None,Sep-25,0,0,0,0,0,0,0
B000937,AED,Line 2,2025-08-17,Team C,21.68,,285,39.7,7.16,98.79,6.88,127.7,83.87,91.43,Pass,No,None,None,Aug-25,0,1,0,0,0,0,1
B000938,Antidepressant,Line 2,2024-03-04,Team D,22.92,41.82,312,38.8,6.6,98.8,6.64,133.4,87.25,92.08,Pass,No,None,None,Mar-24,0,0,0,0,0,0,0
B000939,AED,Line 2,2024-10-15,Team D,20.85,43.91,310,46.1,6.39,,6.89,132.9,86.45,96.16,Pass,Yes,Material,Minor,Oct-24,0,0,1,0,0,0,1
B000940,Antidepressant,Line 1,2024-02-01,Team D,23.75,39.09,322,49.4,6.46,99.18,,126.9,89.24,91.71,Pass,No,None,None,Feb-24,0,0,0,1,0,0,1
B000941,Antidepressant,Line 1,2024-10-08,Team D,21.37,40.58,330,46.4,7.72,99.18,6.78,127.8,91.49,94.01,Pass,No,None,None,Oct-24,0,0,0,0,0,0,0
B000942,AED,Line 1,2025-04-10,Team B,21.87,36.57,318,50.9,8.21,99.16,6.79,126.9,85.01,94.47,Pass,Yes,Environmental,Minor,Apr-25,0,0,0,0,0,0,0
B000943,Antidepressant,Line 1,2024-06-01,Team A,21.09,34.55,315,42.3,7.89,99.08,6.82,116.3,89.12,92.91,Pass,No,None,None,Jun-24,0,0,0,0,0,0,0
B000944,GLP-1 Agonist,Line 2,2024-04-19,Team C,21.53,31.39,284,56.2,8.21,99.46,6.84,155.8,84.01,90.79,Failed,Yes,Documentation,Minor,Apr-24,0,0,0,0,0,0,0
B000945,GLP-1 Agonist,Line 1,2024-12-24,Team D,21.4,45.42,316,38.4,6.92,98.45,7.08,146,87.5,90.65,Pass,No,None,None,Dec-24,0,0,0,0,0,0,0
B000946,Antidepressant,Line 3,2025-01-18,Team D,20.88,34.19,318,54.6,7.55,99.04,7.06,120.1,85.73,94.27,Pass,No,None,None,Jan-25,0,0,0,0,0,0,0
B000947,COX-2 Inhibitor,Line1,2025-06-06,Team C,24.62,52.75,332,48.8,6.16,98.67,6.86,130.8,83.56,95.86,Pass,No,None,None,Jun-25,0,0,0,0,0,0,0
B000948,AED,Line 1,2024-01-11,Team C,21.43,40.35,312,47.5,6.55,98.98,6.79,139.5,86.44,93.19,Pass,No,None,None,Jan-24,0,0,0,0,0,0,0
B000949,AED,Line 3,2024-06-30,Team C,21.43,52.69,302,51.1,8,99.17,7.12,125.7,86.3,93.52,Pass,No,None,None,Jun-24,0,0,0,0,0,0,0
B000950,GLP-1 Agonist,Line 1,2025-07-24,Team A,22.23,38.17,290,46.8,8.05,98.87,7.03,132.9,84.33,93.94,Pass,No,None,None,Jul-25,0,0,0,0,0,0,0
B000951,GLP-1 Agonist,Line 2,2025-05-13,Team A,22.86,32.17,290,45.8,8.8,99.04,6.89,132.5,87.09,92.82,Pass,No,None,None,May-25,0,0,0,0,0,0,0
B000952,Antidepressant,Line 3,2025-10-19,Team A,22.84,48.42,315,39.1,7.2,99.13,6.92,142.5,84.11,92.07,Pass,No,None,None,Oct-25,0,0,0,0,0,0,0
B000953,Antidepressant,Line 3,2025-08-18,Team D,21.1,49.01,332,42.2,6.61,98.89,7.08,142.4,87.56,97.08,Pass,No,None,None,Aug-25,0,0,0,0,0,0,0
B000954,Antidepressant,Line 3,2025-09-05,Team D,22.16,37.47,327,45.6,7.41,99.24,6.89,121.6,89.71,91.74,Failed,No,None,None,Sep-25,0,0,0,0,0,0,0
B000955,AED,Line 1,2025-01-08,Team B,20.39,42.34,343,47.3,7.23,,6.89,118.5,86.1,94.34,Pass,No,None,None,Jan-25,0,0,1,0,0,0,1
B000956,AED,Line 2,2025-12-01,Team B,22.48,39.47,337,54.9,7.38,98.69,6.78,145.1,82.76,91.71,Pass,No,None,None,Dec-25,0,0,0,0,0,0,0
B000957,COX-2 Inhibitor,Line 3,2024-10-31,Team B,21.27,42.4,375,40.1,7.21,99.05,6.76,126.7,84.9,95.76,Pass,No,None,None,Oct-24,0,0,0,0,0,0,0
B000958,GLP-1 Agonist,Line 3,2025-10-22,Team A,20.9,40.54,310,40.3,7.21,99.01,6.9,146.2,87.64,92.85,Pass,Yes,Environmental,Minor,Oct-25,0,0,0,0,0,0,0
B000959,GLP-1 Agonist,Line 1,2024-10-13,Team B,21.5,38.24,310,57,8.19,99.33,7.05,134.8,86.41,91.06,Pass,No,None,None,Oct-24,0,0,0,0,0,0,0
B000960,GLP-1 Agonist,Line 2,2024-11-20,Team B,21.83,30.91,291,41.3,7.92,99.41,6.88,141,86.79,91.43,Pass,No,None,None,Nov-24,0,0,0,0,0,0,0
B000961,GLP-1 Agonist,Line 1,2025-05-16,Team C,21.3,37.1,315,43.9,8.44,99.58,7.25,128.6,85.71,91.27,Pass,No,None,None,May-25,0,0,0,0,0,0,0
B000962,GLP-1 Agonist,Line 1,2024-10-18,Team D,22.64,43.52,288,49.5,8.02,99,7.2,144.7,81.48,93.76,Pass,No,None,None,Oct-24,0,0,0,0,0,0,0
B000963,Antidepressant,Line 3,2024-04-17,Team A,22.54,40.96,294,45.8,8.06,98.95,6.65,129.7,86.99,94.59,Pass,No,None,None,Apr-24,0,0,0,0,0,0,0
B000964,Antidepressant,Line 1,2025-10-17,Team B,22.48,40.36,347,33.1,6.44,99.09,6.71,135.8,88.09,92.9,Pass,No,None,None,Oct-25,0,0,0,0,0,0,0
B000965,AED,Line 2,2024-11-27,Team D,20.88,39.35,293,40.9,6.99,99.02,6.63,132.4,86.05,93.22,Pass,No,None,None,Nov-24,0,0,0,0,0,0,0
B000966,GLP-1 Agonist,Line 1,2025-11-08,Team D,22.77,36.95,308,38.9,8.22,98.84,6.67,128.8,91.2,94.36,Pass,No,None,None,Nov-25,0,0,0,0,0,0,0
B000967,AED,Line 2,2024-10-18,Team D,21.2,51.04,299,48.4,6.67,98.97,7.05,134.8,82.12,94.7,Pass,No,None,None,Oct-24,0,0,0,0,0,0,0
B000968,Antidepressant,Line 1,2025-12-12,Team C,23.3,36.3,340,47.5,6.97,99.27,6.57,128,83.34,95.54,Pass,No,None,None,Dec-25,0,0,0,0,0,0,0
B000969,COX-2 Inhibitor,Line 2,2025-03-16,Team A,24.02,46.6,363,31.3,6.99,98.73,6.97,104.1,90.42,91.44,Pass,No,None,None,Mar-25,0,0,0,0,0,0,0
B000970,ANTIDEPRESSANT,Line 1,2025-07-15,Team D,22.38,42.24,330,46.5,7.04,99.39,6.94,145.5,86.35,94.83,Pass,No,None,None,Jul-25,0,0,0,0,0,0,0
B000971,Antidepressant,Line 3,2025-07-06,Team C,22.77,43.22,342,47.6,7.39,98.51,6.79,145.7,85.25,93.72,Pass,No,None,None,Jul-25,0,0,0,0,0,0,0
B000972,Antidepressant,Line 1,2024-05-27,Team D,19.69,38.34,320,38.4,6.73,99.15,6.71,120.9,89.25,92.92,Pass,No,None,None,May-24,0,0,0,0,0,0,0
B000973,Antidepressant,Line 2,2025-08-19,Team D,21.85,40.24,360,30.1,6.65,99.43,6.95,124.2,90.41,91.39,Pass,No,None,None,Aug-25,0,0,0,0,0,0,0
B000974,AED,Line 1,2025-11-21,Team B,22.63,43.97,328,38.1,7.66,99.12,7.14,143.6,86.1,93.02,Pass,No,None,None,Nov-25,0,0,0,0,0,0,0
B000975,GLP-1 Agonist,Line 1,2025-04-28,Team A,22.19,37.4,284,43.7,8.16,98.86,6.82,146.1,85.47,91.49,Pass,No,None,None,Apr-25,0,0,0,0,0,0,0
B000976,COX-2 Inhibitor,Line 1,2025-11-23,Team C,21.59,44.66,341,45.5,6.87,99.72,6.61,120.5,87.76,93.22,Pass,No,None,None,Nov-25,0,0,0,0,0,0,0
B000977,GLP-1 agonist,Line 1,2025-09-10,Team B,21.28,42.29,297,46.3,8.34,98.79,6.97,136.1,86.66,92.99,Pass,No,None,None,Sep-25,0,0,0,0,0,0,0
B000978,GLP-1 Agonist,Line 1,2025-05-01,Team A,19.6,50.86,295,41.5,7.76,98.27,7.18,118,88.24,93.28,Pass,No,None,None,May-25,0,0,0,0,0,0,0
B000979,GLP-1 Agonist,Line 2,2024-12-14,Team B,21.81,41.39,270,48.8,8.3,99.02,6.93,146.7,84.27,92.59,Pass,No,None,None,Dec-24,0,0,0,0,0,0,0
B000980,Antidepressant,Line 2,2025-09-18,Team D,20.59,32.44,327,33.9,6.15,98.76,6.71,131.7,89.93,92.76,Pass,No,None,None,Sep-25,0,0,0,0,0,0,0
B000981,AED,Line 1,2024-05-15,Team B,22.65,49.82,290,47.8,8.36,98.63,,143.2,88.58,95.18,Pass,No,None,None,May-24,0,0,0,1,0,0,1
B000982,AED,Line 2,2025-02-14,Team B,22.69,42.98,270,39.6,7.23,99.12,6.75,133.7,87.77,91.25,Pass,No,None,None,Feb-25,0,0,0,0,0,0,0
B000983,COX-2 Inhibitor,Line 2,2025-08-19,Team C,22.14,53.06,334,32.4,4.89,98.88,6.81,118.5,89.48,94.47,Pass,No,None,None,Aug-25,0,0,0,0,0,0,0
B000984,GLP-1 Agonist,Line 1,2025-11-21,Team C,21.89,47.35,286,49.1,8.75,98.98,6.91,129.8,85.29,94.04,Pass,No,None,None,Nov-25,0,0,0,0,0,0,0
B000985,Antidepressant,Line 2,2024-07-14,Team B,21.84,39.47,304,51.6,7.34,98.8,6.66,135.8,84.61,93.49,Pass,No,None,None,Jul-24,0,0,0,0,0,0,0
B000986,AED,Line 1,2024-03-09,Team D,21.98,47.61,259,57.1,7.51,99.16,6.95,132.8,,91.76,Pass,No,None,None,Mar-24,0,0,0,0,0,1,1
B000987,GLP-1 Agonist,Line 1,2024-08-31,Team C,20.64,37.03,285,42.3,7.27,,6.84,138.7,86.37,91.53,Pass,No,None,None,Aug-24,0,0,1,0,0,0,1
B000988,Antidepressant,Line 2,2025-09-23,Team A,22.47,42.01,317,37.7,7.09,99.44,6.86,116.3,89.46,95.71,Pass,No,None,None,Sep-25,0,0,0,0,0,0,0
B000989,GLP-1 Agonist,Line 3,2025-01-17,Team B,20.27,43.38,289,52.3,7.81,98.75,7.04,148.1,82.66,91.51,Pass,No,None,None,Jan-25,0,0,0,0,0,0,0
B000990,AED,Line 3,2024-02-10,Team D,20.43,49.57,322,52.9,7.61,99.32,7.05,149.9,84.81,91.26,Pass,No,None,None,Feb-24,0,0,0,0,0,0,0
B000991,cox-2 inhibitor,Line 3,2024-03-28,Team A,22.41,47.48,365,27.6,6.28,98.84,6.75,116.5,89.85,93.11,Pass,No,None,None,Mar-24,0,0,0,0,0,0,0
B000992,COX-2 Inhibitor,Line 2,2024-09-04,Team A,22.34,43.37,349,38.5,6.46,99.69,6.69,122.5,92.52,94.29,Pass,No,None,None,Sep-24,0,0,0,0,0,0,0
B000993,AED,Line 1,2024-09-07,Team C,22,56.42,333,42.3,6.92,98.52,7.07,136.3,89.07,95.21,Pass,No,None,None,Sep-24,0,0,0,0,0,0,0
B000994,Antidepressant,Line 1,2024-04-08,Team B,21.51,40.17,340,31.4,7.1,98.64,6.74,133.5,91.46,92.81,Pass,No,None,None,Apr-24,0,0,0,0,0,0,0
B000995,AED,Line 1,2024-12-27,Team B,23.21,35.96,297,37.6,7.19,99.07,6.86,123.9,90.35,94.55,Pass,No,None,None,Dec-24,0,0,0,0,0,0,0
B000996,GLP-1 Agonist,line 1,2024-12-16,Team B,21.62,32.93,308,44.9,7.91,99.39,6.63,,85.36,93.77,Pass,Yes,Process,Minor,Dec-24,0,0,0,0,1,0,1
B000997,COX-2 Inhibitor,Line 1,2024-05-25,Team A,22.67,50.37,358,38.3,6.95,99.28,6.86,131.8,91.97,95,Pass,No,None,None,May-24,0,0,0,0,0,0,0
B000998,Antidepressant,Line 2,2024-06-18,Team B,22.15,41.62,312,47.5,7.14,99.41,6.69,136.1,87.05,95.03,Pass,No,None,None,Jun-24,0,0,0,0,0,0,0
B000999,AED,Line 1,2025-04-30,Team A,22.55,44.8,301,45.9,6.77,99.17,6.9,112.6,86.73,93.58,Pass,No,None,None,Apr-25,0,0,0,0,0,0,0
B001000,GLP-1 Agonist,Line 1,2025-11-26,TEAM C,21.93,37.29,310,52.2,8.94,98.74,6.74,134.5,82.57,92.66,Pass,No,None,None,Nov-25,0,0,0,0,0,0,0
B001001,Antidepressant,Line 3,2025-12-29,Team C,22.33,39.74,293,42.6,7.88,99.3,6.72,134.6,86.4,94.94,Pass,No,None,None,Dec-25,0,0,0,0,0,0,0
B001002,GLP-1 Agonist,Line 2,2025-02-12,Team D,22.05,36.06,280,44.1,8.55,99,6.94,132.9,82.51,93.1,Pass,No,None,None,Feb-25,0,0,0,0,0,0,0
B001003,Antidepressant,Line 3,2024-01-29,Team A,20.63,44.36,308,42.5,7.94,98.86,6.89,140.7,86.77,93.6,Pass,No,None,None,Jan-24,0,0,0,0,0,0,0
B001004,Antidepressant,Line 1,2025-10-18,Team B,20.66,41.51,328,44.8,6.85,99.19,6.65,143.7,86.22,92.74,Pass,No,None,None,Oct-25,0,0,0,0,0,0,0
B001005,COX-2 Inhibitor,Line 2,2025-11-25,Team B,22.44,45.18,344,42.7,5.47,99.11,6.8,117.2,86.98,94.38,Pass,No,None,None,Nov-25,0,0,0,0,0,0,0
B001006,GLP-1 Agonist,Line 1,2024-07-22,Team C,21.35,41.7,319,47.2,7.1,99.32,7.13,128.1,83.1,92.8,Pass,No,None,None,Jul-24,0,0,0,0,0,0,0
B001007,AED,Line 2,2024-10-19,Team C,22.23,41.87,298,39.9,7.47,98.83,6.84,124.4,89.17,93.33,Pass,No,None,None,Oct-24,0,0,0,0,0,0,0
B001008,GLP-1 Agonist,Line 1,2024-01-19,Team D,21.52,32.71,282,49.8,7.81,98.89,6.86,135.5,86.97,92.99,Pass,No,None,None,Jan-24,0,0,0,0,0,0,0
B001009,COX-2 Inhibitor,Line 1,2025-08-08,Team D,22.94,35.27,349,39.6,6.43,99.08,6.35,133,92.42,94.39,Pass,No,None,None,Aug-25,0,0,0,0,0,0,0
B001010,GLP-1 Agonist,Line 2,2025-07-21,Team D,20.57,55.13,286,53.8,6.63,99.25,7.09,133.9,88.31,92.19,Pass,No,None,None,Jul-25,0,0,0,0,0,0,0
B001011,COX-2 Inhibitor,Line 1,2024-01-16,Team A,22.49,50.39,329,34.3,6.46,98.88,6.86,122.1,90.02,94.74,Pass,No,None,None,Jan-24,0,0,0,0,0,0,0
B001012,COX-2 Inhibitor,Line 1,2025-05-28,Team A,21.49,49.7,307,33.3,5.84,99.46,6.93,127.2,92.09,95.46,Pass,No,None,None,May-25,0,0,0,0,0,0,0
B001013,GLP-1 Agonist,Line 3,2024-10-28,Team D,21.79,36.63,305,53.7,7.95,98.66,6.85,151.7,84.96,92.74,Pass,No,None,None,Oct-24,0,0,0,0,0,0,0
B001014,AED,Line 1,2025-02-02,Team D,20.39,44.05,343,42.8,7.69,99.15,7.25,132.4,86.46,96.51,Pass,No,None,None,Feb-25,0,0,0,0,0,0,0
B001015,GLP-1 Agonist,Line 2,2024-06-08,Team B,21.76,35.92,281,45.5,7.15,99.05,6.95,136,85.53,93.26,Pass,No,None,None,Jun-24,0,0,0,0,0,0,0
B001016,Antidepressant,Line 2,2025-08-19,Team A,20.9,,338,47.9,6.69,99.55,6.55,147,88.04,92.89,Pass,No,None,None,Aug-25,0,1,0,0,0,0,1
B001017,COX-2 Inhibitor,Line 1,2024-10-22,Team C,22.21,40.06,339,30.5,6.44,,6.83,110.5,99.35,93.94,Pass,No,None,None,Oct-24,0,0,1,0,0,0,1
B001018,AED,Line 2,2025-09-06,Team C,22.47,50.63,283,55.3,8.14,98.86,6.88,147,87.41,93.01,Pass,No,None,None,Sep-25,0,0,0,0,0,0,0
B001019,Antidepressant,Line 1,2024-04-18,Team D,22.17,46.2,304,38.6,6.66,98.88,6.9,121.2,89.15,95.55,Pass,No,None,None,Apr-24,0,0,0,0,0,0,0
B001020,GLP-1 Agonist,Line 3,2025-03-05,Team C,20.27,35.15,283,54.3,9.18,99.47,6.79,128.2,85.34,93.66,Pass,No,None,None,Mar-25,0,0,0,0,0,0,0
B001021,AED,Line 1,2024-08-14,Team D,21.3,42.43,309,44.4,6.58,98.83,6.74,127.2,88.15,93.23,Pass,No,None,None,Aug-24,0,0,0,0,0,0,0
B001022,COX-2 Inhibitor,Line 1,2025-12-07,Team D,21.37,46.75,348,38.5,5.82,98.51,6.89,116.9,88.71,96.89,Pass,No,None,None,Dec-25,0,0,0,0,0,0,0
B001023,AED,Line 1,2025-02-11,Team A,20.53,41.15,348,43.6,6.4,98.53,6.86,127.7,88.92,94.19,Pass,No,None,None,Feb-25,0,0,0,0,0,0,0
B001024,GLP-1 Agonist,Line 3,2025-06-10,Team A,21.59,40.4,274,53.2,7.42,98.45,7.18,138.1,84.12,91.26,Pass,No,None,None,Jun-25,0,0,0,0,0,0,0
B001025,COX-2 Inhibitor,LINE 3,2024-03-04,Team D,22.92,45.01,331,37.6,7.12,99.26,6.62,125.7,86.25,94.66,Pass,No,None,None,Mar-24,0,0,0,0,0,0,0
B001026,GLP-1 Agonist,Line 3,2025-05-09,Team A,21.83,41.95,284,45.3,7.52,99.49,6.81,145.2,86.94,94.18,Pass,No,None,None,May-25,0,0,0,0,0,0,0
B001027,AED,Line 2,2024-03-14,Team A,22.25,45.27,292,55,6.87,98.36,6.89,135.4,86.26,92.96,Pass,No,None,None,Mar-24,0,0,0,0,0,0,0
B001028,GLP-1 Agonist,Line 2,2024-09-21,Team D,21.49,36.73,302,48.2,8.01,98.75,7.27,136.5,85.35,92.11,Pass,No,None,None,Sep-24,0,0,0,0,0,0,0
B001029,COX-2 Inhibitor,Line 2,2024-06-11,Team A,22.29,40.25,340,34.3,6.92,,6.77,107.1,90.05,93.18,Pass,No,None,None,Jun-24,0,0,1,0,0,0,1
B001030,GLP-1 agonist,Line 3,2024-01-02,Team A,20.7,34.33,267,41.3,8.49,99.44,6.95,138,88.72,90.64,Pass,No,None,None,Jan-24,0,0,0,0,0,0,0
B001031,COX-2 Inhibitor,Line 2,2025-03-04,Team A,22.17,35.19,340,48.3,7.44,99.06,6.67,138.8,86.74,92.54,Pass,No,None,None,Mar-25,0,0,0,0,0,0,0
B001032,COX-2 Inhibitor,Line 2,2024-06-25,Team B,21.51,42.43,318,35,5.99,99.35,6.65,129.5,88.26,94.79,Pass,No,None,None,Jun-24,0,0,0,0,0,0,0
B001033,GLP-1 Agonist,Line 2,2025-01-09,Team C,20.87,44.08,300,59.3,8.35,98.81,7.36,141.7,82.1,90.18,Pass,No,None,None,Jan-25,0,0,0,0,0,0,0
B001034,AED,Line 2,2025-07-12,Team C,21.87,37.1,338,46.2,7.62,99.79,6.88,150,85.93,93.51,Pass,No,None,None,Jul-25,0,0,0,0,0,0,0
B001035,GLP-1 Agonist,Line 1,2024-05-10,Team D,21.41,41.36,308,48.8,7.57,98.96,7.03,135.3,,95.28,Pass,Yes,Equipment,Critical,May-24,0,0,0,0,0,1,1
B001036,COX-2 Inhibitor,Line 2,2025-06-02,Team C,24.8,46.92,343,37.9,6.69,99.14,6.89,,88.28,97.06,Pass,No,None,None,Jun-25,0,0,0,0,1,0,1
B001037,GLP-1 Agonist,Line 1,2024-08-05,Team D,20.49,30.82,290,60.2,7.54,99.13,6.68,134.3,84.6,93.4,Pass,No,None,None,Aug-24,0,0,0,0,0,0,0
B001038,GLP-1 Agonist,Line 3,2024-08-29,Team A,21.41,38.65,301,37.4,7.44,98.81,6.84,123.3,86.59,89.3,Pass,No,None,None,Aug-24,0,0,0,0,0,0,0
B001039,GLP-1 Agonist,Line 2,2025-02-25,Team B,20.43,48.23,310,49.2,8.05,99.09,7.06,143,84.59,95.26,Pass,No,None,None,Feb-25,0,0,0,0,0,0,0
B001040,Antidepressant,Line 3,2025-04-02,team b,21.71,44.76,328,42,8.18,98.71,6.96,125.1,85.46,94.57,Pass,No,None,None,Apr-25,0,0,0,0,0,0,0
B001041,Antidepressant,Line 2,2025-04-24,Team A,21.74,32.65,318,40.8,7.59,98.67,6.5,119.7,,94.61,Pass,No,None,None,Apr-25,0,0,0,0,0,1,1
B001042,COX-2 Inhibitor,Line 3,2024-05-22,Team D,23.13,46.29,344,40.3,7.39,99.03,6.76,114.4,86.84,95.73,Pass,No,None,None,May-24,0,0,0,0,0,0,0
B001043,COX-2 Inhibitor,Line 1,2025-02-27,Team A,22.16,39.26,316,36.5,6.59,99.47,6.63,107.2,92.07,96.05,Pass,No,None,None,Feb-25,0,0,0,0,0,0,0
B001044,COX-2 Inhibitor,Line 3,2024-07-11,TEAM B,22.36,46.46,327,40.5,7,98.93,6.58,114.2,87.71,92.37,Pass,Yes,Equipment,Major,Jul-24,0,0,0,0,0,0,0
B001045,Antidepressant,Line 2,2024-07-21,Team B,21.68,38.55,333,41.9,6.2,99.19,6.69,135.2,87.63,94.02,Pass,No,None,None,Jul-24,0,0,0,0,0,0,0
B001046,GLP-1 Agonist,Line 1,2025-11-23,Team A,20.45,39.73,315,39.8,7.05,98.63,7.03,148.5,87.08,91.9,Pass,No,None,None,Nov-25,0,0,0,0,0,0,0
B001047,Antidepressant,Line 1,2024-03-14,Team D,21.51,39.31,322,44.1,6.63,99.45,6.58,143.3,88.44,93.1,Pass,No,None,None,Mar-24,0,0,0,0,0,0,0
B001048,COX-2 Inhibitor,Line 1,2024-10-29,Team A,22.21,43.02,367,41.9,7.05,99.36,6.88,126.9,91.57,95.94,Pass,No,None,None,Oct-24,0,0,0,0,0,0,0
B001049,AED,Line 2,2024-11-17,Team A,21.86,41.16,324,42,7.72,99,6.94,124.7,84.95,95.35,Pass,No,None,None,Nov-24,0,0,0,0,0,0,0
B001050,Antidepressant,Line 3,2024-06-28,Team B,22.42,40.88,316,53.8,8.17,99.12,6.82,129.6,85.89,92.34,Pass,No,None,None,Jun-24,0,0,0,0,0,0,0
B001051,COX-2 Inhibitor,Line 3,2025-07-28,Team A,22.32,37.12,318,45.8,7.88,98.84,6.63,,83.54,93.89,Pass,No,None,None,Jul-25,0,0,0,0,1,0,1
B001052,Antidepressant,Line 2,2024-12-22,Team D,21.81,44.45,346,46.6,7.2,98.67,6.71,127.2,89.56,93.89,Pass,No,None,None,Dec-24,0,0,0,0,0,0,0
B001053,Antidepressant,Line 2,2025-06-09,Team A,20.71,42.88,334,45.6,6.58,99.07,6.74,132.4,86.82,94.2,Pass,No,None,None,Jun-25,0,0,0,0,0,0,0
B001054,Antidepressant,Line 2,2024-10-09,Team B,22.4,33.92,352,42.2,6.98,99.34,6.72,143.7,84.38,96,Pass,No,None,None,Oct-24,0,0,0,0,0,0,0
B001055,GLP-1 Agonist,Line 3,2025-10-17,Team B,20.98,44.96,339,54.8,7.99,99,6.97,147.1,81.37,90.02,Pass,No,None,None,Oct-25,0,0,0,0,0,0,0
B001056,COX-2 Inhibitor,Line 3,2025-06-17,Team A,23.06,42.12,317,47.1,7.63,99.03,6.72,147.3,88.55,93.87,Pass,No,None,None,Jun-25,0,0,0,0,0,0,0
B001057,AED,Line 1,2024-08-31,Team A,22.79,44.81,292,49.4,7.26,99.15,6.83,123,82.54,93.71,Pass,No,None,None,Aug-24,0,0,0,0,0,0,0
B001058,Antidepressant,Line 3,2025-12-04,Team C,21.86,45.82,268,39.4,7.2,99.41,6.91,129.6,88.49,93.15,Pass,No,None,None,Dec-25,0,0,0,0,0,0,0
B001059,GLP-1 Agonist,Line 2,2025-09-24,Team A,20.73,41.64,317,46.8,8.14,98.89,7.06,141.2,84.98,92.73,Pass,No,None,None,Sep-25,0,0,0,0,0,0,0
B001060,COX-2 Inhibitor,Line 3,2025-03-08,Team A,22.49,48.83,352,42.7,6.71,99.14,6.61,114.8,87.13,96.23,Pass,No,None,None,Mar-25,0,0,0,0,0,0,0
B001061,AED,Line 3,2024-01-13,Team B,22.06,42.53,317,51.1,8.39,98.9,6.92,143.9,83.82,91.35,Failed,No,None,None,Jan-24,0,0,0,0,0,0,0
B001062,COX-2 Inhibitor,Line 3,2025-03-08,Team B,22.26,48.17,318,39.1,6.25,99.03,6.61,134.9,86.11,94.59,Pass,No,None,None,Mar-25,0,0,0,0,0,0,0
B001063,Antidepressant,Line 1,2025-05-20,Team B,21.58,42.61,318,37.9,7.02,99.15,6.59,141.9,87.67,96.15,Pass,No,None,None,May-25,0,0,0,0,0,0,0
B001064,COX-2 Inhibitor,Line 2,2024-09-23,Team D,22.92,45.54,343,46.7,6.85,99.58,6.68,129,88.39,92.21,Pass,No,None,None,Sep-24,0,0,0,0,0,0,0
B001065,GLP-1 Agonist,Line 1,2024-04-15,Team B,21.87,42.02,314,42.1,8.05,99.16,7.34,116.8,86.42,92.23,Pass,No,None,None,Apr-24,0,0,0,0,0,0,0
B001066,AED,Line 3,2025-02-16,Team C,21.54,50.2,320,41.3,6.77,99.08,7.12,134.1,87.99,93.33,Pass,No,None,None,Feb-25,0,0,0,0,0,0,0
B001067,GLP-1 Agonist,Line 1,2025-08-08,Team D,20.26,43.61,312,39.7,6.67,98.79,7.19,138.9,86.96,92.79,Pass,No,None,None,Aug-25,0,0,0,0,0,0,0
B001068,COX-2 Inhibitor,Line 3,2024-08-21,Team A,22.84,40.79,338,34.3,7.23,98.91,6.75,115.7,90.41,94.2,Pass,No,None,None,Aug-24,0,0,0,0,0,0,0
B001069,Antidepressant,Line 3,2024-11-29,Team C,21.42,38.79,341,50.4,7.43,99.24,6.78,135.2,86.81,91.91,Pass,No,None,None,Nov-24,0,0,0,0,0,0,0
B001070,GLP-1 Agonist,Line 1,2024-01-01,Team B,21.66,39.75,311,55,8,99.29,7.07,138.6,83.54,93.06,Pass,No,None,None,Jan-24,0,0,0,0,0,0,0
B001071,AED,Line 2,2025-05-29,Team C,21.91,40.2,294,43.6,6.89,,6.8,129,84.86,93.85,Pass,No,None,None,May-25,0,0,1,0,0,0,1
B001072,COX-2 Inhibitor,Line 2,2025-09-25,Team A,21.08,37.74,365,39.7,7.16,98.58,6.69,129.6,90.49,95.64,Pass,No,None,None,Sep-25,0,0,0,0,0,0,0
B001073,GLP-1 Agonist,Line 2,2025-07-21,Team B,21.56,29.36,322,46.9,7.93,99.77,6.95,151,84.1,94.42,Pass,No,None,None,Jul-25,0,0,0,0,0,0,0
B001074,AED,Line 1,2024-11-09,Team A,22.19,36.25,323,38.4,7.2,99.2,6.9,114,89.28,91.61,Pass,No,None,None,Nov-24,0,0,0,0,0,0,0
B001075,AED,Line 1,2024-02-02,Team D,22.28,53.93,320,57.2,7.08,99.07,7.23,133.9,84.87,93.5,Pass,No,None,None,Feb-24,0,0,0,0,0,0,0
B001076,GLP-1 Agonist,Line 2,2024-12-25,Team C,21.59,36.72,330,55.6,8.34,98.48,6.94,130.2,83.32,91.86,Pass,No,None,None,Dec-24,0,0,0,0,0,0,0
B001077,GLP-1 Agonist,Line 2,2025-11-18,Team A,20.02,49.52,271,48.9,7.29,98.75,7.32,156.4,86.47,94.31,Pass,No,None,None,Nov-25,0,0,0,0,0,0,0
B001078,GLP-1 Agonist,Line 2,2024-03-02,Team C,22.46,42.02,322,43.3,7.27,99.1,6.98,143.7,89.56,93.24,Pass,No,None,None,Mar-24,0,0,0,0,0,0,0
B001079,COX-2 Inhibitor,Line 1,2024-06-05,Team D,22.81,42.75,331,36.8,5.81,98.84,6.97,99.1,90.6,97.42,Pass,No,None,None,Jun-24,0,0,0,0,0,0,0
B001080,GLP-1 Agonist,Line2,2025-09-03,Team C,20.6,32.5,320,43.2,7.55,98.25,6.93,135.3,86.85,92.66,Pass,No,None,None,Sep-25,0,0,0,0,0,0,0
B001081,Antidepressant,Line 2,2025-02-19,Team B,21.41,42.02,322,42.5,7.6,99.19,6.75,124,91.17,94.18,Pass,No,None,None,Feb-25,0,0,0,0,0,0,0
B001082,AED,Line 1,2024-05-04,Team D,21.97,53.46,293,46.7,7.48,98.81,6.93,124.4,83.01,93.61,Pass,No,None,None,May-24,0,0,0,0,0,0,0
B001083,AED,Line 3,2024-01-18,Team A,22.31,51.79,306,44.6,7.39,99.21,6.95,,84.02,92.7,Pass,No,None,None,Jan-24,0,0,0,0,1,0,1
B001084,AED,Line 1,2024-10-27,Team A,21.43,45.37,333,37,7.08,98.92,6.84,133.5,87.42,93.99,Pass,No,None,None,Oct-24,0,0,0,0,0,0,0
B001085,AED,Line 2,2025-03-10,Team A,22.42,38.26,311,56.7,7.77,99,6.83,141.8,87.71,90.85,Pass,Yes,Process,Minor,Mar-25,0,0,0,0,0,0,0
B001086,COX-2 Inhibitor,Line 3,2025-09-06,Team D,21.16,,329,39.8,7.05,99.44,6.49,115.9,90.15,95.56,Pass,No,None,None,Sep-25,0,1,0,0,0,0,1
B001087,COX-2 Inhibitor,Line 2,2025-10-08,Team C,21.72,38.74,329,39.5,6.75,99.53,6.81,114.6,,94.69,Pass,No,None,None,Oct-25,0,0,0,0,0,1,1
B001088,COX-2 Inhibitor,Line 2,2024-11-30,Team C,20.95,49.39,352,35.7,5.95,98.9,6.82,118,88.16,92.77,Pass,No,None,None,Nov-24,0,0,0,0,0,0,0
B001089,GLP-1 Agonist,Line 1,2024-11-04,Team C,20.83,48.16,332,39.4,7.56,99.1,7.1,127.9,84.63,93.95,Pass,No,None,None,Nov-24,0,0,0,0,0,0,0
B001090,GLP-1 Agonist,Line 1,2025-11-11,Team B,22.63,40.98,261,46.5,6.78,98.75,6.84,136.9,86.17,89.67,Pass,No,None,None,Nov-25,0,0,0,0,0,0,0
B001091,Antidepressant,Line 1,2025-07-21,Team A,23.54,40.48,370,39.2,7.22,99.09,6.68,128.1,90.48,94.41,Pass,No,None,None,Jul-25,0,0,0,0,0,0,0
B001092,COX-2 Inhibitor,Line 3,2024-06-02,Team D,22.68,50.74,344,43.4,6.53,99.2,6.56,110.4,89.57,94.26,Pass,No,None,None,Jun-24,0,0,0,0,0,0,0
B001093,GLP-1 Agonist,Line 3,2025-05-13,Team D,21.02,35.11,310,53.5,8.99,99.23,7.09,137.4,85,89.63,Pass,No,None,None,May-25,0,0,0,0,0,0,0
B001094,Antidepressant,Line 1,2025-06-06,Team A,21.83,42.26,312,45.2,5.77,99.19,6.63,126.9,86.49,94.93,Pass,No,None,None,Jun-25,0,0,0,0,0,0,0
B001095,COX-2 Inhibitor,Line 1,2024-06-19,Team A,22.86,45.31,340,43.4,7.71,98.83,6.59,135.9,87.81,93.75,Pass,No,None,None,Jun-24,0,0,0,0,0,0,0
B001096,GLP-1 Agonist,Line 1,2025-12-15,Team C,20.33,35.69,303,56.9,7.21,98.51,7.07,151.9,85.9,91.89,Pass,No,None,None,Dec-25,0,0,0,0,0,0,0
B001097,Antidepressant,Line 2,2024-08-04,Team A,21.57,38.82,301,44.1,6.42,99.09,6.8,127.7,92.48,95.89,Pass,No,None,None,Aug-24,0,0,0,0,0,0,0
B001098,AED,Line 2,2025-02-05,Team C,22.88,40.43,300,51,7.68,99.26,6.89,139.1,83,93.29,Pass,No,None,None,Feb-25,0,0,0,0,0,0,0
B001099,AED,Line 3,2024-12-26,Team D,21.02,51.08,336,49.2,8.14,98.98,7.08,134.4,89.14,92.81,Pass,No,None,None,Dec-24,0,0,0,0,0,0,0
B001100,Antidepressant,Line 3,2025-05-20,Team B,21.44,,292,32,6.85,99,7.06,130.1,89.73,92.49,Pass,No,None,None,May-25,0,1,0,0,0,0,1
B001101,Antidepressant,Line 1,2025-10-21,Team B,22.01,42.57,328,40.2,7.43,99.09,6.82,127.6,90.14,96.72,Pass,No,None,None,Oct-25,0,0,0,0,0,0,0
B001102,GLP-1 Agonist,Line 2,2024-10-14,Team D,21.71,38.66,293,43.2,7.19,99.03,6.76,147.4,86.97,93.14,Pass,No,None,None,Oct-24,0,0,0,0,0,0,0
B001103,AED,Line 2,2024-10-08,Team B,21.33,41,298,46.3,7.12,98.74,6.97,119.9,89.56,93,Pass,No,None,None,Oct-24,0,0,0,0,0,0,0
B001104,AED,Line 1,2025-07-03,Team A,21.86,44.01,350,39.6,6.95,99.19,6.98,119,88.69,92.98,Pass,No,None,None,Jul-25,0,0,0,0,0,0,0
B001105,Antidepressant,Line 3,2025-11-27,Team A,22.46,39.25,303,45.8,7.19,99.33,6.9,132.6,85.28,92.4,Failed,No,None,None,Nov-25,0,0,0,0,0,0,0
B001106,COX-2 Inhibitor,Line 1,2025-10-26,Team D,23.97,42.51,320,42.4,5.69,99.04,6.56,125.5,89.2,94.2,Pass,No,None,None,Oct-25,0,0,0,0,0,0,0
B001107,Antidepressant,Line 3,2025-07-04,Team D,21.91,44.07,317,49.1,7.59,99.16,6.74,154,88.6,95.04,Pass,No,None,None,Jul-25,0,0,0,0,0,0,0
B001108,GLP-1 Agonist,Line 3,2025-05-28,Team A,21.47,37.97,286,57.4,8.42,98.46,6.99,130.7,83.71,91.38,Pass,No,None,None,May-25,0,0,0,0,0,0,0
B001109,AED,Line 3,2025-07-15,Team D,22.95,43.05,315,36.3,7.94,98.97,6.8,126,83.41,90.86,Pass,No,None,None,Jul-25,0,0,0,0,0,0,0
B001110,Antidepressant,Line 2,2025-11-15,Team A,21.59,41.07,323,34.4,6.03,99.07,6.5,,88.81,93.86,Pass,No,None,None,Nov-25,0,0,0,0,1,0,1
B001111,Antidepressant,Line 1,2024-01-08,Team A,21.01,40.41,324,58.1,7.21,99.5,6.8,138.4,,91.65,Pass,No,None,None,Jan-24,0,0,0,0,0,1,1
B001112,GLP-1 Agonist,Line 3,2025-03-06,Team B,21.69,37.79,298,55.1,9.06,98.88,7.04,160.9,84.03,92.65,Pass,Yes,Environmental,Critical,Mar-25,0,0,0,0,0,0,0
B001113,COX-2 Inhibitor,Line 3,2024-01-25,Team B,23.31,46.81,327,40.7,7.21,99.3,6.76,130.2,86.82,94.2,Pass,No,None,None,Jan-24,0,0,0,0,0,0,0
B001114,AED,Line 2,2025-02-25,Team D,,35.15,327,45.2,7.61,,6.86,116.9,89.58,95.87,Pass,No,None,None,Feb-25,1,0,1,0,0,0,2
B001115,AED,Line 3,2024-10-15,Team C,21.73,51.87,313,46.2,7.94,98.18,7.1,147,80.97,92.68,Pass,No,None,None,Oct-24,0,0,0,0,0,0,0
B001116,Antidepressant,Line 1,2024-08-10,Team A,20.91,42.68,311,31.4,6.88,99.05,,131.1,90.12,91.75,Pass,Yes,Process,Minor,Aug-24,0,0,0,1,0,0,1
B001117,Antidepressant,Line 2,2025-10-13,Team C,21.96,45.05,347,36.8,7.82,99.09,6.86,124.9,88.88,94.85,Pass,Yes,Process,Minor,Oct-25,0,0,0,0,0,0,0
B001118,AED,Line 3,2025-06-02,Team D,22.72,47.63,313,44.9,7.7,98.9,7.15,117.8,91.03,91.64,Pass,No,None,None,Jun-25,0,0,0,0,0,0,0
B001118,AED,Line 3,2025-06-02,Team D,22.72,47.63,313,44.9,7.7,98.9,7.15,117.8,91.03,91.64,Pass,No,None,None,Jun-25,0,0,0,0,0,0,0
B001119,Antidepressant,Line 1,2025-02-18,Team C,21.07,38.46,340,38.1,6.31,99.22,6.63,120.9,88.68,94.08,Pass,No,None,None,Feb-25,0,0,0,0,0,0,0
B001120,AED,Line 2,2025-10-06,Team A,21.62,39.43,337,40.8,7.5,98.89,6.95,132.5,88.44,94.39,Pass,No,None,None,Oct-25,0,0,0,0,0,0,0
B001121,COX-2 Inhibitor,Line 3,2024-03-12,Team A,22.21,37.84,363,53.6,7.18,99.13,6.5,140.3,85.87,89.63,Pass,No,None,None,Mar-24,0,0,0,0,0,0,0
B001122,Antidepressant,Line 3,2025-04-17,Team B,21.48,40.76,332,42.1,7.29,98.78,6.69,111.5,87.59,94.53,Pass,No,None,None,Apr-25,0,0,0,0,0,0,0
B001123,AED,Line 3,2024-04-24,Team B,21.99,47.5,315,48,7.96,98.32,7.13,127.6,89.73,91.71,Pass,Yes,Process,Major,Apr-24,0,0,0,0,0,0,0
B001124,Antidepressant,Line 2,2024-06-19,Team B,,39.08,319,43.3,6.59,99.09,6.61,137,85.01,92.38,Pass,No,None,None,Jun-24,1,0,0,0,0,0,1
B001125,GLP-1 Agonist,Line 3,2024-05-15,Team A,21.82,43.04,296,52.7,8.04,98.64,6.99,157.2,83.08,91.18,Pass,No,None,None,May-24,0,0,0,0,0,0,0
B001126,COX-2 Inhibitor,Line 1,2025-02-01,Team A,21.77,31.16,301,35.4,6.77,99.67,6.82,120,91.13,94.82,Pass,No,None,None,Feb-25,0,0,0,0,0,0,0
B001127,GLP-1 Agonist,Line 2,2025-04-04,Team C,20.27,38.07,313,54.9,7.74,98.37,7.06,154.3,85.03,91.47,Pass,No,None,None,Apr-25,0,0,0,0,0,0,0
B001128,COX-2 Inhibitor,Line 2,2025-07-06,Team D,22.7,48.84,344,39.4,7.19,99.14,6.71,124.3,87.82,96.25,Pass,No,None,None,Jul-25,0,0,0,0,0,0,0
B001129,COX-2 Inhibitor,Line 3,2024-11-18,Team C,22.12,42.15,355,32.4,6.21,99.75,6.63,125.2,89.25,94.04,Pass,No,None,None,Nov-24,0,0,0,0,0,0,0
B001130,AED,Line 3,2025-11-17,Team B,23.18,39.85,313,44.9,7.1,98.92,6.85,133.6,88.43,93.4,Pass,No,None,None,Nov-25,0,0,0,0,0,0,0
B001131,AED,Line 3,2024-09-30,Team D,23.21,40.72,327,45.6,8.72,98.95,7.04,137.1,87.37,92.36,Pass,No,None,None,Sep-24,0,0,0,0,0,0,0
B001132,GLP-1 Agonist,Line 2,2024-04-24,TEAM C,22.99,24.86,275,46.8,6.92,99.23,6.62,127.4,84.35,93.56,Pass,No,None,None,Apr-24,0,0,0,0,0,0,0
B001133,Antidepressant,Line 2,2024-01-27,Team C,21.29,36.94,299,44.8,7.08,99.32,6.6,134.7,87.72,96.58,Pass,No,None,None,Jan-24,0,0,0,0,0,0,0
B001134,COX-2 Inhibitor,Line 2,2024-04-03,TEAM C,22.93,48.29,295,41.5,7.74,98.95,6.88,110.4,87.96,93.78,Pass,No,None,None,Apr-24,0,0,0,0,0,0,0
B001135,AED,Line 2,2024-11-21,Team D,22.45,41.09,313,47.8,7.38,98.7,6.68,139.7,87.22,93.05,Pass,No,None,None,Nov-24,0,0,0,0,0,0,0
B001136,GLP-1 Agonist,Line 1,2024-10-28,Team C,22.07,37.68,286,49.9,8.61,99.15,6.83,135.4,84.96,92.23,Pass,No,None,None,Oct-24,0,0,0,0,0,0,0
B001137,GLP-1 Agonist,Line 2,2025-09-16,Team C,21.23,28.34,284,47.5,8.14,98.57,6.78,142.2,83.14,94.78,Pass,No,None,None,Sep-25,0,0,0,0,0,0,0
B001138,GLP-1 Agonist,Line 3,2024-04-01,Team C,22.46,31.85,306,37.7,7.78,99.24,6.84,124.6,88.74,92.45,Pass,No,None,None,Apr-24,0,0,0,0,0,0,0
B001139,Antidepressant,Line 3,2024-07-10,Team D,22,47.95,312,47.8,7.48,98.87,6.73,126.9,87.57,92.91,Pass,No,None,None,Jul-24,0,0,0,0,0,0,0
B001140,COX-2 Inhibitor,Line 3,2025-12-17,Team D,22.6,46.09,314,41.2,5.9,99.09,6.8,125.9,90.94,93.71,Pass,Yes,Material,Minor,Dec-25,0,0,0,0,0,0,0
B001141,GLP-1 Agonist,Line 2,2024-01-21,Team B,20.35,33.51,346,42.6,7.43,98.9,6.94,142.2,83.78,91.48,Pass,No,None,None,Jan-24,0,0,0,0,0,0,0
B001142,AED,Line 2,2024-11-06,Team C,22.28,40.85,314,46.5,7.48,99.39,6.8,142.1,86.27,93.6,Pass,No,None,None,Nov-24,0,0,0,0,0,0,0
B001143,AED,Line 1,2024-05-24,Team A,21.6,43.85,296,48.6,7.55,99.05,,122.1,85.85,95.03,Pass,No,None,None,May-24,0,0,0,1,0,0,1
B001144,AED,Line 2,2025-01-25,Team C,22.15,38.02,303,51.4,8.88,98.95,6.88,122.2,84.67,93.1,Pass,No,None,None,Jan-25,0,0,0,0,0,0,0
B001145,GLP-1 Agonist,Line 2,2025-12-12,Team D,21.68,29.98,297,49.8,8.02,98.97,6.7,131.7,81.98,94.69,Pass,No,None,None,Dec-25,0,0,0,0,0,0,0
B001146,GLP-1 Agonist,Line 1,2024-06-15,Team C,21.64,39.2,297,49.8,8.21,98.91,7.15,129.6,83.34,92.64,Pass,No,None,None,Jun-24,0,0,0,0,0,0,0
B001147,COX-2 Inhibitor,Line 1,2024-09-27,Team B,22.47,45.86,363,43.2,7.42,99.8,6.7,135.7,88.66,91.92,Pass,No,None,None,Sep-24,0,0,0,0,0,0,0
B001148,AED,Line 3,2024-11-24,Team C,22.39,46.96,314,44.8,7.94,98.51,7,144.3,85.33,96.91,Pass,No,None,None,Nov-24,0,0,0,0,0,0,0
B001149,GLP-1 Agonist,Line 2,2025-08-06,Team B,21.35,44.38,333,49.3,7.8,99.17,6.98,131.1,83.65,93.56,Pass,No,None,None,Aug-25,0,0,0,0,0,0,0
B001150,AED,Line 2,2025-12-20,Team B,20.71,36.23,307,40.6,7.1,99.26,6.89,143.5,90.64,94.35,Pass,No,None,None,Dec-25,0,0,0,0,0,0,0
B001151,Antidepressant,Line 1,2024-03-11,Team A,22.43,42.29,328,48.1,7.02,99.52,6.75,140.8,92.12,93,Pass,No,None,None,Mar-24,0,0,0,0,0,0,0
B001152,AED,Line 2,2024-12-23,Team C,21.19,42.66,333,36.1,7.23,99.17,6.86,110.3,88.17,91.05,Pass,No,None,None,Dec-24,0,0,0,0,0,0,0
B001153,Antidepressant,Line 2,2025-07-04,team a,21.01,41.56,342,45.5,7.03,99.11,6.77,119.4,83.77,94.28,Pass,No,None,None,Jul-25,0,0,0,0,0,0,0
B001154,Antidepressant,Line 2,2024-01-07,Team B,21.23,40.94,344,42.1,7.35,99.4,6.72,111.3,88.55,92.44,Pass,No,None,None,Jan-24,0,0,0,0,0,0,0
B001155,GLP-1 Agonist,Line 2,2025-08-12,Team D,21.71,36.7,295,52.3,7.4,99.03,,141.4,80.34,92.45,Failed,No,None,None,Aug-25,0,0,0,1,0,0,1
B001156,Antidepressant,Line 1,2024-06-26,Team D,21.93,26.91,320,37.7,6.93,99.54,6.42,122.2,85.8,95.41,Pass,Yes,Process,Minor,Jun-24,0,0,0,0,0,0,0
B001157,Antidepressant,Line 3,2025-01-13,Team B,20.4,47.81,275,44,8.27,99.42,6.88,128.9,87.95,94.63,Pass,No,None,None,Jan-25,0,0,0,0,0,0,0
B001158,Antidepressant,Line 1,2025-12-16,Team D,21.71,43.65,316,41.3,6.85,99.11,6.84,,85.08,95.18,Pass,No,None,None,Dec-25,0,0,0,0,1,0,1
B001159,GLP-1 Agonist,Line 2,2025-04-09,Team A,22.38,32.58,320,50.4,8.9,98.9,6.84,128,84.62,95.11,Pass,No,None,None,Apr-25,0,0,0,0,0,0,0
B001160,COX-2 Inhibitor,Line 1,2025-12-24,Team D,22.16,45.37,356,31.2,6.45,98.97,6.87,115.6,86.95,94.72,Pass,Yes,Equipment,Minor,Dec-25,0,0,0,0,0,0,0
B001161,Antidepressant,Line 2,2025-03-17,Team B,21.88,39.76,318,45.5,7.09,99.24,6.59,134.2,87.19,91.93,Pass,No,None,None,Mar-25,0,0,0,0,0,0,0
B001162,COX-2 Inhibitor,Line 1,2024-06-02,Team D,23.28,40.91,371,27.8,6.31,98.94,6.75,92.7,93.3,93.51,Pass,No,None,None,Jun-24,0,0,0,0,0,0,0
B001163,AED,Line 3,2025-05-21,Team D,22.4,40.16,308,41.8,7.37,98.88,6.72,118.6,85.62,95.61,Pass,No,None,None,May-25,0,0,0,0,0,0,0
B001164,Antidepressant,Line 2,2025-03-25,Team C,22.77,44.68,307,33.4,5.61,98.75,6.78,129.4,89.2,92.81,Pass,Yes,Process,Minor,Mar-25,0,0,0,0,0,0,0
B001165,Antidepressant,Line 2,2024-08-15,Team C,19.92,38,312,46.6,7.64,99.34,6.58,118.4,85.09,96.04,Pass,No,None,None,Aug-24,0,0,0,0,0,0,0
B001166,AED,Line 1,2024-02-26,Team C,23.1,38.52,295,47.2,8.58,98.81,6.81,131.4,84.96,95.27,Pass,No,None,None,Feb-24,0,0,0,0,0,0,0
B001167,AED,Line 1,2025-04-18,Team A,22.28,49.66,326,47.5,7.65,98.52,6.95,119.9,84.72,93.58,Pass,No,None,None,Apr-25,0,0,0,0,0,0,0
B001168,GLP-1 Agonist,Line 2,2025-02-26,Team A,23.35,39.11,305,56.1,8.38,98.58,7.15,152.4,85.97,90.83,Pass,No,None,None,Feb-25,0,0,0,0,0,0,0
B001169,AED,Line 2,2025-07-19,Team B,21.21,43.26,326,42.3,7.1,98.82,6.95,111.1,84.08,94.14,Pass,No,None,None,Jul-25,0,0,0,0,0,0,0
B001170,Antidepressant,Line 2,2024-04-02,Team B,20.68,45.46,313,45.4,7.75,98.93,6.9,125.8,86.37,95.6,Pass,No,None,None,Apr-24,0,0,0,0,0,0,0
B001171,GLP-1 Agonist,Line 3,2025-01-28,Team C,21.51,36.66,299,49.9,8.19,99.03,6.79,150.2,85.97,91.09,Pass,No,None,None,Jan-25,0,0,0,0,0,0,0
B001172,COX2 Inhibitor,LINE 3,2025-08-21,Team B,22.29,40.66,301,38,7.1,99.13,6.77,125.9,90.4,95.11,Pass,No,None,None,Aug-25,0,0,0,0,0,0,0
B001173,Antidepressant,Line 3,2025-10-13,Team C,22.49,43.53,327,49.7,6.76,99.13,7.02,128.6,86.99,90.71,Pass,No,None,None,Oct-25,0,0,0,0,0,0,0
B001174,COX-2 Inhibitor,Line 1,2025-11-17,Team A,23.31,35.29,342,48.5,6.67,99.39,6.7,119,86.96,93.23,Pass,No,None,None,Nov-25,0,0,0,0,0,0,0
B001175,GLP-1 Agonist,Line 3,2024-06-03,Team A,21.43,41.11,280,47.1,8.32,99.1,6.83,137.7,84.31,91.2,Failed,No,None,None,Jun-24,0,0,0,0,0,0,0
B001176,COX-2 Inhibitor,Line 2,2024-05-06,Team D,22.32,39.22,338,42.6,7.26,98.68,6.6,110.8,89.91,95.06,Pass,No,None,None,May-24,0,0,0,0,0,0,0
B001177,GLP-1 Agonist,Line 2,2025-02-25,team d,21.89,44.28,295,49.8,8.38,98.53,7.05,139.5,83.48,92.43,Pass,Yes,Equipment,Minor,Feb-25,0,0,0,0,0,0,0
B001178,GLP-1 Agonist,Line 3,2024-12-04,Team D,21.31,42.73,332,51.3,7.4,99.03,6.94,142,82.93,94,Pass,No,None,None,Dec-24,0,0,0,0,0,0,0
B001179,Antidepressant,Line 2,2024-06-20,Team B,21.75,44.07,301,43.4,6.23,99.12,7.14,123.4,90.43,93.88,Pass,No,None,None,Jun-24,0,0,0,0,0,0,0
B001180,Antidepressant,Line 3,2024-03-15,Team C,22.78,33.97,326,41.7,7.66,99.44,6.62,136.2,88.25,93.66,Pass,No,None,None,Mar-24,0,0,0,0,0,0,0
B001181,COX-2 Inhibitor,Line 3,2024-04-14,Team C,23.44,42.48,320,19.8,5.9,98.69,6.7,98,92.55,89.81,Pass,No,None,None,Apr-24,0,0,0,0,0,0,0
B001182,Antidepressant,Line1,2024-09-04,Team B,22.81,36.11,310,50.4,7.79,99.03,6.64,115.6,87.8,93.95,Pass,No,None,None,Sep-24,0,0,0,0,0,0,0
B001183,Antidepressant,Line 3,2025-06-24,Team C,21.87,41.82,325,38.7,6.34,98.99,6.83,120.3,87.79,94.41,Pass,Yes,Environmental,Minor,Jun-25,0,0,0,0,0,0,0
B001184,Antidepressant,Line 2,2024-02-17,Team C,20.4,30.42,316,40.7,6.9,99.34,6.79,126.4,84.78,95.56,Pass,No,None,None,Feb-24,0,0,0,0,0,0,0
B001185,Antidepressant,Line 3,2024-03-17,Team B,21.89,34.3,320,42.3,7.34,99.19,6.7,126.6,87.9,95.18,Pass,No,None,None,Mar-24,0,0,0,0,0,0,0
B001186,AED,Line 3,2024-07-12,Team B,21.23,49.95,321,42.2,7.82,99,6.99,129.1,86.87,93.93,Pass,Yes,Material,Minor,Jul-24,0,0,0,0,0,0,0
B001187,GLP-1 Agonist,Line 1,2025-09-30,Team B,21.4,41.85,291,48.3,7.24,98.89,6.87,128.1,84.05,94.44,Pass,No,None,None,Sep-25,0,0,0,0,0,0,0
B001188,AED,Line 1,2025-12-24,Team D,21.3,42.23,331,43.8,6.17,99.4,7.05,120.3,84.83,95.08,Pass,No,None,None,Dec-25,0,0,0,0,0,0,0
B001189,Antidepressant,Line 1,2024-11-17,Team D,21.98,37.46,315,38.1,6.96,99.64,6.71,117.8,88.61,95.34,Pass,No,None,None,Nov-24,0,0,0,0,0,0,0
B001190,COX-2 Inhibitor,Line 2,2024-02-02,Team D,21.72,37.58,338,38.8,6.92,98.94,6.61,114.7,85.57,93.33,Pass,No,None,None,Feb-24,0,0,0,0,0,0,0
B001191,GLP-1 Agonist,Line 1,2024-01-09,Team D,20.54,41,307,47.8,8.35,98.96,6.7,147.8,,93.24,Pass,No,None,None,Jan-24,0,0,0,0,0,1,1
B001191,GLP-1 Agonist,Line 1,2024-01-09,Team D,20.54,41,307,47.8,8.35,98.96,6.7,147.8,,93.24,Pass,No,None,None,Jan-24,0,0,0,0,0,1,1
B001192,GLP-1 Agonist,Line 3,2025-09-19,Team B,22.42,38.28,304,53.6,8.15,99.13,6.93,146.7,83.81,90.4,Pass,No,None,None,Sep-25,0,0,0,0,0,0,0
B001193,AED,Line 2,2024-11-21,Team D,21.07,51.73,327,37.6,7.47,99.02,7,121.2,87.76,93.29,Pass,No,None,None,Nov-24,0,0,0,0,0,0,0
B001194,AED,Line 3,2024-02-26,Team A,21.8,43.08,321,42.1,7.81,98.84,6.7,140.2,87.81,95.31,Failed,No,None,None,Feb-24,0,0,0,0,0,0,0
B001195,AED,Line 1,2025-09-01,Team D,22.52,44.29,323,48,8.13,99.02,7.05,136.1,87.83,95,Pass,No,None,None,Sep-25,0,0,0,0,0,0,0
B001196,antidepressant,Line 2,2025-01-21,Team B,22.69,35.06,314,38.5,6.85,98.73,6.63,111.5,86.77,93.41,Pass,No,None,None,Jan-25,0,0,0,0,0,0,0
B001197,Antidepressant,Line 1,2024-09-12,Team B,22.6,40.2,301,37,5.87,99.11,7,92.3,90.81,94.7,Pass,No,None,None,Sep-24,0,0,0,0,0,0,0
B001198,COX-2 Inhibitor,Line 3,2024-11-26,Team A,22.73,43.88,314,36.3,6.85,98.71,6.9,107.2,88.23,95.05,Pass,No,None,None,Nov-24,0,0,0,0,0,0,0
B001199,GLP-1 Agonist,Line 1,2024-06-13,Team A,22.04,38.14,270,47.4,7.83,99.1,6.86,143,89.96,93.97,Pass,No,None,None,Jun-24,0,0,0,0,0,0,0
B001200,COX-2 Inhibitor,Line 1,2025-11-11,Team B,23.53,40.57,372,36.5,6.83,98.87,6.84,124.9,87.99,93.74,Pass,No,None,None,Nov-25,0,0,0,0,0,0,0
B001201,COX-2 Inhibitor,Line 1,2025-07-29,Team C,22.82,44.63,300,35.8,5.68,99.19,6.93,101.5,85.84,96.61,Pass,No,None,None,Jul-25,0,0,0,0,0,0,0
B001202,COX-2 Inhibitor,Line 3,2024-05-25,Team A,21.12,50.57,361,33.8,6.63,99.15,,123.4,90.98,92.86,Pass,No,None,None,May-24,0,0,0,1,0,0,1
B001203,AED,Line 1,2025-06-21,Team D,21.4,44.72,300,48.3,7.89,99,6.82,137.9,87.35,93.5,Pass,No,None,None,Jun-25,0,0,0,0,0,0,0
B001204,COX-2 Inhibitor,Line 2,2024-05-11,Team A,23.02,48.72,361,45.3,6.8,98.88,6.54,136.9,90.03,95.02,Pass,No,None,None,May-24,0,0,0,0,0,0,0
B001205,Antidepressant,Line 3,2024-11-27,Team D,21.53,45.11,280,33,6.87,98.97,6.89,129.6,89.7,92.42,Pass,No,None,None,Nov-24,0,0,0,0,0,0,0
B001206,Antidepressant,Line 3,2025-07-01,Team B,23.22,47.42,316,34,8.12,99.28,6.76,133.9,94,93.12,Failed,Yes,Equipment,Minor,Jul-25,0,0,0,0,0,0,0
B001207,COX2 Inhibitor,Line 1,2024-01-27,Team B,22.45,39.95,366,43.5,6.2,99.1,6.72,126.3,87.59,94.66,Pass,No,None,None,Jan-24,0,0,0,0,0,0,0
B001208,GLP-1 Agonist,Line 1,2025-06-14,Team A,21.56,38.97,313,55.6,8.75,98.96,6.89,147.4,86.93,92.5,Pass,No,None,None,Jun-25,0,0,0,0,0,0,0
B001209,Antidepressant,Line 2,2024-06-14,Team D,22.84,40.99,314,30.3,7.15,98.92,6.69,115,88.65,92.76,Pass,No,None,None,Jun-24,0,0,0,0,0,0,0
B001210,GLP-1 agonist,Line 1,2025-05-26,Team C,21.36,42.73,265,51.5,7.8,99.19,6.94,147.8,86.45,93.4,Pass,No,None,None,May-25,0,0,0,0,0,0,0
B001211,COX-2 Inhibitor,Line 3,2024-12-30,Team A,22.63,46.96,316,48.5,7.3,99.1,6.62,115.8,88,93.15,Pass,No,None,None,Dec-24,0,0,0,0,0,0,0
B001212,AED,Line 2,2024-01-20,Team A,22.47,44.63,340,40.3,7.11,98.72,6.87,126.6,89.39,92.35,Pass,No,None,None,Jan-24,0,0,0,0,0,0,0
B001213,COX-2 Inhibitor,Line 2,2025-07-10,Team C,21.4,47.38,334,45.7,6.97,99.12,6.69,129.4,89.02,92.05,Pass,No,None,None,Jul-25,0,0,0,0,0,0,0
B001214,GLP1 Agonist,Line 1,2024-07-09,Team D,21.29,37.18,299,47,7.44,98.92,6.93,150,79.06,94.78,Pass,No,None,None,Jul-24,0,0,0,0,0,0,0
B001215,Antidepressant,Line 2,2025-11-27,Team A,22.62,46.43,325,42.7,6.79,99.39,6.88,122.4,87.42,95.8,Pass,No,None,None,Nov-25,0,0,0,0,0,0,0
B001216,GLP-1 Agonist,Line 1,2025-09-05,Team A,21.55,45.08,277,43,7.43,98.85,6.92,143.2,85.63,93.3,Pass,No,None,None,Sep-25,0,0,0,0,0,0,0
B001217,GLP-1 Agonist,Line 3,2024-05-20,Team C,22.6,43.39,307,55,8.22,98.44,7.15,143.5,83.31,92.36,Pass,No,None,None,May-24,0,0,0,0,0,0,0
B001218,COX-2 Inhibitor,Line 1,2025-03-15,Team A,21.32,43.67,332,42.6,6.59,99.33,6.71,130.1,87.55,93.62,Pass,No,None,None,Mar-25,0,0,0,0,0,0,0
B001219,COX-2 Inhibitor,Line 3,2024-09-21,Team B,21.23,46.57,345,49,6.1,99.61,6.95,120.9,88.57,90.19,Pass,No,None,None,Sep-24,0,0,0,0,0,0,0
B001220,Antidepressant,Line 3,2025-03-16,Team A,22.58,37.53,310,51.4,7.73,99.45,6.76,140.5,86.15,92.48,Pass,No,None,None,Mar-25,0,0,0,0,0,0,0
B001221,Antidepressant,Line 1,2025-02-11,Team B,22.65,42.99,292,41.9,6.71,98.76,6.82,124.1,86.89,92.82,Pass,No,None,None,Feb-25,0,0,0,0,0,0,0
B001222,Antidepressant,Line 1,2024-08-04,Team C,21.86,43.5,312,59.1,6.57,99.01,6.76,126.3,81.69,92.12,Pass,No,None,None,Aug-24,0,0,0,0,0,0,0
B001223,AED,Line 1,2025-04-21,Team B,22.1,37.35,327,52.4,7.37,99.06,6.9,133.8,89.04,94.68,Pass,Yes,Material,Minor,Apr-25,0,0,0,0,0,0,0
B001224,COX-2 Inhibitor,Line 1,2024-07-09,Team B,23.06,45.37,347,41,6.49,99.12,6.75,132,87.04,94.27,Pass,No,None,None,Jul-24,0,0,0,0,0,0,0
B001225,Antidepressant,Line 1,2025-10-25,Team B,21.39,35.76,321,35.5,7.47,99.32,6.81,111.3,88.88,93.21,Pass,No,None,None,Oct-25,0,0,0,0,0,0,0
B001226,AED,Line 3,2025-11-22,Team C,21.27,41.86,331,37.1,7.08,98.89,7.09,113.5,92.53,91.36,Pass,No,None,None,Nov-25,0,0,0,0,0,0,0
B001227,GLP-1 Agonist,Line 2,2024-05-01,Team A,21.64,40.2,296,40.1,7.89,98.66,,137.2,85.77,92.15,Pass,No,None,None,May-24,0,0,0,1,0,0,1
B001228,GLP-1 Agonist,Line 1,2025-06-15,Team A,22.18,36.35,301,41.9,8.35,99.25,6.99,118.6,86.5,92.66,Pass,No,None,None,Jun-25,0,0,0,0,0,0,0
B001229,AED,Line 2,2025-11-10,Team A,20.93,44.41,306,51.6,7.18,98.66,7.01,149.9,86.03,91.87,Pass,No,None,None,Nov-25,0,0,0,0,0,0,0
B001230,Antidepressant,Line 1,2024-04-02,Team D,21.85,42.33,337,44.7,7.07,98.87,6.86,140.7,83.98,95.57,Pass,No,None,None,Apr-24,0,0,0,0,0,0,0
B001231,Antidepressant,Line 3,2025-06-24,Team C,21.82,37.9,325,39.1,8.2,98.81,6.69,134.7,84.13,97.04,Failed,No,None,None,Jun-25,0,0,0,0,0,0,0
B001232,COX-2 Inhibitor,Line 1,2025-11-16,Team A,22.81,45.84,330,36.3,6.66,99.29,6.71,,88.25,96.55,Pass,No,None,None,Nov-25,0,0,0,0,1,0,1
B001233,Antidepressant,Line 3,2024-06-13,Team B,21.99,38.18,293,42.1,7.56,99.15,6.67,142.4,86.4,94.33,Pass,No,None,None,Jun-24,0,0,0,0,0,0,0
B001234,COX-2 Inhibitor,Line 3,2025-03-01,Team B,22.09,54.44,360,43.9,6.93,99.22,6.81,136.6,87.63,93.77,Pass,No,None,None,Mar-25,0,0,0,0,0,0,0
B001235,Antidepressant,Line 1,2025-08-06,Team A,22.94,41.45,307,36.2,7.17,98.86,6.69,116.1,86.9,93.36,Pass,No,None,None,Aug-25,0,0,0,0,0,0,0
B001236,Antidepressant,Line 1,2024-08-31,Team D,21.6,36.14,321,43.9,7.05,98.85,6.7,139.3,88.61,94.05,Pass,Yes,Environmental,Minor,Aug-24,0,0,0,0,0,0,0
B001237,ANTIDEPRESSANT,Line 2,2024-06-22,Team D,21.78,37.08,362,43.7,6.05,99.04,6.64,119.2,82.66,95.54,Pass,No,None,None,Jun-24,0,0,0,0,0,0,0
B001238,GLP-1 Agonist,Line 3,2024-10-17,Team A,20.31,45.74,314,44.8,7.84,98.8,7.11,136.4,85.82,93.84,Pass,No,None,None,Oct-24,0,0,0,0,0,0,0
B001239,Antidepressant,Line 2,2024-09-02,Team A,21.46,39.95,349,50.7,6.65,99.18,6.78,116.2,86.92,91.81,Pass,Yes,Equipment,Minor,Sep-24,0,0,0,0,0,0,0
B001240,Antidepressant,Line 2,2025-06-14,Team B,22.39,35.18,310,39.4,6.97,98.7,6.72,125.7,88.9,94.69,Pass,Yes,Process,Major,Jun-25,0,0,0,0,0,0,0
B001241,AED,Line 3,2024-09-28,Team C,22.04,48.27,334,41,7.01,99,6.96,127,86.75,94.51,Pass,No,None,None,Sep-24,0,0,0,0,0,0,0
B001242,GLP-1 Agonist,Line 3,2024-10-02,Team D,21.95,37.92,300,54.2,8.63,98.68,6.95,140.7,82.83,91.75,Pass,Yes,Equipment,Minor,Oct-24,0,0,0,0,0,0,0
B001243,GLP-1 Agonist,Line 2,2025-11-21,Team B,21.91,43.27,307,47.3,7.8,98.68,6.99,137.2,,93.18,Pass,No,None,None,Nov-25,0,0,0,0,0,1,1
B001244,Antidepressant,Line 2,2025-02-27,Team B,23.57,46.68,356,44.2,6.39,99.3,6.96,122.6,90.01,95.14,Pass,No,None,None,Feb-25,0,0,0,0,0,0,0
B001245,GLP-1 Agonist,Line 3,2025-11-10,Team A,20.94,41.37,295,42,7.67,98.29,6.94,136.6,85.16,93.01,Pass,No,None,None,Nov-25,0,0,0,0,0,0,0
B001246,Antidepressant,Line 1,2025-06-03,Team A,20.79,53.98,320,45.5,7.46,99.04,7.02,139,89.53,94.87,Pass,No,None,None,Jun-25,0,0,0,0,0,0,0
B001247,COX-2 Inhibitor,Line 3,2025-10-09,Team A,21.71,34.38,324,50.4,8.02,99.37,6.43,119.6,88.66,93.01,Pass,No,None,None,Oct-25,0,0,0,0,0,0,0
B001248,Antidepressant,Line 1,2024-05-22,Team B,21.47,37.91,336,35.1,6.26,98.95,6.82,127.9,85.43,94.21,Pass,No,None,None,May-24,0,0,0,0,0,0,0
B001249,aed,Line 1,2025-11-16,Team C,21.07,42.72,305,45.9,6.73,98.89,6.84,132.6,86.55,93.99,Pass,No,None,None,Nov-25,0,0,0,0,0,0,0
B001250,AED,Line 3,2025-11-21,Team A,21.87,55.31,333,41.2,8.59,99.11,6.99,133.1,84.94,91.99,Pass,No,None,None,Nov-25,0,0,0,0,0,0,0
B001251,Antidepressant,Line 2,2024-01-30,Team A,22.94,50.99,290,56.8,7.51,99.47,6.8,136.3,81.73,90.28,Failed,Yes,Process,Minor,Jan-24,0,0,0,0,0,0,0
B001252,Antidepressant,Line 1,2024-09-17,Team D,23.15,48.44,330,48.8,7.29,99.27,6.75,123.3,88.52,94.47,Pass,No,None,None,Sep-24,0,0,0,0,0,0,0
B001253,Antidepressant,Line 1,2024-10-29,Team D,22.38,38.03,308,43.6,6.65,99.68,6.68,130.1,88.76,94.85,Pass,No,None,None,Oct-24,0,0,0,0,0,0,0
B001254,COX-2 Inhibitor,Line 2,2024-11-02,Team C,24.11,39.61,353,31.2,6.48,98.97,6.84,119.1,90.5,94.52,Pass,Yes,Process,Minor,Nov-24,0,0,0,0,0,0,0
B001255,Antidepressant,Line 3,2025-07-23,Team C,21.73,37.86,320,37.1,8.12,98.69,6.66,116.7,85.9,92.61,Pass,No,None,None,Jul-25,0,0,0,0,0,0,0
B001256,AED,Line 1,2025-05-25,Team C,20.58,40.08,305,48.1,7.55,99.05,6.61,120.1,86.9,94.04,Pass,No,None,None,May-25,0,0,0,0,0,0,0
B001257,COX-2 Inhibitor,Line 1,2024-06-04,Team B,23.29,,333,30.5,6.92,99.27,6.87,113.5,87.47,94.26,Pass,No,None,None,Jun-24,0,1,0,0,0,0,1
B001258,AED,Line 2,2025-03-21,Team A,20.42,42.78,300,37.7,7.06,98.49,6.78,132.9,88.19,94.38,Pass,No,None,None,Mar-25,0,0,0,0,0,0,0
B001259,GLP-1 Agonist,Line 3,2025-12-13,Team B,20.93,39.44,315,48.5,7.61,98.67,7.06,149.8,83.85,94.16,Pass,No,None,None,Dec-25,0,0,0,0,0,0,0
B001260,AED,Line 1,2024-11-17,Team C,22.19,47.87,296,45.7,6.95,98.68,6.94,141.3,89.18,93.5,Pass,No,None,None,Nov-24,0,0,0,0,0,0,0
B001261,Antidepressant,Line 3,2025-11-09,Team C,21.92,33.68,315,44.6,6.83,99.29,6.64,132.6,86.13,94.56,Pass,No,None,None,Nov-25,0,0,0,0,0,0,0
B001262,GLP-1 Agonist,Line 3,2025-04-19,Team C,21.36,40.26,306,47.1,8.24,98.97,7.12,137.4,86.07,92.22,Pass,No,None,None,Apr-25,0,0,0,0,0,0,0
B001263,GLP-1 Agonist,Line 1,2025-11-07,Team C,20.61,34.52,329,52.1,8.62,98.83,6.96,140.8,85.78,90.05,Pass,No,None,None,Nov-25,0,0,0,0,0,0,0
B001264,AED,Line 3,2025-10-21,Team A,21.79,42.53,315,40.8,7.59,99.01,6.76,118.2,87,95.18,Pass,No,None,None,Oct-25,0,0,0,0,0,0,0
B001265,COX-2 Inhibitor,Line 3,2024-01-13,Team C,23.25,40.07,336,42.9,6.95,98.84,6.54,,87.74,93.62,Pass,No,None,None,Jan-24,0,0,0,0,1,0,1
B001266,AED,Line 2,2025-08-08,Team D,21.81,40.81,320,45.2,6.87,98.89,6.67,130.8,87.34,95.4,Pass,No,None,None,Aug-25,0,0,0,0,0,0,0
B001267,Antidepressant,Line 2,2024-05-18,Team C,21.38,43.13,283,45.3,7.31,98.73,7.13,126.1,85.13,93.36,Pass,No,None,None,May-24,0,0,0,0,0,0,0
B001268,AED,Line 3,2025-08-25,Team C,20.86,45.11,293,52,7.21,98.9,6.84,138.1,86.03,91.76,Pass,No,None,None,Aug-25,0,0,0,0,0,0,0
B001269,GLP-1 Agonist,Line 3,2025-08-13,Team A,20.89,38.9,293,46,7.46,98.71,7.09,126.6,87.66,92.27,Pass,No,None,None,Aug-25,0,0,0,0,0,0,0
B001270,GLP-1 Agonist,Line 3,2024-07-07,Team D,21.79,41.85,287,45.9,8.57,99.06,6.93,,86.66,93.17,Pass,No,None,None,Jul-24,0,0,0,0,1,0,1
B001271,AED,Line 3,2024-02-18,Team B,22.06,39.66,286,37.2,7.22,98.99,6.74,133.9,87.02,92.78,Pass,Yes,Documentation,Minor,Feb-24,0,0,0,0,0,0,0
B001272,GLP-1 Agonist,Line 2,2024-11-02,Team B,20.9,43.41,315,36.9,7.25,98.82,7.02,123.9,88.08,92.12,Pass,No,None,None,Nov-24,0,0,0,0,0,0,0
B001273,GLP-1 Agonist,Line 3,2024-08-09,Team B,19.84,38.97,305,48.5,8.08,99.46,6.92,134.7,84.5,92.61,Pass,No,None,None,Aug-24,0,0,0,0,0,0,0
B001274,COX-2 Inhibitor,Line 3,2025-02-08,Team A,22.82,40.58,343,38.9,7.38,99.27,6.77,121.9,87.98,94.84,Pass,No,None,None,Feb-25,0,0,0,0,0,0,0
B001275,Antidepressant,Line 1,2024-02-29,Team D,21.33,38.03,308,36,6.88,99.07,6.84,112.4,86.46,92.96,Pass,No,None,None,Feb-24,0,0,0,0,0,0,0
B001276,GLP-1 Agonist,Line 1,2024-02-02,Team C,22.02,38.79,301,43.2,7.22,98.78,6.88,144.6,89.9,94.61,Pass,No,None,None,Feb-24,0,0,0,0,0,0,0
B001277,Antidepressant,Line 2,2024-11-15,Team B,21.43,51.35,329,50.4,6.9,98.63,6.77,120.8,90.45,91.73,Pass,Yes,Process,Minor,Nov-24,0,0,0,0,0,0,0
B001278,Antidepressant,Line 3,2025-07-16,Team D,21.26,41.68,315,47.3,7.43,99.07,6.65,131.1,84.89,92.57,Pass,No,None,None,Jul-25,0,0,0,0,0,0,0
B001279,AED,Line 1,2024-08-18,Team A,21.91,38.28,323,38.1,7.22,99.14,6.57,118.4,89.98,92.76,Pass,No,None,None,Aug-24,0,0,0,0,0,0,0
B001280,COX-2 Inhibitor,Line 3,2024-08-24,Team B,24.27,47.59,326,37.1,6.9,98.49,6.75,121.2,91.78,97.55,Pass,No,None,None,Aug-24,0,0,0,0,0,0,0
B001281,GLP-1 Agonist,Line 1,2024-04-29,Team C,,37.64,302,50.2,7.81,98.58,,135.1,83.49,94.26,Pass,No,None,None,Apr-24,1,0,0,1,0,0,2
B001282,GLP-1 Agonist,Line 2,2024-07-25,Team A,21.6,41.42,321,44.6,7.7,98.76,6.85,136.6,81.57,91.93,Pass,No,None,None,Jul-24,0,0,0,0,0,0,0
B001283,GLP-1 Agonist,Line 2,2024-08-06,Team C,21.77,36.97,322,43.6,7.62,98.66,6.77,147.1,89.84,93.66,Pass,No,None,None,Aug-24,0,0,0,0,0,0,0
B001284,COX-2 Inhibitor,line 1,2024-07-08,Team D,21.19,49.4,364,36.1,6.11,99.12,6.81,110.5,89.31,95.77,Pass,No,None,None,Jul-24,0,0,0,0,0,0,0
B001285,AED,Line 3,2024-09-08,Team C,20.96,41.05,320,52.5,8.52,99.06,6.81,131.4,83.91,92.91,Pass,No,None,None,Sep-24,0,0,0,0,0,0,0
B001286,AED,Line 1,2024-07-26,Team A,19.92,50.99,316,51.5,7.26,98.88,7.01,131.7,85.93,94.13,Pass,No,None,None,Jul-24,0,0,0,0,0,0,0
B001287,GLP-1 Agonist,Line 3,2025-05-12,Team C,,34.75,292,44.5,8.1,99.11,6.85,151.2,85.23,92.67,Pass,No,None,None,May-25,1,0,0,0,0,0,1
B001288,GLP-1 Agonist,Line 1,2024-09-04,Team B,22.65,38.54,267,50.5,6.76,98.77,6.98,,92.05,93.56,Pass,No,None,None,Sep-24,0,0,0,0,1,0,1
B001289,GLP-1 Agonist,Line 3,2025-07-05,Team C,21.79,47,276,48.5,8.05,98.78,7.01,151.8,84.15,91.38,Pass,No,None,None,Jul-25,0,0,0,0,0,0,0
B001290,COX-2 Inhibitor,Line 2,2025-03-18,Team C,22.6,43.84,337,32.5,5.8,98.86,6.67,113.7,90.42,95.88,Pass,No,None,None,Mar-25,0,0,0,0,0,0,0
B001291,GLP-1 Agonist,Line 1,2025-04-13,Team A,20.34,51.36,298,46.4,7.2,98.88,6.91,147.6,89.14,92.99,Pass,No,None,None,Apr-25,0,0,0,0,0,0,0
B001292,COX-2 Inhibitor,Line 1,2025-03-02,Team A,22.34,41.65,365,31,7.69,99.22,6.69,116.8,93.08,92.83,Pass,No,None,None,Mar-25,0,0,0,0,0,0,0
B001293,COX-2 Inhibitor,Line 1,2025-11-05,Team A,23.84,44.29,364,43.4,6.93,98.78,6.74,126.8,90.44,93.95,Pass,No,None,None,Nov-25,0,0,0,0,0,0,0
B001294,GLP-1 Agonist,Line 2,2024-07-05,Team A,21.6,49.53,288,56.5,8.77,98.74,7.09,132.3,83.23,91.46,Pass,No,None,None,Jul-24,0,0,0,0,0,0,0
B001295,GLP-1 Agonist,Line 3,2025-12-19,Team B,21.08,32.43,315,46.2,8.56,99.02,7.09,124.9,85.38,92.04,Pass,No,None,None,Dec-25,0,0,0,0,0,0,0
B001296,GLP-1 Agonist,Line 2,2024-05-30,Team A,20.18,31.81,291,44.4,8.22,99.16,6.87,146.3,81.56,93.78,Pass,No,None,None,May-24,0,0,0,0,0,0,0
B001297,Antidepressant,Line 2,2024-04-11,Team D,23.04,38.02,332,47.8,7.09,99.2,6.72,139.8,86.49,94.81,Pass,No,None,None,Apr-24,0,0,0,0,0,0,0
B001298,Antidepressant,Line 2,2025-08-27,Team D,21.95,46.07,335,47.7,8.08,98.82,6.92,152,86.75,91.46,Pass,No,None,None,Aug-25,0,0,0,0,0,0,0
B001299,COX-2 Inhibitor,Line 2,2025-10-16,Team A,21.18,34.95,362,30.9,6.82,99.52,6.85,100.8,91.62,93.35,Pass,No,None,None,Oct-25,0,0,0,0,0,0,0
B001300,GLP-1 Agonist,Line 3,2024-03-08,Team B,20.81,42.99,291,48.7,8.2,99.03,7.05,145.3,89.23,92.64,Pass,No,None,None,Mar-24,0,0,0,0,0,0,0
B001301,Antidepressant,Line 2,2025-03-14,Team C,21.04,44.63,338,41.7,7.13,98.86,6.57,116.8,89.32,94.46,Pass,No,None,None,Mar-25,0,0,0,0,0,0,0
B001302,COX-2 Inhibitor,Line 3,2025-01-09,Team C,22.4,53.07,306,35.3,6.78,98.67,6.92,111.8,91.25,96.41,Pass,No,None,None,Jan-25,0,0,0,0,0,0,0
B001303,COX-2 Inhibitor,Line 3,2024-06-09,Team C,22.66,48.23,363,41.6,7.11,98.87,6.69,118.4,87.71,93.36,Pass,No,None,None,Jun-24,0,0,0,0,0,0,0
B001304,Antidepressant,Line 2,2025-01-15,Team D,21.62,43.82,320,38.2,6.84,98.65,6.6,126.9,91.22,95.84,Pass,No,None,None,Jan-25,0,0,0,0,0,0,0
B001305,AED,Line 1,2025-05-16,Team C,22.38,50.8,315,41,7.37,98.92,7.24,121.2,87.74,93.6,Pass,No,None,None,May-25,0,0,0,0,0,0,0
B001306,AED,Line 1,2025-02-23,Team C,21.86,46.69,278,44.4,8.24,,7.15,129.9,89.61,96.19,Pass,No,None,None,Feb-25,0,0,1,0,0,0,1
B001307,COX-2 Inhibitor,Line 2,2025-01-14,Team C,23.3,40.7,333,29.8,5.65,99.57,,121,91.94,93.38,Pass,No,None,None,Jan-25,0,0,0,1,0,0,1
B001308,COX-2 Inhibitor,Line 2,2025-10-09,Team C,22.23,37.28,364,25.7,6.8,98.94,6.52,120.7,91.78,92.51,Pass,Yes,Documentation,Minor,Oct-25,0,0,0,0,0,0,0
B001309,Antidepressant,Line 3,2024-06-13,Team B,24.28,39.15,312,48.6,7.38,99.27,6.78,138.2,82.83,93.27,Pass,No,None,None,Jun-24,0,0,0,0,0,0,0
B001310,AED,Line 2,2025-04-01,Team C,21.38,43.8,328,40.9,7.86,98.99,6.82,132.4,89.84,94.97,Pass,No,None,None,Apr-25,0,0,0,0,0,0,0
B001311,GLP-1 Agonist,Line 2,2024-08-19,Team D,20.82,40.88,301,59.7,8.03,98.26,6.97,146.1,84.42,91.61,Pass,No,None,None,Aug-24,0,0,0,0,0,0,0
B001312,AED,Line 3,2025-12-12,Team B,21.03,33.32,334,56.3,8.27,99.03,6.68,135.2,85.9,92.17,Pass,No,None,None,Dec-25,0,0,0,0,0,0,0
B001313,COX-2 Inhibitor,Line 1,2024-07-02,Team A,22.34,41.9,343,35.2,6.42,99.07,,120.9,90.19,95.73,Pass,No,None,None,Jul-24,0,0,0,1,0,0,1
B001314,Antidepressant,Line 3,2025-09-28,Team C,20.71,42.14,303,55.4,6.87,99.43,6.63,127.3,86.06,91.03,Pass,No,None,None,Sep-25,0,0,0,0,0,0,0
B001315,Antidepressant,Line 1,2025-04-07,Team D,22.22,44.74,321,47.2,8.14,98.81,6.94,129.7,89.93,94.47,Pass,No,None,None,Apr-25,0,0,0,0,0,0,0
B001316,COX-2 Inhibitor,Line 2,2024-06-05,Team D,21.07,51.13,369,34.5,5.96,99.23,6.98,107,88.3,93.88,Pass,No,None,None,Jun-24,0,0,0,0,0,0,0
B001317,COX-2 Inhibitor,LINE 3,2025-07-08,Team C,22.62,43.93,349,24.3,6.52,99.09,6.72,110.4,91.89,94.17,Pass,Yes,Process,Major,Jul-25,0,0,0,0,0,0,0
B001318,Antidepressant,Line 3,2024-06-25,Team D,,37.45,318,47.3,6.96,98.75,6.73,121.6,84.74,94,Pass,No,None,None,Jun-24,1,0,0,0,0,0,1
B001319,COX-2 Inhibitor,Line 3,2024-07-10,Team B,22.21,33.91,381,39.7,6.27,99.13,6.65,118,89.37,95.47,Pass,No,None,None,Jul-24,0,0,0,0,0,0,0
B001320,AED,Line 2,2024-09-09,Team B,22.25,47.44,336,47.4,7.27,99.32,6.98,126.8,86.83,91.47,Pass,No,None,None,Sep-24,0,0,0,0,0,0,0
B001321,GLP-1 Agonist,Line 3,2025-05-13,Team B,23.23,35.65,315,47.2,7.8,98.88,7.11,132.7,84.15,93.95,Pass,No,None,None,May-25,0,0,0,0,0,0,0
B001322,GLP-1 Agonist,Line 2,2024-10-13,Team B,20.69,44.33,306,41.7,6.94,99.13,6.88,,87.04,92.21,Pass,No,None,None,Oct-24,0,0,0,0,1,0,1
B001323,Antidepressant,Line 2,2025-02-20,Team C,21.89,48.99,333,39.7,6.9,99.22,7.01,102.7,86.87,92.64,Pass,No,None,None,Feb-25,0,0,0,0,0,0,0
B001324,AED,Line 1,2025-02-08,TEAM D,21.26,36.28,329,48.9,6.62,98.98,6.8,116.5,85.47,93.92,Pass,No,None,None,Feb-25,0,0,0,0,0,0,0
B001325,GLP-1 Agonist,Line 1,2024-05-23,Team B,20.85,42.77,261,46.1,7.8,98.56,6.88,143.9,87.13,91.72,Pass,Yes,Environmental,Minor,May-24,0,0,0,0,0,0,0
B001326,Aed,Line 2,2024-06-18,Team A,,50.46,322,43,7.16,98.55,7.3,131.1,87.65,94.58,Pass,No,None,None,Jun-24,1,0,0,0,0,0,1
B001327,GLP-1 Agonist,Line 1,2024-08-12,Team D,22.12,45.1,297,39.6,6.14,99.26,7.33,125.6,83.28,93.95,Pass,No,None,None,Aug-24,0,0,0,0,0,0,0
B001328,COX-2 Inhibitor,Line 3,2024-06-11,Team D,22.13,32.52,331,40,6.73,99.35,6.53,130.6,88.85,92.55,Pass,No,None,None,Jun-24,0,0,0,0,0,0,0
B001329,Antidepressant,Line 3,2025-11-02,Team D,23.69,37.73,316,36.4,7.41,98.6,6.79,117.7,87.74,93.42,Pass,No,None,None,Nov-25,0,0,0,0,0,0,0
B001330,Antidepressant,Line 3,2024-10-05,team b,22.31,35.6,292,48.6,6.99,99.39,6.65,126.8,85.31,93.11,Failed,No,None,None,Oct-24,0,0,0,0,0,0,0
B001331,COX-2 Inhibitor,Line 1,2024-10-22,Team C,,45.62,308,34,6.74,98.65,6.72,108.1,87.25,92.47,Pass,No,None,None,Oct-24,1,0,0,0,0,0,1
B001332,GLP-1 Agonist,Line 3,2025-05-06,Team C,21.22,42.07,322,46.9,8.35,98.65,6.87,156.8,85.5,94.1,Pass,No,None,None,May-25,0,0,0,0,0,0,0
B001333,GLP-1 Agonist,Line 1,2025-07-30,Team D,20.9,26.51,308,58.9,7.62,99.18,6.61,147.7,82.89,92.56,Pass,No,None,None,Jul-25,0,0,0,0,0,0,0
B001334,AED,Line 2,2025-05-18,Team D,22.4,42.5,272,42.3,7.2,99.67,7.13,131.1,89.99,96.08,Pass,No,None,None,May-25,0,0,0,0,0,0,0
B001335,AED,Line 3,2025-02-06,Team D,20.57,,305,44.1,8.07,99.14,6.99,136,82.72,94.37,Pass,No,None,None,Feb-25,0,1,0,0,0,0,1
B001336,AED,Line1,2025-12-14,Team B,20.79,44.74,331,47.2,6.9,98.85,6.95,114.9,84.48,93.1,Pass,No,None,None,Dec-25,0,0,0,0,0,0,0
B001337,Antidepressant,Line 1,2025-10-19,Team A,21.56,42.73,315,31.2,6.51,99.11,6.71,112.1,87.68,93.64,Pass,No,None,None,Oct-25,0,0,0,0,0,0,0
B001338,COX-2 Inhibitor,Line 1,2024-05-27,Team A,23.01,41.18,362,44.9,7.47,99.44,6.71,126.9,88.33,95.74,Pass,Yes,Environmental,Minor,May-24,0,0,0,0,0,0,0
B001339,AED,Line 2,2024-04-26,Team D,,38.71,334,50.5,7.02,99.41,6.67,135,88.3,92.72,Pass,No,None,None,Apr-24,1,0,0,0,0,0,1
B001340,GLP-1 Agonist,Line 3,2024-10-14,Team D,22.54,39.91,276,52.4,8.56,98.81,6.88,163.3,,93.46,Pass,No,None,None,Oct-24,0,0,0,0,0,1,1
B001341,Antidepressant,Line 1,2025-09-02,Team A,22.4,42.26,317,22.4,5.72,99.02,6.66,106.5,89.12,88.77,Pass,No,None,None,Sep-25,0,0,0,0,0,0,0
B001342,AED,Line 1,2025-12-06,Team B,21.74,47.08,307,42.6,7.13,98.7,7.13,136.8,86.49,95.77,Pass,No,None,None,Dec-25,0,0,0,0,0,0,0
B001343,GLP-1 Agonist,Line 2,2025-05-28,Team A,22.1,43.48,275,40,7.77,99.04,6.82,140.9,85.36,93.01,Pass,No,None,None,May-25,0,0,0,0,0,0,0
B001344,COX-2 Inhibitor,Line 1,2025-05-19,Team B,21.64,43.43,314,43.2,5.46,99.47,6.58,122.9,,91.66,Pass,Yes,Material,Minor,May-25,0,0,0,0,0,1,1
B001345,AED,Line 3,2024-06-19,Team C,20.42,49.47,300,52.3,7.61,98.35,6.77,140.4,84.1,93.07,Pass,Yes,Documentation,Major,Jun-24,0,0,0,0,0,0,0
B001346,COX-2 Inhibitor,Line 3,2025-03-08,Team C,22.83,41.13,328,41.6,7.31,99.05,6.58,120.3,84.64,92.01,Pass,No,None,None,Mar-25,0,0,0,0,0,0,0
B001347,GLP-1 Agonist,Line 3,2024-05-14,Team B,,32.78,305,42.9,8.1,98.69,6.81,119.1,87.61,91.65,Pass,No,None,None,May-24,1,0,0,0,0,0,1
B001348,GLP-1 Agonist,Line 3,2025-01-29,Team B,21.45,42.39,319,57.7,8.2,98.91,7.12,150.3,86.43,92.31,Failed,No,None,None,Jan-25,0,0,0,0,0,0,0
B001349,GLP-1 Agonist,Line 2,2024-05-21,Team C,21.59,40.63,309,46.6,7.14,98.57,6.95,142,85.57,93.1,Pass,No,None,None,May-24,0,0,0,0,0,0,0
B001350,Antidepressant,Line 3,2024-02-25,Team C,22.19,44.48,334,53.4,8.1,98.65,6.79,140.7,85.61,93.83,Pass,No,None,None,Feb-24,0,0,0,0,0,0,0
B001351,Aed,Line 1,2025-12-08,Team A,22.5,37.68,310,45.5,7.14,99.37,6.87,130.9,83.6,94.49,Pass,No,None,None,Dec-25,0,0,0,0,0,0,0
B001352,AED,Line 1,2025-10-15,Team A,22.42,52.95,326,46.8,7.66,98.78,7.01,140,82.15,94.14,Pass,No,None,None,Oct-25,0,0,0,0,0,0,0
B001353,GLP-1 Agonist,Line 2,2025-05-15,Team B,21.65,43.55,297,44.5,7.89,98.85,7.31,128.9,82.27,94.17,Pass,No,None,None,May-25,0,0,0,0,0,0,0
B001354,GLP-1 Agonist,Line 1,2025-04-02,Team B,21.17,38.56,292,55.7,7.82,99.09,6.88,156.6,84.51,92.03,Pass,No,None,None,Apr-25,0,0,0,0,0,0,0
B001355,AED,Line 3,2024-06-24,Team D,21.88,39.32,349,49.8,8.41,99.28,6.91,126.9,84.85,93.07,Pass,No,None,None,Jun-24,0,0,0,0,0,0,0
B001356,Antidepressant,Line 3,2025-02-21,Team D,21.55,47.39,278,51.4,7.35,98.88,6.98,133,86.9,92.89,Failed,No,None,None,Feb-25,0,0,0,0,0,0,0
B001357,GLP-1 Agonist,Line 3,2025-06-30,TEAM C,21.35,34.49,266,49.5,8.86,98.88,6.81,147.6,84.7,92.9,Pass,No,None,None,Jun-25,0,0,0,0,0,0,0
B001358,GLP-1 Agonist,Line 1,2025-01-29,Team A,23.46,51.31,307,47.7,8.52,98.61,7.16,133.2,,95.09,Pass,No,None,None,Jan-25,0,0,0,0,0,1,1
B001359,COX-2 Inhibitor,Line 2,2024-07-25,Team A,22.64,39.93,335,41.3,7.29,99.5,6.61,128.2,90.03,93.87,Pass,No,None,None,Jul-24,0,0,0,0,0,0,0
B001360,Antidepressant,Line 3,2024-10-13,Team B,22.34,50.6,294,51.4,7.58,98.91,6.96,130.9,84.99,91.82,Pass,No,None,None,Oct-24,0,0,0,0,0,0,0
B001361,COX-2 Inhibitor,Line 1,2025-09-06,Team C,21.97,42.08,321,42.6,8.16,99.12,6.71,122.3,85.97,93.44,Pass,No,None,None,Sep-25,0,0,0,0,0,0,0
B001362,GLP-1 Agonist,Line 2,2024-07-05,Team C,22.27,47.9,283,48.8,7.91,98.9,7.07,138.1,81.35,90.92,Pass,No,None,None,Jul-24,0,0,0,0,0,0,0
B001363,COX-2 Inhibitor,line 2,2025-12-03,Team A,23.07,39.33,356,26.8,6.34,99.71,6.52,106.2,93.87,94.92,Pass,No,None,None,Dec-25,0,0,0,0,0,0,0
B001364,Antidepressant,line 3,2025-07-06,Team D,22.58,,342,47,7.51,99.07,7.03,151.1,84.43,92.54,Pass,No,None,None,Jul-25,0,1,0,0,0,0,1
B001365,GLP-1 Agonist,LINE 3,2025-10-12,Team B,21.66,44.02,330,40.6,7.27,98.77,7.1,127.7,83.44,91.67,Pass,No,None,None,Oct-25,0,0,0,0,0,0,0
B001366,GLP-1 Agonist,Line 1,2025-01-07,Team C,22.28,43.31,271,48.2,8.52,99.42,6.83,117.6,86.25,95.54,Pass,No,None,None,Jan-25,0,0,0,0,0,0,0
B001367,Antidepressant,Line 2,2024-06-12,Team A,22.95,47.5,295,41.4,6.66,99.35,6.83,118.5,84.54,94.45,Pass,No,None,None,Jun-24,0,0,0,0,0,0,0
B001368,Antidepressant,Line 2,2024-01-25,Team D,22.21,39.56,294,34.2,7.23,99.45,6.58,121.9,89.39,93.93,Pass,No,None,None,Jan-24,0,0,0,0,0,0,0
B001369,Antidepressant,Line 1,2025-01-26,Team C,21.91,42.42,343,44,7.71,98.96,6.9,123,86.89,92.98,Pass,No,None,None,Jan-25,0,0,0,0,0,0,0
B001370,GLP-1 Agonist,Line 2,2024-10-18,Team A,22.17,46.24,308,59.8,8.55,98.65,7.06,156.7,85.6,93.01,Pass,No,None,None,Oct-24,0,0,0,0,0,0,0
B001371,Antidepressant,Line 1,2024-03-24,Team B,21.32,38.47,321,40.3,6.56,98.66,6.75,132.6,90.15,94.57,Pass,No,None,None,Mar-24,0,0,0,0,0,0,0
B001372,aed,Line 1,2025-11-09,Team B,21.26,46.86,319,48.2,7.22,99.22,6.87,129.4,88.85,92.77,Pass,No,None,None,Nov-25,0,0,0,0,0,0,0
B001373,GLP-1 Agonist,Line 2,2025-12-10,Team A,21.46,38.9,299,60,6.75,98.96,6.92,132.4,84,90.21,Pass,No,None,None,Dec-25,0,0,0,0,0,0,0
B001374,AED,Line 1,2024-09-30,Team D,20.49,45.03,295,49.7,7.4,98.49,7.04,121.8,84.26,95.6,Pass,No,None,None,Sep-24,0,0,0,0,0,0,0
B001375,AED,Line 2,2025-05-03,Team D,22.42,44.42,324,40.5,7.58,99.27,7.06,127.7,85.24,92.75,Pass,No,None,None,May-25,0,0,0,0,0,0,0
B001376,Antidepressant,Line 1,2024-10-29,Team D,21.28,38.06,317,43.3,6.91,99.08,6.84,111.8,86.6,93.63,Pass,No,None,None,Oct-24,0,0,0,0,0,0,0
B001377,COX-2 Inhibitor,Line 3,2024-12-29,Team B,22.15,41.7,318,42.1,6.77,99.1,6.51,120,92.04,93.73,Pass,No,None,None,Dec-24,0,0,0,0,0,0,0
B001378,AED,Line 1,2025-04-01,Team C,21.64,44.72,325,52.9,7.41,98.54,6.92,148.3,85.03,93.12,Pass,No,None,None,Apr-25,0,0,0,0,0,0,0
B001379,COX-2 Inhibitor,Line 3,2024-10-31,Team B,22.53,42.49,332,46.2,7.9,99.28,,129.2,87.28,93.68,Pass,Yes,Equipment,Minor,Oct-24,0,0,0,1,0,0,1
B001380,GLP-1 Agonist,Line 1,2025-08-09,Team B,21.24,47.86,304,31.8,7.2,98.97,7,127,92.26,91.4,Pass,No,None,None,Aug-25,0,0,0,0,0,0,0
B001381,GLP-1 Agonist,Line 2,2024-05-18,Team C,21.45,45.05,298,43.3,8.66,98.84,6.85,126.5,87.11,92.94,Pass,No,None,None,May-24,0,0,0,0,0,0,0
B001382,Antidepressant,Line 1,2025-05-03,Team B,21.96,43.45,336,40.6,6.64,98.96,6.67,125.7,86.6,95.51,Pass,No,None,None,May-25,0,0,0,0,0,0,0
B001383,GLP-1 Agonist,Line 1,2025-12-19,Team D,21.16,36.18,304,41.4,7.69,99.74,7.09,131.1,88.79,92.31,Pass,No,None,None,Dec-25,0,0,0,0,0,0,0
B001384,AED,Line 2,2025-09-13,Team A,21.22,39.88,299,23.6,6.31,98.7,6.73,118.4,89.6,92.77,Failed,No,None,None,Sep-25,0,0,0,0,0,0,0
B001385,AED,Line 3,2024-02-03,Team A,22.61,53.87,321,42.5,8.7,98.57,7.08,137.2,87.48,92.95,Pass,No,None,None,Feb-24,0,0,0,0,0,0,0
B001386,Antidepressant,Line 3,2024-03-24,Team D,20.42,36.95,326,43.5,7.5,99.38,6.71,136.5,88.26,95.76,Pass,No,None,None,Mar-24,0,0,0,0,0,0,0
B001387,COX-2 Inhibitor,Line 1,2025-04-04,Team D,22.35,43.57,349,35.1,7.67,98.88,6.71,117.1,88.43,94.3,Pass,No,None,None,Apr-25,0,0,0,0,0,0,0
B001388,GLP-1 Agonist,Line 1,2025-11-06,Team D,21.15,41.8,319,41.5,7.34,98.62,,138.1,87.58,91,Pass,No,None,None,Nov-25,0,0,0,1,0,0,1
B001389,AED,Line 3,2025-09-08,Team B,22.11,42.44,304,45.7,8.52,99.27,7,128.3,89.79,91.93,Pass,No,None,None,Sep-25,0,0,0,0,0,0,0
B001390,Antidepressant,Line 2,2025-10-22,Team B,20.91,36.99,332,42.9,7.1,99.35,6.73,137,86.16,94.93,Pass,No,None,None,Oct-25,0,0,0,0,0,0,0
B001391,AED,Line 1,2024-04-19,Team A,21.43,40.08,284,42.4,7.67,99.18,6.8,120.2,90.36,95.37,Pass,No,None,None,Apr-24,0,0,0,0,0,0,0
B001392,AED,Line 3,2025-01-14,Team B,21.72,41.27,313,54,7.3,99.03,6.9,136.9,83.47,91.02,Pass,No,None,None,Jan-25,0,0,0,0,0,0,0
B001393,Antidepressant,Line 2,2025-06-14,Team C,22.8,38.45,315,41.3,7.17,98.92,6.59,136.9,91.79,93.58,Pass,No,None,None,Jun-25,0,0,0,0,0,0,0
B001394,Antidepressant,Line 2,2025-04-01,Team B,22.25,48.64,346,37.2,6.24,98.91,6.96,118.5,86.68,94.33,Pass,No,None,None,Apr-25,0,0,0,0,0,0,0
B001395,AED,Line 2,2025-07-22,Team B,20.91,43.95,312,37.8,7.19,98.96,6.85,114.1,87.13,92.95,Pass,No,None,None,Jul-25,0,0,0,0,0,0,0
B001396,Antidepressant,Line 2,2024-06-04,Team A,21.63,39.38,331,40.8,6.12,99.37,6.69,121.7,91.23,93.85,Pass,No,None,None,Jun-24,0,0,0,0,0,0,0
B001397,GLP-1 Agonist,Line 1,2024-11-30,Team B,22.16,40.53,268,54.1,7.96,99.04,7.04,154.8,88.31,91.24,Pass,No,None,None,Nov-24,0,0,0,0,0,0,0
B001398,AED,Line 3,2024-11-23,Team C,20.9,47.34,309,42,8.15,98.65,6.93,109.8,88.75,93.75,Pass,Yes,Process,Major,Nov-24,0,0,0,0,0,0,0
B001399,COX-2 Inhibitor,Line 1,2025-11-18,Team C,22.44,41.28,325,40.3,6.98,99.42,6.65,120.5,86.21,95.83,Pass,No,None,None,Nov-25,0,0,0,0,0,0,0
B001400,GLP-1 Agonist,Line 3,2024-05-28,Team C,21.49,44.51,345,50,7.54,98.37,7.18,136.1,85.22,93.45,Failed,No,None,None,May-24,0,0,0,0,0,0,0
B001401,GLP-1 Agonist,Line 3,2024-08-26,Team D,21.21,33.64,288,60.5,7.54,,6.76,147.6,83.16,91.05,Pass,No,None,None,Aug-24,0,0,1,0,0,0,1
B001402,Antidepressant,Line 3,2024-01-17,Team A,24.02,47.86,321,45.6,7.75,98.61,6.95,126.8,84.86,92.59,Pass,No,None,None,Jan-24,0,0,0,0,0,0,0
B001403,AED,Line 1,2024-04-20,Team B,21.49,43.96,317,41.2,8.04,98.74,7.04,136,89.22,94.19,Pass,No,None,None,Apr-24,0,0,0,0,0,0,0
B001404,GLP-1 Agonist,Line 1,2025-12-18,Team C,21.84,39.76,271,51.1,7.38,99.48,7.11,140.6,83.74,93.51,Pass,No,None,None,Dec-25,0,0,0,0,0,0,0
B001405,Antidepressant,Line 2,2025-09-11,Team B,21.43,38.53,311,45.2,8.27,98.74,7.01,137.6,84.28,92.65,Pass,No,None,None,Sep-25,0,0,0,0,0,0,0
B001406,GLP-1 Agonist,Line 2,2024-07-08,Team D,21.9,33.86,307,45.8,7.72,98.78,,149.2,82.53,92.8,Pass,No,None,None,Jul-24,0,0,0,1,0,0,1
B001407,AED,Line 3,2025-05-28,Team A,22.45,35.67,317,39.1,6.37,99.19,6.7,128.5,91.23,93.32,Pass,Yes,Equipment,Minor,May-25,0,0,0,0,0,0,0
B001408,Antidepressant,Line 2,2025-03-09,Team A,21.56,38.19,279,44.9,6.24,99.02,6.84,125,86.05,94.11,Pass,Yes,Equipment,Minor,Mar-25,0,0,0,0,0,0,0
B001409,AED,Line 3,2025-10-24,Team B,21.76,46.94,305,45.8,8.1,98.94,7.09,136.4,85.17,91.57,Pass,No,None,None,Oct-25,0,0,0,0,0,0,0
B001410,COX-2 Inhibitor,Line 1,2024-08-07,Team B,21.83,38.19,358,29.7,6.38,99.66,6.55,117.3,88.23,93.28,Pass,No,None,None,Aug-24,0,0,0,0,0,0,0
B001411,AED,Line 2,2025-12-27,Team D,20.94,36.26,326,45.4,8.13,99.28,6.87,,89.64,93.35,Pass,No,None,None,Dec-25,0,0,0,0,1,0,1
B001412,AED,Line 1,2024-09-27,Team B,22.58,39.45,337,41.5,6.52,98.89,7.19,129.7,84.59,94.53,Pass,No,None,None,Sep-24,0,0,0,0,0,0,0
B001412,AED,Line 1,2024-09-27,Team B,22.58,39.45,337,41.5,6.52,98.89,7.19,129.7,84.59,94.53,Pass,No,None,None,Sep-24,0,0,0,0,0,0,0
B001413,AED,Line 3,2025-06-08,Team B,21.38,42.08,297,37.2,7.44,98.94,6.91,124.6,85.16,95.55,Pass,No,None,None,Jun-25,0,0,0,0,0,0,0
B001414,AED,Line 1,2024-10-17,Team A,19.99,42.27,338,43.1,7.24,99.19,7.01,124.9,86.64,94.31,Pass,No,None,None,Oct-24,0,0,0,0,0,0,0
B001415,Antidepressant,Line 1,2025-05-05,Team B,23.32,41.36,319,48.1,7.13,99.25,6.98,123,86.86,92.55,Pass,No,None,None,May-25,0,0,0,0,0,0,0
B001416,AED,Line 3,2024-09-01,Team C,21.2,49.16,344,53.1,7.72,98.88,7.31,132.5,86.38,92.29,Failed,No,None,None,Sep-24,0,0,0,0,0,0,0
B001417,GLP-1 Agonist,Line 2,2025-09-08,Team C,21.32,46.25,300,52.2,7.75,98.94,7.09,153.4,83.46,92.77,Pass,No,None,None,Sep-25,0,0,0,0,0,0,0
B001418,GLP-1 Agonist,Line 1,2025-04-10,Team C,22.73,50.03,263,49.5,7.95,98.86,7.27,135.8,89.13,94.39,Pass,No,None,None,Apr-25,0,0,0,0,0,0,0
B001419,AED,Line 1,2024-07-30,Team B,21.69,35.88,330,48.3,7.58,,6.71,142.6,84.94,95.35,Pass,No,None,None,Jul-24,0,0,1,0,0,0,1
B001420,AED,Line 2,2025-12-03,Team A,21.68,39.72,307,44.5,7.42,98.85,6.87,132.1,84.56,95.75,Pass,No,None,None,Dec-25,0,0,0,0,0,0,0
B001421,COX-2 Inhibitor,Line 1,2025-06-02,Team A,21.58,46.49,333,30.9,7.02,99.35,6.71,102.9,87.85,94.84,Pass,No,None,None,Jun-25,0,0,0,0,0,0,0
B001422,GLP-1 Agonist,Line 1,2024-11-09,Team A,20.27,37.73,274,43,6.96,99.09,6.71,136.2,85.19,92.9,Pass,No,None,None,Nov-24,0,0,0,0,0,0,0
B001423,GLP-1 Agonist,Line 2,2024-04-09,Team C,21.38,44.3,329,44.7,6.69,98.28,6.84,126.2,83.73,94.62,Pass,Yes,Equipment,Minor,Apr-24,0,0,0,0,0,0,0
B001424,GLP-1 Agonist,Line 1,2025-12-12,Team D,21.77,41.04,291,54.7,8.59,98.69,7.04,148.2,86.44,92.2,Pass,No,None,None,Dec-25,0,0,0,0,0,0,0
B001425,GLP-1 Agonist,Line 2,2025-07-05,Team D,21.73,47.9,328,52.9,7.45,98.67,7.14,140.8,82.61,92.71,Pass,No,None,None,Jul-25,0,0,0,0,0,0,0
B001426,GLP-1 Agonist,Line 2,2025-05-03,Team B,21.14,45.21,292,41.1,7.35,98.8,6.92,142,86.66,92.02,Pass,No,None,None,May-25,0,0,0,0,0,0,0
B001427,Antidepressant,Line 1,2025-09-01,Team A,,47.31,303,41.3,6.64,99.36,7.07,137.4,85.86,92.42,Pass,No,None,None,Sep-25,1,0,0,0,0,0,1
B001428,Antidepressant,Line 1,2025-03-19,Team C,20.62,39.94,344,39.8,6.57,100.06,6.64,107.8,85.81,96.05,Pass,No,None,None,Mar-25,0,0,0,0,0,0,0
B001429,COX-2 Inhibitor,Line 1,2024-06-18,Team A,22.85,42.51,339,37.1,5.77,98.48,6.74,113.3,91.59,96.12,Pass,No,None,None,Jun-24,0,0,0,0,0,0,0
B001430,GLP-1 Agonist,Line 1,2024-06-22,Team C,21.62,38.47,299,45.1,7.38,99.05,6.9,125.1,90.06,90.53,Pass,No,None,None,Jun-24,0,0,0,0,0,0,0
B001431,aed,Line 1,2024-02-27,Team B,23.28,36.47,292,52.7,7.93,99.07,6.83,154.8,88.4,94.28,Pass,No,None,None,Feb-24,0,0,0,0,0,0,0
B001432,COX-2 Inhibitor,LINE 3,2024-02-15,Team D,22.51,50.36,332,39.4,7,98.98,6.93,117.4,84.91,94.37,Pass,No,None,None,Feb-24,0,0,0,0,0,0,0
B001433,Antidepressant,Line 3,2025-06-16,Team C,21.29,45.73,328,43.7,7.69,99.18,6.95,116.7,84.16,95.28,Pass,No,None,None,Jun-25,0,0,0,0,0,0,0
B001434,Antidepressant,Line 2,2025-09-14,Team C,21.96,40.27,297,42.2,6.74,99.15,6.86,146.5,92.01,94.76,Pass,No,None,None,Sep-25,0,0,0,0,0,0,0
B001435,Antidepressant,Line 2,2024-04-29,Team B,21.75,48.52,310,36.3,7.3,98.89,,115.7,88.16,92.17,Pass,No,None,None,Apr-24,0,0,0,1,0,0,1
B001436,AED,Line 2,2025-02-23,TEAM D,22.13,40.85,307,45.6,7.04,99,6.73,117,83.57,94.16,Pass,No,None,None,Feb-25,0,0,0,0,0,0,0
B001437,Antidepressant,Line 3,2024-03-31,Team C,22.02,32.81,321,49.3,6.45,99.36,6.8,122.1,88.46,92.09,Pass,No,None,None,Mar-24,0,0,0,0,0,0,0
B001438,GLP-1 Agonist,Line 1,2024-10-29,Team C,20.56,45.04,327,56.1,8.26,99.02,6.92,145,84.69,90.92,Pass,No,None,None,Oct-24,0,0,0,0,0,0,0
B001439,AED,Line 1,2025-08-01,Team B,20.57,37.61,310,37.7,7.47,99.15,6.82,125.3,89.57,94.2,Pass,Yes,Environmental,Minor,Aug-25,0,0,0,0,0,0,0
B001440,AED,Line 1,2025-08-16,Team B,22,43.02,303,35.6,6.67,98.82,6.87,115.9,83.76,93.28,Failed,No,None,None,Aug-25,0,0,0,0,0,0,0
B001441,Antidepressant,Line 1,2025-11-24,Team D,23.04,43.03,369,41.3,7.64,99.85,6.86,120.2,87.4,96.61,Pass,No,None,None,Nov-25,0,0,0,0,0,0,0
B001442,Antidepressant,Line 1,2024-08-15,Team B,22.06,43.93,312,48.1,6.75,99.17,6.77,129.7,88.99,93.46,Pass,No,None,None,Aug-24,0,0,0,0,0,0,0
B001443,Antidepressant,Line 3,2025-11-24,Team A,,46.24,317,44.5,7.81,99.2,6.84,141,85.55,92.91,Pass,No,None,None,Nov-25,1,0,0,0,0,0,1
B001444,Antidepressant,Line 3,2025-07-26,Team B,22.76,44.9,314,46.2,8.46,98.86,7.04,133.4,89.35,94.45,Pass,No,None,None,Jul-25,0,0,0,0,0,0,0
B001445,Antidepressant,Line 1,2024-09-04,Team B,22.2,44.75,315,34.5,6.76,99.11,6.69,114.7,86.45,92.71,Pass,No,None,None,Sep-24,0,0,0,0,0,0,0
B001446,COX-2 Inhibitor,Line 2,2024-08-27,Team B,21.89,39.05,341,34.9,6.37,99.28,6.66,114.9,89.02,94.32,Pass,No,None,None,Aug-24,0,0,0,0,0,0,0
B001447,AED,Line 2,2024-03-19,Team A,21.95,45.47,332,32.9,6.82,98.4,,129.7,92.49,92.66,Pass,No,None,None,Mar-24,0,0,0,1,0,0,1
B001448,GLP-1 Agonist,Line 2,2025-11-04,Team A,22.41,32.47,307,46.2,8.63,98.81,6.94,153.1,83.49,93.06,Pass,No,None,None,Nov-25,0,0,0,0,0,0,0
B001449,COX-2 Inhibitor,Line 2,2024-05-28,Team B,22.9,50.81,359,26.1,6.4,98.82,6.74,100.9,91.44,92.54,Pass,No,None,None,May-24,0,0,0,0,0,0,0
B001450,Antidepressant,Line 1,2024-07-14,Team B,22.56,34.99,339,49.3,8.44,99.02,6.7,140.2,87.97,92.08,Pass,No,None,None,Jul-24,0,0,0,0,0,0,0
B001451,AED,Line 3,2024-10-28,Team A,21.45,42.27,319,55.1,8.16,98.67,6.75,136.6,84.79,93.23,Pass,No,None,None,Oct-24,0,0,0,0,0,0,0
B001452,COX-2 Inhibitor,Line 3,2024-04-10,Team B,22.35,36.41,347,40.3,6.67,99.25,6.77,107.4,87.44,94.14,Pass,No,None,None,Apr-24,0,0,0,0,0,0,0
B001453,AED,Line 2,2025-08-12,Team B,21.71,40.35,335,35.7,6.65,99.41,6.88,108.3,86.45,93.28,Pass,No,None,None,Aug-25,0,0,0,0,0,0,0
B001454,AED,Line 2,2025-05-25,Team A,21.76,44.07,295,46.1,7.37,98.99,6.95,144,86.94,94.6,Pass,No,None,None,May-25,0,0,0,0,0,0,0
B001455,GLP-1 Agonist,Line 2,2024-04-24,Team B,22.38,37.36,345,58.2,7.04,98.61,7.03,159.4,83.63,92.96,Pass,No,None,None,Apr-24,0,0,0,0,0,0,0
B001456,Antidepressant,Line 1,2024-04-29,Team B,20.24,47.72,311,44.6,6.83,98.77,6.74,121.7,84.37,94.27,Pass,No,None,None,Apr-24,0,0,0,0,0,0,0
B001457,Antidepressant,Line 1,2024-01-17,Team A,22.02,43.13,314,48.5,6.98,98.98,6.74,127.7,89.25,93.43,Pass,No,None,None,Jan-24,0,0,0,0,0,0,0
B001458,GLP-1 Agonist,Line 2,2025-11-24,Team D,21.44,37.69,278,44.3,7.8,98.56,6.96,120.6,84.36,91.6,Pass,No,None,None,Nov-25,0,0,0,0,0,0,0
B001459,AED,Line 1,2024-11-14,Team A,20.77,43.33,294,40.2,8.2,99.1,6.71,133.5,84.76,93.01,Pass,No,None,None,Nov-24,0,0,0,0,0,0,0
B001460,GLP-1 Agonist,Line 3,2025-04-24,Team C,22,46.1,318,49.1,8.22,99.18,6.86,140.9,83.89,93.44,Pass,No,None,None,Apr-25,0,0,0,0,0,0,0
B001461,COX-2 Inhibitor,Line 2,2024-04-19,Team C,21.96,47.54,381,27.4,5.17,98.94,6.68,97.8,88.64,92.37,Pass,No,None,None,Apr-24,0,0,0,0,0,0,0
B001462,GLP-1 Agonist,Line 2,2024-06-17,Team D,21.23,34.31,290,60.5,7.73,99.04,6.75,149.8,82.89,91.66,Pass,No,None,None,Jun-24,0,0,0,0,0,0,0
B001463,Antidepressant,Line 1,2025-01-30,Team C,23.39,38.6,326,42.8,7.17,99,6.71,113,85.13,96.53,Pass,No,None,None,Jan-25,0,0,0,0,0,0,0
B001464,GLP-1 Agonist,Line 3,2024-06-01,Team C,22.26,42.37,304,54.3,8.42,98.68,7.07,149.8,85.26,91.6,Pass,No,None,None,Jun-24,0,0,0,0,0,0,0
B001465,COX-2 Inhibitor,Line 1,2025-03-24,Team D,22.93,44.77,358,35.5,7.4,99.19,6.83,106.5,92.5,93.54,Pass,No,None,None,Mar-25,0,0,0,0,0,0,0
B001466,COX-2 Inhibitor,Line1,2025-11-06,Team D,22.79,37.75,380,28.5,6.8,99.06,6.85,114.4,90.94,93.32,Pass,No,None,None,Nov-25,0,0,0,0,0,0,0
B001467,GLP-1 Agonist,Line 1,2024-08-11,Team A,21.38,43.75,327,55.8,8.59,98.66,7.02,137.6,81.41,90.75,Pass,No,None,None,Aug-24,0,0,0,0,0,0,0
B001468,Antidepressant,Line 2,2025-03-20,Team D,,37.55,316,35.8,6.66,98.66,6.75,100.6,86.8,95.16,Pass,No,None,None,Mar-25,1,0,0,0,0,0,1
B001469,COX-2 Inhibitor,Line 3,2025-10-31,Team B,23.1,49.52,350,40.4,7.64,99.04,6.81,131.1,88.45,94.64,Pass,No,None,None,Oct-25,0,0,0,0,0,0,0
B001470,Antidepressant,Line 1,2025-10-15,Team A,21.44,44.65,331,43.4,6.56,99.37,6.88,135.5,83.41,93.9,Pass,No,None,None,Oct-25,0,0,0,0,0,0,0
B001471,AED,Line 3,2024-01-06,Team C,,38.34,315,46.9,8.25,99.25,6.89,129,83.34,92.96,Pass,No,None,None,Jan-24,1,0,0,0,0,0,1
B001472,Antidepressant,Line 1,2024-03-21,Team D,22.43,39.35,300,37.7,6.69,99.55,6.87,124.4,85.15,92.87,Pass,No,None,None,Mar-24,0,0,0,0,0,0,0
B001473,Antidepressant,Line 2,2025-12-21,Team A,21.96,39.27,306,40.2,6.14,98.94,6.87,128.9,88.28,95.56,Pass,No,None,None,Dec-25,0,0,0,0,0,0,0
B001474,GLP-1 Agonist,Line 1,2025-11-07,Team A,20.43,40.8,321,41.8,7.91,99.2,7.04,137.9,91.88,94.79,Pass,No,None,None,Nov-25,0,0,0,0,0,0,0
B001475,GLP-1 Agonist,Line 2,2024-08-23,Team D,21.82,38.98,323,52.5,8.72,98.62,7.14,157.8,82.12,91.02,Pass,No,None,None,Aug-24,0,0,0,0,0,0,0
B001476,GLP-1 Agonist,Line 2,2025-01-15,Team C,21.3,34.27,296,51.1,7.69,99.21,6.89,145.2,86.93,94.15,Pass,No,None,None,Jan-25,0,0,0,0,0,0,0
B001477,GLP-1 Agonist,Line 2,2025-02-22,Team A,21.9,33.03,305,47.9,8.66,99.48,,135.9,84.48,93.23,Pass,Yes,Equipment,Minor,Feb-25,0,0,0,1,0,0,1
B001478,AED,Line 1,2025-05-03,Team D,22.13,46.75,337,40.9,6.24,99.07,6.92,131,84.84,95.22,Pass,No,None,None,May-25,0,0,0,0,0,0,0
B001479,GLP-1 Agonist,Line 3,2025-07-02,TEAM B,21.04,41.43,269,60.1,7.91,99.36,6.98,145,86.66,88.99,Pass,No,None,None,Jul-25,0,0,0,0,0,0,0
B001480,GLP-1 Agonist,Line 3,2024-09-29,Team B,21.97,40.53,292,42.3,7.87,98.72,6.85,126.8,91.17,92.52,Pass,No,None,None,Sep-24,0,0,0,0,0,0,0
B001481,GLP-1 Agonist,Line 2,2025-10-12,Team B,21.13,41.35,336,38.5,7.26,98.88,6.92,143.5,88.32,91.37,Pass,No,None,None,Oct-25,0,0,0,0,0,0,0
B001482,Antidepressant,Line 2,2024-02-13,Team C,21.68,38.91,325,41.5,6.62,98.88,6.62,130.7,88.58,95.39,Pass,No,None,None,Feb-24,0,0,0,0,0,0,0
B001483,COX-2 Inhibitor,Line 3,2024-01-24,Team A,22.1,43.92,320,38.1,7.03,99.14,6.77,103.7,88.52,95.02,Pass,No,None,None,Jan-24,0,0,0,0,0,0,0
B001484,Antidepressant,Line 1,2025-12-01,Team B,22.85,54.69,322,47,6.89,98.96,7.03,122.4,86.77,94.13,Pass,No,None,None,Dec-25,0,0,0,0,0,0,0
B001485,COX-2 Inhibitor,Line 3,2024-05-09,Team B,22.29,48.87,358,43.1,6.93,99.06,6.59,130.8,88.24,93.94,Failed,Yes,Material,Minor,May-24,0,0,0,0,0,0,0
B001486,Antidepressant,Line 1,2025-12-28,Team A,23.03,40.56,274,41.2,7.12,98.96,6.7,110.3,89.64,96.65,Pass,No,None,None,Dec-25,0,0,0,0,0,0,0
B001487,AED,Line 3,2024-07-28,Team D,23.14,41.38,318,49.3,7.43,98.81,7.11,128.6,89.29,93,Pass,No,None,None,Jul-24,0,0,0,0,0,0,0
B001488,GLP-1 Agonist,Line1,2024-09-23,Team A,20.95,25.7,293,50.7,7.83,99.27,6.83,163.8,84.37,94.32,Pass,No,None,None,Sep-24,0,0,0,0,0,0,0
B001489,AED,Line 1,2024-01-21,Team D,19.61,49.34,285,56.6,7.35,98.91,7.06,135.1,85.2,93.15,Pass,No,None,None,Jan-24,0,0,0,0,0,0,0
B001490,GLP-1 Agonist,Line 2,2025-11-20,Team A,22.28,43.93,301,48.4,7.15,98.52,6.95,149.2,85.43,94.48,Pass,No,None,None,Nov-25,0,0,0,0,0,0,0
B001491,Antidepressant,Line 2,2024-09-19,Team B,21.74,39.28,318,38.3,7.29,98.6,6.79,137.1,90.63,92.9,Pass,No,None,None,Sep-24,0,0,0,0,0,0,0
B001492,AED,Line 3,2024-05-02,Team A,21.15,36.84,315,47.6,8.68,98.9,6.82,126,91.21,94.31,Pass,No,None,None,May-24,0,0,0,0,0,0,0
B001493,COX-2 Inhibitor,Line 3,2024-12-19,Team B,22.06,37.22,334,25.1,7.08,98.85,6.53,113.8,93.05,93.04,Pass,Yes,Environmental,Minor,Dec-24,0,0,0,0,0,0,0
B001494,AED,Line1,2024-04-23,Team C,21.49,46.22,297,44.8,7.48,98.72,6.9,148.4,88.79,93.08,Pass,No,None,None,Apr-24,0,0,0,0,0,0,0
B001495,GLP-1 Agonist,Line 1,2025-07-31,Team A,22.47,39.55,274,53,7.62,98.81,6.91,145.6,87.1,92.65,Pass,No,None,None,Jul-25,0,0,0,0,0,0,0
B001496,COX-2 Inhibitor,Line 2,2024-02-23,TEAM C,22.62,46.46,328,41.3,6.56,99.06,6.59,142.8,90.89,97.26,Pass,No,None,None,Feb-24,0,0,0,0,0,0,0
B001497,aed,line 2,2024-12-30,Team D,22.76,44.43,330,46.6,7.94,98.74,6.78,126.6,91.72,93.49,Pass,No,None,None,Dec-24,0,0,0,0,0,0,0
B001498,COX-2 Inhibitor,Line 2,2024-10-13,Team B,,47.83,344,41.6,5.47,99.69,6.76,137.9,84.35,94.18,Pass,No,None,None,Oct-24,1,0,0,0,0,0,1
B001499,GLP-1 Agonist,Line 3,2024-01-28,Team A,21.27,41.85,299,55.6,8.22,98.53,6.9,145.8,85.36,92.42,Pass,No,None,None,Jan-24,0,0,0,0,0,0,0
B001500,COX-2 Inhibitor,Line 3,2024-02-08,Team C,22.21,47.14,321,47.3,7.68,99.42,6.74,124,81.04,92.64,Pass,Yes,Process,Minor,Feb-24,0,0,0,0,0,0,0
B001501,COX-2 Inhibitor,Line 1,2025-01-14,Team A,22.92,32.55,333,40.5,6.06,99.27,6.37,125.5,90.65,95.22,Pass,No,None,None,Jan-25,0,0,0,0,0,0,0
B001502,AED,Line 2,2024-10-15,Team A,22.42,37.83,328,43.3,7.47,98.85,6.93,129,88.23,93.4,Pass,No,None,None,Oct-24,0,0,0,0,0,0,0
B001503,GLP-1 Agonist,Line2,2024-04-04,Team B,22.25,38.18,309,35.3,7.56,99.1,7.19,129.5,86.79,91.72,Pass,No,None,None,Apr-24,0,0,0,0,0,0,0
B001504,GLP-1 Agonist,Line 2,2024-04-11,Team B,21.3,45.4,291,53.4,7.19,98.72,7.17,147.3,78.86,92.51,Pass,No,None,None,Apr-24,0,0,0,0,0,0,0
B001505,AED,Line 1,2025-08-11,Team A,21.93,53.4,268,46.8,7.41,98.6,7.21,115,86.64,96.41,Pass,No,None,None,Aug-25,0,0,0,0,0,0,0
B001506,GLP-1 Agonist,Line 2,2025-06-18,Team D,21.94,39.18,288,47.8,7.45,99.43,7.03,131.9,86.22,93.56,Pass,No,None,None,Jun-25,0,0,0,0,0,0,0
B001507,COX-2 Inhibitor,Line 2,2025-03-20,Team C,22.21,39.94,331,34.2,6.7,98.59,6.7,123.1,89.24,94.28,Pass,No,None,None,Mar-25,0,0,0,0,0,0,0
B001508,GLP-1 Agonist,Line 1,2025-09-01,Team D,20.65,30.23,284,52.3,8.32,99.04,6.83,149.9,83.86,94.22,Pass,No,None,None,Sep-25,0,0,0,0,0,0,0
B001509,Antidepressant,Line 3,2024-02-20,Team B,21.4,46.32,313,42.1,7.57,99.07,6.76,130.7,85.41,92.86,Pass,No,None,None,Feb-24,0,0,0,0,0,0,0
B001510,cox-2 inhibitor,Line 1,2025-05-17,Team B,22.32,40.25,355,36.8,6.6,99.61,6.76,119.7,89.1,97.25,Pass,No,None,None,May-25,0,0,0,0,0,0,0
B001511,Antidepressant,Line 2,2025-07-04,Team D,22.5,56.79,319,40.7,7.11,98.74,7.1,128.9,86.17,93.37,Pass,No,None,None,Jul-25,0,0,0,0,0,0,0
B001512,Antidepressant,Line 2,2024-05-26,Team A,22.94,38.3,338,44.5,6.44,99.86,6.69,136.6,89.04,95.66,Pass,No,None,None,May-24,0,0,0,0,0,0,0
B001513,COX-2 Inhibitor,Line 3,2025-01-27,Team B,21.48,53.53,313,33.2,6.76,99.22,6.94,104.2,89.09,95.78,Pass,No,None,None,Jan-25,0,0,0,0,0,0,0
B001514,COX-2 Inhibitor,Line 1,2025-07-14,Team D,22.05,,335,40.1,6.24,98.46,6.69,114.9,84.83,94.53,Pass,No,None,None,Jul-25,0,1,0,0,0,0,1
B001515,AED,Line 1,2025-03-17,Team B,21.53,38.86,280,41,7.73,98.65,6.78,126.6,88.1,93.31,Pass,No,None,None,Mar-25,0,0,0,0,0,0,0
B001516,antidepressant,Line 1,2024-07-01,Team D,22.6,43.16,312,38.2,7.24,99.13,6.91,124.1,89.59,94.2,Pass,No,None,None,Jul-24,0,0,0,0,0,0,0
B001517,Antidepressant,Line 2,2025-04-30,Team B,21.6,45.86,301,45.9,7.51,98.71,6.91,109.9,90.56,94.76,Pass,No,None,None,Apr-25,0,0,0,0,0,0,0
B001518,AED,Line 1,2025-07-09,Team B,21.48,42.87,338,38.5,8.02,99.15,6.89,114.2,90.21,92.2,Pass,No,None,None,Jul-25,0,0,0,0,0,0,0
B001519,Antidepressant,Line 3,2024-01-08,Team D,20.94,46.19,327,48.4,7.39,98.9,6.82,131.7,84.28,93.2,Pass,Yes,Process,Minor,Jan-24,0,0,0,0,0,0,0
B001520,Antidepressant,Line 1,2025-02-18,Team A,22.36,46.08,338,42.6,6.72,98.69,6.88,134.5,,94.54,Pass,No,None,None,Feb-25,0,0,0,0,0,1,1
B001521,GLP-1 Agonist,LINE 1,2025-01-03,Team D,21.38,42.98,292,38.9,7.29,98.63,6.79,127.9,84.58,90.85,Pass,Yes,Environmental,Minor,Jan-25,0,0,0,0,0,0,0
B001522,GLP-1 Agonist,Line 2,2024-09-25,Team A,21.01,39.92,282,55.5,7.18,99.18,6.88,138.5,84.41,90.98,Pass,Yes,Equipment,Minor,Sep-24,0,0,0,0,0,0,0
B001523,AED,Line 3,2024-02-02,TEAM B,21.61,38.13,296,48.2,6.92,98.47,6.69,139.4,87.48,93.55,Pass,No,None,None,Feb-24,0,0,0,0,0,0,0
B001524,COX-2 Inhibitor,Line 3,2024-03-02,Team C,23.35,42.62,345,41.7,7.42,99.41,6.71,120,90.95,94.41,Pass,No,None,None,Mar-24,0,0,0,0,0,0,0
B001525,COX-2 Inhibitor,Line 3,2025-07-02,Team C,21.75,43.88,373,44,6.39,99.44,6.86,132.6,91.47,92.98,Pass,No,None,None,Jul-25,0,0,0,0,0,0,0
B001526,Antidepressant,Line 2,2025-08-27,Team D,21.37,32.62,327,49.2,6.66,99.15,6.72,129.3,89.2,93.52,Pass,No,None,None,Aug-25,0,0,0,0,0,0,0
B001527,GLP1 Agonist,Line 3,2024-11-02,Team D,22.44,40.85,293,50.6,8.19,98.48,6.92,132.2,84.63,92.05,Pass,No,None,None,Nov-24,0,0,0,0,0,0,0
B001528,GLP-1 Agonist,Line 3,2025-11-17,Team C,,39.52,297,51.9,8.06,99.07,6.88,155.9,85.97,94.05,Pass,No,None,None,Nov-25,1,0,0,0,0,0,1
B001529,Antidepressant,Line 1,2025-11-09,Team C,22.5,35.52,319,105,7.52,99.05,6.61,136.9,88.31,94.68,Pass,No,None,None,Nov-25,0,0,0,0,0,0,0
B001530,Antidepressant,Line 2,2025-05-01,Team B,22.3,,356,39.1,6.93,,7.01,115.6,86.66,95.49,Pass,No,None,None,May-25,0,1,1,0,0,0,2
B001531,GLP-1 Agonist,Line 3,2025-02-28,Team D,21.47,38.44,322,40.8,7.46,99.47,6.95,138.9,86.44,90.02,Failed,Yes,Process,Critical,Feb-25,0,0,0,0,0,0,0
B001532,Antidepressant,Line 1,2025-12-06,Team C,21.74,51.65,325,42.2,7.54,,6.97,122.2,91.92,95.32,Pass,No,None,None,Dec-25,0,0,1,0,0,0,1
B001533,COX-2 Inhibitor,Line 2,2025-03-21,team a,23.12,44.1,342,45.6,7.27,98.71,6.48,130.1,88.76,94.55,Pass,No,None,None,Mar-25,0,0,0,0,0,0,0
B001534,COX-2 Inhibitor,Line 2,2025-11-13,Team D,23.37,48.18,345,40.2,5.9,99.13,6.65,112.9,92.83,94.68,Pass,Yes,Equipment,Minor,Nov-25,0,0,0,0,0,0,0
B001535,Antidepressant,Line 2,2025-12-16,Team B,22.81,41.41,329,35.1,6.9,99.05,6.79,129.2,86.56,92.89,Pass,No,None,None,Dec-25,0,0,0,0,0,0,0
B001536,GLP-1 Agonist,Line 1,2024-05-22,Team B,20.61,30.63,293,54,7.62,99.52,6.77,153,84.07,92.55,Pass,No,None,None,May-24,0,0,0,0,0,0,0
B001537,AED,Line 2,2025-04-27,Team B,22.78,47.36,300,42.3,6.8,98.78,7,120.8,88.1,94.61,Pass,No,None,None,Apr-25,0,0,0,0,0,0,0
B001538,COX-2 Inhibitor,Line 3,2025-06-18,Team D,22.23,39.71,359,27,7.59,99.09,6.68,113.3,92.01,91.59,Failed,No,None,None,Jun-25,0,0,0,0,0,0,0
B001539,AED,Line 1,2025-08-22,Team B,21.23,42.32,315,49.6,7.53,99.11,6.98,144.2,85.92,94.49,Pass,No,None,None,Aug-25,0,0,0,0,0,0,0
B001540,GLP-1 Agonist,Line 2,2024-09-12,Team B,21.37,34.74,317,42.8,7.5,99.06,6.67,126.5,88.4,92.98,Pass,No,None,None,Sep-24,0,0,0,0,0,0,0
B001541,AED,Line 1,2025-09-21,Team A,22.42,44.36,345,53.8,7.65,99.02,6.8,130.1,87.16,92.62,Pass,No,None,None,Sep-25,0,0,0,0,0,0,0
B001542,Antidepressant,Line 1,2024-12-22,Team B,22.41,47.33,329,48.3,7.7,99.09,6.87,135.4,83.81,93.63,Pass,No,None,None,Dec-24,0,0,0,0,0,0,0
B001543,GLP-1 Agonist,Line 3,2024-10-09,Team A,21.31,44.66,306,48.2,7.77,98.89,6.96,139.1,87.01,93.29,Pass,No,None,None,Oct-24,0,0,0,0,0,0,0
B001544,Antidepressant,Line 2,2024-04-24,Team C,22.63,49.93,378,44.5,6.8,98.83,6.88,113.8,89.61,96.17,Pass,No,None,None,Apr-24,0,0,0,0,0,0,0
B001545,GLP-1 Agonist,Line 2,2024-08-22,Team D,21.6,48.64,304,61.3,8.63,99.03,7.11,145.7,83.95,91.54,Pass,No,None,None,Aug-24,0,0,0,0,0,0,0
B001546,GLP-1 Agonist,Line 1,2025-12-13,Team B,21.07,29.77,280,52.5,7.12,,6.73,156.9,81.14,91.92,Pass,Yes,Process,Major,Dec-25,0,0,1,0,0,0,1
B001547,Antidepressant,Line 3,2025-06-07,Team D,21.47,36.03,315,43.8,7.96,99.39,6.73,147.2,86.47,93.64,Pass,No,None,None,Jun-25,0,0,0,0,0,0,0
B001548,COX-2 Inhibitor,Line 1,2025-06-14,Team D,22.81,33.96,368,52.9,6.24,99.69,6.64,122.7,87.28,91.51,Pass,No,None,None,Jun-25,0,0,0,0,0,0,0
B001549,GLP-1 Agonist,Line 3,2025-10-16,Team A,21.44,43.16,277,49.1,8.05,98.67,7.03,133,83.29,90.88,Pass,Yes,Process,Minor,Oct-25,0,0,0,0,0,0,0
B001550,Antidepressant,Line 1,2024-07-14,Team C,20.97,38.53,306,45.2,6.23,99.85,6.83,123.1,89.44,93.07,Pass,No,None,None,Jul-24,0,0,0,0,0,0,0
B001551,Antidepressant,Line 1,2025-04-28,TEAM C,22.64,39.55,340,35.9,6.2,98.92,6.5,136.9,90.71,94.02,Failed,No,None,None,Apr-25,0,0,0,0,0,0,0
B001552,GLP-1 Agonist,Line 3,2024-09-28,Team B,21.14,38.92,295,40.3,8.59,98.73,6.88,142.6,87.08,93.35,Pass,No,None,None,Sep-24,0,0,0,0,0,0,0
B001553,GLP-1 Agonist,Line 1,2025-09-11,Team D,22.69,41.91,298,45.4,8.28,99.04,7.11,149.4,86.5,94.49,Pass,No,None,None,Sep-25,0,0,0,0,0,0,0
B001554,GLP-1 Agonist,Line 3,2024-11-04,Team B,20.45,32.57,319,49.7,8.84,99.17,6.75,150.6,85.52,91.64,Pass,Yes,Equipment,Minor,Nov-24,0,0,0,0,0,0,0
B001555,Antidepressant,Line 1,2025-09-16,Team A,21.86,35.71,307,42.8,6.23,99.22,6.59,113.7,87.85,93.94,Pass,No,None,None,Sep-25,0,0,0,0,0,0,0
B001556,COX-2 Inhibitor,Line 3,2025-06-30,Team C,21.98,43.01,314,30.7,6.12,99.38,6.7,106.7,86.89,92.55,Pass,No,None,None,Jun-25,0,0,0,0,0,0,0
B001557,AED,Line 3,2025-07-18,Team A,21.07,49.99,290,49.1,7.98,98.94,7.02,129,84.71,90.25,Pass,No,None,None,Jul-25,0,0,0,0,0,0,0
B001558,GLP-1 Agonist,Line 3,2025-11-07,Team B,21.13,39.87,310,43.9,8.4,99.5,,132.9,86.29,92.35,Pass,No,None,None,Nov-25,0,0,0,1,0,0,1
B001559,COX-2 Inhibitor,Line 1,2025-07-31,Team C,23.83,39.04,345,40.3,6.24,99.18,6.88,113.5,91.7,95.99,Pass,No,None,None,Jul-25,0,0,0,0,0,0,0
B001560,AED,Line 3,2024-08-22,Team C,21.91,33.26,303,51.6,7.56,98.86,6.8,132,86.73,92.46,Pass,No,None,None,Aug-24,0,0,0,0,0,0,0
B001561,AED,Line 3,2025-01-16,Team B,21.21,48.76,294,44.3,7,98.73,6.89,137.7,89.76,92.4,Failed,No,None,None,Jan-25,0,0,0,0,0,0,0
B001562,COX-2 Inhibitor,Line 1,2024-12-11,Team B,21.13,39.32,335,32.7,7.33,99.39,6.49,115.5,86.86,93.59,Pass,No,None,None,Dec-24,0,0,0,0,0,0,0
B001563,AED,Line 1,2024-02-17,Team A,20.51,38.26,335,53.5,7.34,99.23,6.89,146.9,84.69,92.59,Pass,No,None,None,Feb-24,0,0,0,0,0,0,0
B001564,AED,Line 3,2025-03-09,Team B,21.4,35.42,300,51.3,7.89,99.14,6.69,139.1,,93.73,Pass,No,None,None,Mar-25,0,0,0,0,0,1,1
B001565,AED,Line 1,2024-11-15,TEAM C,21.32,36.8,303,45.8,7.38,98.86,7.08,124.5,85.22,94.12,Pass,Yes,Process,Minor,Nov-24,0,0,0,0,0,0,0
B001566,GLP-1 Agonist,Line 2,2024-10-14,Team C,21.33,35.19,279,56.1,8.69,99.31,6.95,146.5,82.57,92.79,Pass,No,None,None,Oct-24,0,0,0,0,0,0,0
B001567,Antidepressant,Line 3,2024-03-21,Team B,20.3,,313,44,6.89,99.67,6.85,115.2,86.45,94.03,Pass,No,None,None,Mar-24,0,1,0,0,0,0,1
B001568,Antidepressant,Line 1,2025-01-03,Team A,21.93,35.96,326,38.6,7.52,99.2,6.74,101.8,93.05,94.66,Pass,No,None,None,Jan-25,0,0,0,0,0,0,0
B001569,GLP-1 Agonist,Line 2,2025-02-27,Team C,22.27,40.93,338,42.5,6.9,99.4,7.12,141.1,85.21,91.44,Pass,No,None,None,Feb-25,0,0,0,0,0,0,0
B001570,GLP-1 Agonist,Line 2,2024-03-18,Team C,22.72,38.77,304,47.4,8.42,99.16,6.66,147.9,87.03,92.62,Pass,No,None,None,Mar-24,0,0,0,0,0,0,0
B001571,GLP-1 Agonist,Line 1,2025-04-09,Team A,20.08,51.11,299,52.2,7.01,99.43,6.99,141.6,86.1,91.59,Pass,No,None,None,Apr-25,0,0,0,0,0,0,0
B001572,COX-2 Inhibitor,Line 3,2024-05-02,Team C,21.9,34.48,356,47.1,7.21,99.41,6.71,123.3,82.51,93.99,Pass,No,None,None,May-24,0,0,0,0,0,0,0
B001573,COX-2 Inhibitor,Line 1,2024-04-15,Team A,21.86,43.81,353,38.1,7.5,99.21,6.91,106,88.94,95.14,Pass,No,None,None,Apr-24,0,0,0,0,0,0,0
B001574,AED,Line 2,2024-10-20,Team B,21.91,44.87,305,51.7,7.92,99.18,6.79,146.4,84.28,88.91,Pass,No,None,None,Oct-24,0,0,0,0,0,0,0
B001575,Antidepressant,Line 3,2024-10-11,Team C,21.09,36.85,361,42.3,7.59,99.04,6.5,132.1,88.83,94.94,Pass,No,None,None,Oct-24,0,0,0,0,0,0,0
B001576,Antidepressant,Line 1,2025-10-30,Team C,23.26,42.48,320,36.7,6.24,99.18,6.83,123.9,92.78,95.15,Pass,No,None,None,Oct-25,0,0,0,0,0,0,0
B001577,AED,Line 3,2024-02-19,Team C,21.83,47.85,319,39.3,7.05,99.25,7.05,128.4,86.67,91.99,Pass,Yes,Environmental,Minor,Feb-24,0,0,0,0,0,0,0
B001578,AED,Line 1,2024-09-12,Team D,21.71,44.48,325,42.2,7.94,99.2,6.95,123.8,86.74,94.56,Pass,No,None,None,Sep-24,0,0,0,0,0,0,0
B001579,AED,Line 2,2025-06-20,Team A,22.99,50.92,321,37,7.28,98.81,7.03,115.6,93.68,92.55,Failed,No,None,None,Jun-25,0,0,0,0,0,0,0
B001580,AED,Line 1,2024-07-01,Team D,,33.11,342,56.1,8.18,99.19,6.54,140,83.45,90.08,Pass,No,None,None,Jul-24,1,0,0,0,0,0,1
B001581,AED,Line 3,2025-12-18,Team B,22.1,39.79,304,47.9,7.79,99.21,6.82,129.6,82.92,95.7,Pass,No,None,None,Dec-25,0,0,0,0,0,0,0
B001582,GLP-1 Agonist,Line 3,2025-06-27,Team B,20.94,47.38,314,48,7.99,99.01,7.05,136.6,88.44,93.04,Pass,No,None,None,Jun-25,0,0,0,0,0,0,0
B001583,GLP-1 Agonist,Line 3,2025-11-22,Team D,20.47,44.56,303,58,8.92,99.07,6.97,162.8,83.49,91.7,Pass,No,None,None,Nov-25,0,0,0,0,0,0,0
B001584,Antidepressant,Line 3,2025-11-24,Team B,21.54,44.7,338,35.3,7.26,99.13,6.61,122.3,89.22,92.56,Pass,No,None,None,Nov-25,0,0,0,0,0,0,0
B001585,COX-2 Inhibitor,Line 3,2024-03-20,Team A,24.14,49.17,336,38.7,6.88,98.77,6.88,98.8,93.18,94.49,Failed,Yes,Environmental,Minor,Mar-24,0,0,0,0,0,0,0
B001586,AED,Line 3,2024-12-01,Team C,22.27,34.42,309,57.5,7.31,98.88,6.89,136.3,81.06,91.88,Failed,No,None,None,Dec-24,0,0,0,0,0,0,0
B001587,GLP-1 Agonist,Line2,2025-06-28,Team C,21.71,43.98,313,46.2,8.26,98.99,6.93,128.9,85.59,91.99,Pass,No,None,None,Jun-25,0,0,0,0,0,0,0
B001588,COX-2 Inhibitor,Line 3,2024-01-07,Team C,21.77,48.32,346,53,7.72,99.31,6.77,129.6,82.99,94.2,Pass,No,None,None,Jan-24,0,0,0,0,0,0,0
B001589,GLP-1 Agonist,Line 2,2024-11-26,Team A,22.18,36.71,285,52.3,7.62,99.15,6.86,129.4,85.66,93.72,Pass,No,None,None,Nov-24,0,0,0,0,0,0,0
B001590,Antidepressant,Line 3,2025-05-18,Team C,20.98,55.15,344,49.7,8.27,98.7,6.94,136.7,84.8,93.66,Pass,No,None,None,May-25,0,0,0,0,0,0,0
B001591,Antidepressant,Line 1,2025-08-02,Team A,20.82,42.98,333,48.3,7.36,99.07,6.87,126.8,84.28,93.7,Pass,No,None,None,Aug-25,0,0,0,0,0,0,0
B001592,Antidepressant,Line 2,2024-10-30,Team C,21.58,31.04,319,42,7.15,98.93,6.7,121.9,89.31,93.84,Pass,No,None,None,Oct-24,0,0,0,0,0,0,0
B001593,AED,Line 3,2025-09-22,Team C,23.27,45.91,307,42.8,8.06,98.48,7.09,132.2,86.82,94.74,Pass,No,None,None,Sep-25,0,0,0,0,0,0,0
B001594,GLP-1 Agonist,Line 1,2025-05-07,Team D,22.92,36.4,307,46.4,8.11,98.98,7.04,136.2,83.54,94.22,Pass,No,None,None,May-25,0,0,0,0,0,0,0
B001595,AED,Line 1,2024-02-03,Team D,21.46,49.82,327,39.6,7.27,99.28,7,125,85.36,93.07,Pass,No,None,None,Feb-24,0,0,0,0,0,0,0
B001596,COX-2 Inhibitor,Line 3,2024-07-22,Team A,21.99,45.74,311,39.1,6.89,99.14,7.1,119.2,88.65,93.51,Pass,No,None,None,Jul-24,0,0,0,0,0,0,0
B001597,Antidepressant,Line 2,2025-11-16,Team A,20.77,39.01,327,41,8.06,99.69,6.94,125.3,84.21,92.73,Pass,No,None,None,Nov-25,0,0,0,0,0,0,0
B001598,Antidepressant,Line 1,2024-01-02,Team C,22.06,49.51,332,51.3,6.92,98.94,6.83,134.6,86.83,93.35,Pass,No,None,None,Jan-24,0,0,0,0,0,0,0
B001599,AED,Line 1,2024-03-19,Team D,21.92,48.7,273,48.3,7.82,98.91,7.02,134.2,89.36,93.63,Pass,No,None,None,Mar-24,0,0,0,0,0,0,0
B001600,Antidepressant,Line 2,2024-09-08,Team A,22.59,37.86,324,55,7.41,98.85,6.5,145.4,86.83,93.75,Pass,No,None,None,Sep-24,0,0,0,0,0,0,0
B001601,AED,Line 2,2025-12-27,Team B,22.48,43.24,328,32.1,7.1,98.85,6.92,117.3,87.65,93.07,Pass,No,None,None,Dec-25,0,0,0,0,0,0,0
B001602,Antidepressant,Line 3,2025-05-30,Team B,21.85,44.58,330,35.8,7.81,98.7,7.04,125.2,89.12,93.4,Pass,No,None,None,May-25,0,0,0,0,0,0,0
B001603,COX-2 Inhibitor,Line 3,2024-04-17,Team B,22.92,41.18,354,37.5,6.76,98.72,7.02,142.1,85.73,94.8,Pass,No,None,None,Apr-24,0,0,0,0,0,0,0
B001604,AED,Line 2,2024-10-14,Team C,21.27,42.33,309,53.2,7.92,98.67,6.89,136.6,85.52,91.41,Pass,Yes,Process,Minor,Oct-24,0,0,0,0,0,0,0
B001605,Antidepressant,Line 3,2025-11-17,Team B,22.4,42.18,301,41.9,7.49,99.08,6.84,127.3,86.7,95.68,Pass,No,None,None,Nov-25,0,0,0,0,0,0,0
B001606,Antidepressant,Line 1,2024-06-09,Team B,21.62,36.67,288,33.9,6.36,98.98,6.79,108,87.17,93.5,Pass,No,None,None,Jun-24,0,0,0,0,0,0,0
B001607,AED,Line 3,2025-02-24,Team D,22.14,32.84,335,45.2,8.35,98.96,7,126.1,87.74,94.64,Pass,No,None,None,Feb-25,0,0,0,0,0,0,0
B001608,Antidepressant,Line 1,2024-12-05,Team B,22.28,43.2,333,35.4,7.16,99.19,6.7,119.4,84.84,95.18,Pass,No,None,None,Dec-24,0,0,0,0,0,0,0
B001609,GLP-1 Agonist,Line 1,2025-07-09,Team A,21.55,30.06,321,39.3,7.26,98.66,7.14,136.7,84.95,91.59,Pass,No,None,None,Jul-25,0,0,0,0,0,0,0
B001610,GLP-1 Agonist,Line 3,2025-07-03,Team D,22.1,35.03,287,59.5,9.16,98.99,6.86,154.3,80.99,90.25,Pass,No,None,None,Jul-25,0,0,0,0,0,0,0
B001611,Antidepressant,Line 3,2025-09-01,Team B,20.82,33.14,334,40.6,6.84,99.46,6.53,129.3,86.55,97.06,Pass,No,None,None,Sep-25,0,0,0,0,0,0,0
B001612,COX-2 Inhibitor,Line 1,2024-03-28,Team D,21.7,34.76,313,39,6.62,99.58,6.55,125.9,91.69,96.02,Pass,No,None,None,Mar-24,0,0,0,0,0,0,0
B001613,COX-2 Inhibitor,Line 3,2024-11-27,Team D,22.3,45.13,324,39,6.75,99.25,6.65,112.1,89.88,72,Pass,No,None,None,Nov-24,0,0,0,0,0,0,0
B001614,GLP-1 Agonist,Line 2,2025-05-20,Team C,20.42,38.89,302,45.6,8.13,98.95,7,141.9,86.36,94.51,Pass,No,None,None,May-25,0,0,0,0,0,0,0
B001615,AED,Line 1,2024-11-02,Team A,21.49,42.71,327,40.4,6.87,98.83,6.71,126.9,87.96,93.31,Pass,No,None,None,Nov-24,0,0,0,0,0,0,0
B001616,Antidepressant,Line 1,2025-05-02,Team D,21.72,35.42,350,39.3,7.32,99.18,6.72,124.2,88.46,94.89,Pass,No,None,None,May-25,0,0,0,0,0,0,0
B001617,Antidepressant,Line 1,2025-04-09,Team C,22.98,,316,43.9,7.39,99.59,6.83,123,90.68,94,Pass,No,None,None,Apr-25,0,1,0,0,0,0,1
B001618,COX-2 Inhibitor,Line 2,2024-09-28,Team B,22.61,,324,45.8,6.67,99.2,6.92,116.1,83.3,93.82,Pass,No,None,None,Sep-24,0,1,0,0,0,0,1
B001619,AED,Line 2,2024-03-14,Team D,22.57,43.74,298,50.2,8.49,98.91,7.01,123.9,87.46,92.98,Pass,No,None,None,Mar-24,0,0,0,0,0,0,0
B001620,Antidepressant,Line 2,2025-12-10,Team D,22.23,46.11,308,34.3,6.32,99.17,7.03,123.7,87.97,92.49,Pass,Yes,Equipment,Minor,Dec-25,0,0,0,0,0,0,0
B001621,Antidepressant,LINE 1,2025-08-26,Team D,21.6,46.83,360,46.4,6.38,99.05,,132.6,88.31,94.49,Pass,No,None,None,Aug-25,0,0,0,1,0,0,1
B001622,GLP-1 Agonist,Line 3,2025-10-16,Team A,21.6,38.74,314,51.1,8.73,98.99,7,141.4,85.96,91.96,Failed,No,None,None,Oct-25,0,0,0,0,0,0,0
B001623,AED,Line 2,2024-08-07,Team C,22.35,34.74,335,41.6,6,99.01,6.52,128.7,88.93,94.26,Pass,No,None,None,Aug-24,0,0,0,0,0,0,0
B001624,Antidepressant,Line 3,2024-08-19,Team B,22.9,38.22,316,44.5,8.26,98.98,6.73,122.7,90.43,93.67,Pass,No,None,None,Aug-24,0,0,0,0,0,0,0
B001625,GLP-1 Agonist,Line 1,2024-08-24,Team A,21.4,39.51,300,51.1,7.97,99.23,7.01,144.7,82.42,91.26,Pass,No,None,None,Aug-24,0,0,0,0,0,0,0
B001626,COX-2 Inhibitor,line 2,2024-01-23,Team B,21.26,39.12,353,38.3,5.82,98.7,6.71,119.9,90.87,95.91,Pass,Yes,Equipment,Minor,Jan-24,0,0,0,0,0,0,0
B001627,GLP-1 Agonist,LINE 3,2024-05-04,Team A,20.21,34.73,291,52.1,7.77,99.15,6.7,140,84.51,93.25,Pass,No,None,None,May-24,0,0,0,0,0,0,0
B001628,Antidepressant,Line 1,2024-08-13,Team A,21.76,42.35,315,37.3,5.94,98.97,6.76,129.5,87.84,96.74,Pass,No,None,None,Aug-24,0,0,0,0,0,0,0
B001629,Antidepressant,Line 1,2025-12-22,Team C,20.25,54.15,308,52,7.56,98.43,6.95,137.8,90.68,93.21,Pass,No,None,None,Dec-25,0,0,0,0,0,0,0
B001630,GLP-1 Agonist,Line 1,2024-05-29,Team C,22.85,37.56,292,37.4,6.7,98.67,6.88,116.7,89.45,92.09,Pass,Yes,Process,Minor,May-24,0,0,0,0,0,0,0
B001631,GLP-1 Agonist,Line 1,2025-01-06,Team B,21.95,39.99,301,51.2,8.19,98.92,7.06,140.7,84.51,93.79,Pass,No,None,None,Jan-25,0,0,0,0,0,0,0
B001632,AED,Line 2,2025-02-04,Team A,21.32,37.44,300,47,7.2,99.1,6.81,124,88.44,95.04,Pass,No,None,None,Feb-25,0,0,0,0,0,0,0
B001633,COX-2 Inhibitor,Line 1,2024-09-20,Team D,21.67,49.22,345,41.5,6.46,99.31,,121.7,88.26,95.97,Pass,Yes,Process,Major,Sep-24,0,0,0,1,0,0,1
B001634,COX-2 Inhibitor,Line 1,2025-11-02,Team C,23.27,47.37,345,33.1,6.71,99.31,6.72,86.2,88.93,94.97,Pass,No,None,None,Nov-25,0,0,0,0,0,0,0
B001635,AED,Line 2,2024-03-09,Team C,,48.03,312,51.4,7.87,98.48,7.12,137.5,84.21,93.02,Pass,No,None,None,Mar-24,1,0,0,0,0,0,1
B001636,GLP-1 Agonist,Line 1,2025-09-28,Team A,20.74,46.8,285,46.4,8.37,98.97,7.21,143.3,86.96,94.48,Pass,No,None,None,Sep-25,0,0,0,0,0,0,0
B001637,GLP-1 Agonist,Line 2,2025-06-27,Team A,20.93,,302,40.5,7.19,99.17,6.9,132.9,85.7,92.09,Pass,No,None,None,Jun-25,0,1,0,0,0,0,1
B001638,AED,Line 3,2024-08-11,Team A,21.89,42.49,306,40.5,7.48,99.02,7.25,118.8,87.56,91.66,Pass,No,None,None,Aug-24,0,0,0,0,0,0,0
B001639,Antidepressant,Line 1,2025-07-15,Team A,22.47,50.55,321,41.7,6.64,99.1,6.84,,90.01,93.22,Pass,No,None,None,Jul-25,0,0,0,0,1,0,1
B001640,COX-2 Inhibitor,Line 1,2024-11-09,Team D,23.39,46.16,360,29.2,6.38,98.56,6.88,122.3,90.82,93.59,Pass,No,None,None,Nov-24,0,0,0,0,0,0,0
B001641,COX-2 Inhibitor,LINE 1,2025-12-10,Team B,23.28,31.9,317,46.9,6.48,99.04,6.43,119.5,91.75,94.05,Pass,Yes,Material,Minor,Dec-25,0,0,0,0,0,0,0
B001642,Antidepressant,Line 1,2024-01-27,Team C,22,44.27,359,47.8,6.97,99.45,6.93,126.7,86.99,96.79,Pass,No,None,None,Jan-24,0,0,0,0,0,0,0
B001643,GLP-1 Agonist,Line 2,2024-01-22,Team D,22.27,37.09,299,58,7.92,98.87,7.01,128.4,86.86,91.59,Pass,No,None,None,Jan-24,0,0,0,0,0,0,0
B001644,Antidepressant,Line 1,2025-02-01,Team D,21.5,46.49,327,51.5,7.49,99.67,6.75,135.9,88.44,93.36,Pass,No,None,None,Feb-25,0,0,0,0,0,0,0
B001645,Antidepressant,Line 1,2025-11-11,Team B,20.63,44.04,306,39.1,6.9,98.75,6.81,110.6,91.88,94.02,Pass,No,None,None,Nov-25,0,0,0,0,0,0,0
B001646,GLP-1 Agonist,Line 3,2024-02-16,Team B,21,31.3,321,44.7,8.31,99.49,7.06,144.1,90.33,93.4,Pass,No,None,None,Feb-24,0,0,0,0,0,0,0
B001647,GLP-1 Agonist,Line 3,2025-07-22,Team B,20.9,41.34,298,33.8,7.59,98.73,6.89,139.7,84.09,91.04,Pass,No,None,None,Jul-25,0,0,0,0,0,0,0
B001648,AED,Line 1,2025-11-17,Team A,21.33,45.05,308,41.8,6.87,99.21,6.99,127.1,88.17,93.18,Pass,No,None,None,Nov-25,0,0,0,0,0,0,0
B001649,AED,Line 1,2024-12-21,Team D,21.08,45.82,305,54.7,7.75,98.88,7,127.2,85.01,91.6,Pass,No,None,None,Dec-24,0,0,0,0,0,0,0
B001650,AED,Line 2,2025-09-25,Team C,21.45,46.88,310,39.4,6.6,98.95,6.97,138.6,87.94,92.75,Pass,No,None,None,Sep-25,0,0,0,0,0,0,0
B001651,Antidepressant,Line 3,2025-07-07,Team B,22.47,49.48,328,41.3,7.64,99.11,6.7,127,86.64,93.39,Pass,No,None,None,Jul-25,0,0,0,0,0,0,0
B001652,Antidepressant,Line 3,2024-06-05,Team C,23.29,44.07,323,40.4,7.14,98.83,6.93,127.2,86.48,93.9,Pass,No,None,None,Jun-24,0,0,0,0,0,0,0
B001653,Antidepressant,Line 1,2025-09-16,Team C,20.71,42.11,319,43.1,7.15,99.35,6.8,117.4,85.39,94.96,Pass,No,None,None,Sep-25,0,0,0,0,0,0,0
B001654,Antidepressant,Line 1,2025-05-26,Team A,21.03,47.74,307,48.1,7.33,98.96,7.02,131,87.12,93.33,Pass,No,None,None,May-25,0,0,0,0,0,0,0
B001655,AED,Line 2,2024-01-10,Team C,21.21,55.21,301,36.5,7.88,98.85,7.13,123.4,90.28,94.36,Pass,No,None,None,Jan-24,0,0,0,0,0,0,0
B001656,GLP-1 Agonist,Line 3,2025-02-19,Team D,22.07,44.58,292,42.1,8.15,98.08,7.05,124.3,85.38,93.54,Pass,No,None,None,Feb-25,0,0,0,0,0,0,0
B001657,Antidepressant,Line 3,2025-04-23,Team C,21.85,43.03,328,51.7,7.73,98.96,6.86,146.2,84.94,92.44,Pass,No,None,None,Apr-25,0,0,0,0,0,0,0
B001658,AED,Line 1,2025-08-08,Team C,21.26,46.16,327,48,7.03,99.31,6.84,148,84.92,92.83,Pass,No,None,None,Aug-25,0,0,0,0,0,0,0
B001659,GLP-1 Agonist,Line 2,2025-07-17,Team A,22.04,41.28,314,45.6,8.16,99.09,7.18,146.7,83.95,93.06,Pass,No,None,None,Jul-25,0,0,0,0,0,0,0
B001660,Antidepressant,Line 1,2024-12-13,Team C,22.72,42.09,320,51.4,7.18,99.33,6.76,139.4,85.79,93.14,Pass,Yes,Equipment,Minor,Dec-24,0,0,0,0,0,0,0
B001661,Antidepressant,Line 3,2024-08-06,Team D,21.99,52.83,327,36,6.3,98.92,6.92,139.1,89.24,93.31,Pass,No,None,None,Aug-24,0,0,0,0,0,0,0
B001662,COX-2 Inhibitor,Line 3,2024-05-20,Team B,21.89,39.25,337,44.6,7.07,99.68,6.81,115.6,89.97,93.33,Pass,No,None,None,May-24,0,0,0,0,0,0,0
B001663,AED,Line 2,2024-03-06,Team C,22,49.77,284,44.6,7.39,98.95,7.05,121.4,84.14,92.94,Pass,No,None,None,Mar-24,0,0,0,0,0,0,0
B001664,Antidepressant,Line 1,2025-04-12,Team C,21.83,41.37,316,45.3,6.67,98.93,,123.6,87.33,94.42,Pass,No,None,None,Apr-25,0,0,0,1,0,0,1
B001665,AED,Line 2,2025-12-02,Team A,21.62,36.6,308,30.9,6.74,99.31,6.87,124,91.84,91.28,Pass,No,None,None,Dec-25,0,0,0,0,0,0,0
B001666,AED,Line 2,2024-02-28,Team B,21.42,43.06,296,43.6,7.21,99.24,6.99,127.6,84.36,93.69,Pass,No,None,None,Feb-24,0,0,0,0,0,0,0
B001667,AED,Line 3,2025-05-28,Team D,22.49,41.27,305,49.6,7.78,,6.87,126.4,88.37,93.26,Pass,No,None,None,May-25,0,0,1,0,0,0,1
B001668,Antidepressant,Line 2,2025-03-03,Team D,22.19,44.89,322,41.7,7.67,98.92,6.95,126,86.8,94.6,Pass,No,None,None,Mar-25,0,0,0,0,0,0,0
B001669,Antidepressant,Line3,2024-05-05,Team B,22.78,42.46,300,50.4,6.92,99.12,6.65,132.4,87.45,93.05,Pass,No,None,None,May-24,0,0,0,0,0,0,0
B001670,AED,Line 1,2024-06-04,Team B,22.8,38.89,302,51.7,8.65,99.42,6.88,142.3,85.31,92.85,Pass,No,None,None,Jun-24,0,0,0,0,0,0,0
B001671,GLP-1 Agonist,Line 1,2024-07-26,Team D,21.84,47.36,328,42.7,7.6,98.96,7.18,134.7,87.96,93.27,Pass,No,None,None,Jul-24,0,0,0,0,0,0,0
B001672,COX-2 Inhibitor,Line 1,2025-05-15,Team A,22.12,48.45,311,41.5,7.04,98.69,6.87,103.3,91.9,94.04,Pass,No,None,None,May-25,0,0,0,0,0,0,0
B001673,COX-2 Inhibitor,Line 1,2024-08-06,Team B,23.28,50.93,337,32.5,6.48,98.86,6.57,117.6,,93.28,Pass,No,None,None,Aug-24,0,0,0,0,0,1,1
B001674,Antidepressant,Line 1,2025-08-28,Team A,22.35,43.18,299,41.3,6.03,98.88,6.8,138.7,90.32,93.85,Pass,No,None,None,Aug-25,0,0,0,0,0,0,0
B001675,AED,Line 2,2024-09-27,Team A,23.75,43.82,301,48.6,6.85,98.7,6.78,134,86.65,92.8,Pass,No,None,None,Sep-24,0,0,0,0,0,0,0
B001676,AED,Line 1,2024-03-21,Team C,22.03,47.52,311,40.4,6.85,98.33,7.14,135.7,86.1,92.18,Pass,No,None,None,Mar-24,0,0,0,0,0,0,0
B001677,COX-2 Inhibitor,Line 1,2024-03-10,Team B,23.02,40.11,322,42.3,7.3,99.73,6.62,116.5,87.9,92.79,Pass,No,None,None,Mar-24,0,0,0,0,0,0,0
B001678,GLP-1 Agonist,Line 1,2024-10-19,Team D,21.72,40.65,310,45.2,6.94,98.68,7.12,141.1,86.04,93.89,Pass,No,None,None,Oct-24,0,0,0,0,0,0,0
B001679,AED,Line 1,2024-10-25,Team D,21.73,43.12,339,41.8,6.72,98.76,6.77,121.1,84.47,95.4,Pass,No,None,None,Oct-24,0,0,0,0,0,0,0
B001680,GLP-1 Agonist,Line 3,2025-06-20,Team D,21.31,32.69,315,52.4,8.39,98.48,6.91,141.3,85.62,93.12,Pass,No,None,None,Jun-25,0,0,0,0,0,0,0
B001681,COX-2 Inhibitor,Line 3,2024-12-15,Team C,22.72,43.64,358,34.9,7.1,99.36,6.73,116.1,90.41,93.83,Pass,Yes,Material,Minor,Dec-24,0,0,0,0,0,0,0
B001682,AED,Line 1,2024-04-29,Team C,22.19,41.8,290,40.1,7.37,98.97,7.23,130.9,89.67,91.63,Pass,No,None,None,Apr-24,0,0,0,0,0,0,0
B001683,COX-2 Inhibitor,Line 3,2024-06-04,Team C,23.37,41.79,336,45.2,6.66,99.03,6.84,118,90.24,93.86,Pass,No,None,None,Jun-24,0,0,0,0,0,0,0
B001684,GLP-1 Agonist,Line 3,2025-02-18,Team D,21.73,41.82,308,50.1,7.34,98.79,7.13,128.7,87.12,91.04,Pass,No,None,None,Feb-25,0,0,0,0,0,0,0
B001685,ANTIDEPRESSANT,Line 3,2024-09-01,Team A,21.65,48.36,336,35.5,7.42,99.14,7.14,127.1,87.24,93.19,Pass,No,None,None,Sep-24,0,0,0,0,0,0,0
B001686,Antidepressant,Line 2,2025-05-06,Team C,21.75,37.76,352,45.7,7.92,99.02,6.77,132.7,86.17,93.13,Pass,Yes,Process,Minor,May-25,0,0,0,0,0,0,0
B001687,GLP-1 Agonist,Line 1,2025-11-05,Team A,20.51,38.32,319,44.8,7.5,98.44,6.93,136.7,88.43,90.59,Pass,No,None,None,Nov-25,0,0,0,0,0,0,0
B001688,GLP-1 Agonist,Line 2,2024-09-16,Team B,22.75,36.17,316,40.3,6.9,98.59,6.89,142.2,87.95,93.86,Pass,No,None,None,Sep-24,0,0,0,0,0,0,0
B001689,COX-2 Inhibitor,Line 3,2025-02-07,Team B,22.09,38.85,387,25.7,6.28,98.83,6.69,110,90.57,91.32,Pass,Yes,Process,Critical,Feb-25,0,0,0,0,0,0,0
B001690,GLP-1 Agonist,Line 3,2025-08-31,Team C,22.23,37.03,302,53.5,8.56,99.01,6.59,146.8,82.49,91.85,Pass,No,None,None,Aug-25,0,0,0,0,0,0,0
B001691,AED,Line 2,2024-06-02,Team D,22.01,43.02,310,40.3,7.01,99.23,6.92,124.7,86.38,93.24,Pass,No,None,None,Jun-24,0,0,0,0,0,0,0
B001692,AED,Line 1,2025-01-08,Team A,22.03,46.93,318,38.2,7.83,99.34,7,122.9,89.51,92.73,Pass,No,None,None,Jan-25,0,0,0,0,0,0,0
B001693,Antidepressant,Line 3,2024-08-11,Team C,21.91,43.6,304,47,8.03,98.58,6.81,,82.21,94.08,Pass,No,None,None,Aug-24,0,0,0,0,1,0,1
B001694,COX-2 Inhibitor,Line 3,2025-04-03,Team A,21.91,37.72,341,43.9,7.26,99.4,6.45,145,82.18,93.04,Pass,No,None,None,Apr-25,0,0,0,0,0,0,0
B001695,COX-2 Inhibitor,Line 2,2025-06-27,Team A,21.77,49.47,309,32.7,5.34,98.9,6.79,122.2,91.18,94.71,Pass,No,None,None,Jun-25,0,0,0,0,0,0,0
B001696,GLP-1 Agonist,Line 2,2024-04-12,Team B,22.8,44.72,290,53,7.59,99.64,6.86,147.7,83.62,93.01,Pass,No,None,None,Apr-24,0,0,0,0,0,0,0
B001697,Antidepressant,Line 2,2024-05-17,Team C,22.09,37.49,318,53.3,7.09,99.53,6.95,141.1,86.7,91.1,Pass,No,None,None,May-24,0,0,0,0,0,0,0
B001698,AED,Line 2,2024-01-17,Team A,22.64,50.12,332,52.4,7.15,99.32,6.99,115.3,88.84,93.17,Pass,No,None,None,Jan-24,0,0,0,0,0,0,0
B001699,AED,Line 2,2024-01-09,team b,22.84,45.63,335,51.6,7.63,99.13,6.71,138.7,83.29,91.85,Pass,No,None,None,Jan-24,0,0,0,0,0,0,0
B001700,COX-2 Inhibitor,Line 3,2024-02-07,Team D,22.19,42.22,323,41.2,7.18,99.26,6.68,130.9,84.15,93.05,Pass,No,None,None,Feb-24,0,0,0,0,0,0,0
B001701,AED,Line 3,2025-05-31,Team B,22.12,45.79,352,43.1,6.66,98.79,7.06,131.8,86.14,93.96,Pass,No,None,None,May-25,0,0,0,0,0,0,0
B001702,AED,Line 2,2025-10-22,Team D,21.83,43.87,318,43.7,7.7,98.79,6.95,129.9,85.43,93.53,Pass,No,None,None,Oct-25,0,0,0,0,0,0,0
B001703,GLP-1 Agonist,Line 2,2024-10-26,Team D,20.63,42.73,304,50.4,7.89,98.68,6.9,132.4,85.21,93.53,Failed,No,None,None,Oct-24,0,0,0,0,0,0,0
B001704,COX-2 Inhibitor,Line 2,2025-10-07,Team B,22.36,43.94,311,30.1,6.52,99.32,6.65,109.8,91.31,94.26,Pass,No,None,None,Oct-25,0,0,0,0,0,0,0
B001705,GLP-1 Agonist,Line 1,2025-06-17,Team C,21.94,38.31,289,42.8,8.03,99.39,6.91,126.8,87.66,91.2,Pass,No,None,None,Jun-25,0,0,0,0,0,0,0
B001706,AED,Line 1,2025-08-13,Team C,21.43,33.87,334,36.1,6.57,99.04,6.73,,88.7,93.74,Pass,No,None,None,Aug-25,0,0,0,0,1,0,1
B001707,Antidepressant,Line 1,2025-06-24,Team B,21.76,44.64,323,42.3,7.7,98.86,6.69,138.7,90.28,95.29,Pass,No,None,None,Jun-25,0,0,0,0,0,0,0
B001708,GLP-1 Agonist,Line 2,2024-05-25,Team B,21.37,38.13,302,48.5,7.74,98.54,6.93,156.9,87.09,92.79,Pass,No,None,None,May-24,0,0,0,0,0,0,0
B001709,AED,Line 1,2025-01-17,Team B,23.38,47.89,319,41.4,8.01,98.95,6.83,119.8,87.25,93.71,Pass,No,None,None,Jan-25,0,0,0,0,0,0,0
B001710,GLP-1 Agonist,Line 2,2025-01-19,Team A,20.12,42.41,274,52.5,7.47,99.27,7.12,136.3,86.29,93.6,Pass,No,None,None,Jan-25,0,0,0,0,0,0,0
B001711,AED,Line 3,2025-04-14,Team A,22.18,42.26,313,40.8,8.29,99.31,7.03,122.7,83.76,92.83,Pass,No,None,None,Apr-25,0,0,0,0,0,0,0
B001712,GLP-1 Agonist,Line 1,2025-08-04,Team B,21.31,45.11,325,43.2,7.14,99.26,6.93,125.5,89.2,95.38,Pass,No,None,None,Aug-25,0,0,0,0,0,0,0
B001713,AED,Line 2,2024-03-23,Team D,21.32,45.02,335,49.3,8.85,99.07,6.86,125.2,85.98,95.18,Pass,No,None,None,Mar-24,0,0,0,0,0,0,0
B001714,aed,Line 3,2025-05-08,Team A,21.59,44.82,313,50.6,7.32,98.96,6.89,131.7,82.75,93.08,Pass,No,None,None,May-25,0,0,0,0,0,0,0
B001715,GLP-1 Agonist,Line 2,2025-08-31,Team A,22,39.31,328,42.6,8.19,99.28,6.96,143.3,85.75,92.3,Pass,No,None,None,Aug-25,0,0,0,0,0,0,0
B001716,COX-2 Inhibitor,Line 1,2024-03-25,Team B,23.04,51.42,317,39.3,6.45,98.72,6.87,112.4,91.05,95.07,Pass,No,None,None,Mar-24,0,0,0,0,0,0,0
B001717,GLP-1 Agonist,Line 2,2024-10-30,Team C,21.64,36.43,283,43.7,8.04,98.85,6.97,145.7,84.78,92.05,Pass,Yes,Material,Major,Oct-24,0,0,0,0,0,0,0
B001718,COX-2 Inhibitor,Line 2,2025-10-16,Team A,23.32,41.39,374,35.9,6.5,99.64,6.74,130,89.98,95,Pass,No,None,None,Oct-25,0,0,0,0,0,0,0
B001719,COX-2 Inhibitor,Line 2,2024-01-18,Team A,23.45,36.81,350,38.8,6.03,98.92,6.81,122.3,90.49,95.88,Pass,No,None,None,Jan-24,0,0,0,0,0,0,0
B001720,AED,Line 1,2024-04-27,Team A,22.41,47.63,310,48.1,5.87,98.9,6.99,143.2,86.5,92.39,Pass,No,None,None,Apr-24,0,0,0,0,0,0,0
B001721,Antidepressant,Line 2,2025-08-10,Team B,21.59,39.09,319,42.7,8.41,99.31,6.6,,85.66,95.35,Pass,No,None,None,Aug-25,0,0,0,0,1,0,1
B001722,Antidepressant,Line 2,2024-05-05,Team A,22.37,39.65,305,43.5,7.09,99.13,6.57,122.2,87.29,95.53,Pass,No,None,None,May-24,0,0,0,0,0,0,0
B001723,COX-2 Inhibitor,Line 1,2025-05-28,Team D,22.87,40.42,345,31.1,4.74,99.52,6.87,114.9,87.15,94.92,Pass,No,None,None,May-25,0,0,0,0,0,0,0
B001724,COX-2 Inhibitor,Line 2,2025-10-20,Team D,21.89,,344,39.1,6.81,99.59,6.78,122,87.42,94.88,Pass,No,None,None,Oct-25,0,1,0,0,0,0,1
B001725,GLP-1 Agonist,Line 1,2024-12-30,Team B,20.32,33.75,300,51,8.29,99.2,6.9,153,83.02,93.88,Pass,No,None,None,Dec-24,0,0,0,0,0,0,0
B001726,Antidepressant,Line 1,2024-12-20,Team A,20.48,30.78,299,45.8,6.74,99.7,6.69,118.7,87.21,95.81,Pass,No,None,None,Dec-24,0,0,0,0,0,0,0
B001727,GLP-1 Agonist,Line 3,2024-11-09,Team A,21.55,42.29,305,45.5,7.67,98.61,7.02,133.8,83.05,92.75,Pass,No,None,None,Nov-24,0,0,0,0,0,0,0
B001728,AED,Line 1,2024-09-29,Team B,22.02,33.43,305,50,7.47,99.08,6.82,132.8,86.28,93.64,Pass,No,None,None,Sep-24,0,0,0,0,0,0,0
B001729,Antidepressant,Line 2,2024-10-04,Team B,21.11,46.27,302,34.8,7.41,99.71,6.82,116.5,91.5,95.89,Pass,No,None,None,Oct-24,0,0,0,0,0,0,0
B001730,GLP-1 Agonist,Line 2,2025-02-08,Team C,22.28,47.79,323,45.6,7.77,99.33,7.21,128.2,,93.44,Pass,No,None,None,Feb-25,0,0,0,0,0,1,1
B001731,AED,Line 1,2025-10-16,Team B,21.91,43.18,354,42.5,8.02,98.63,6.85,124,84.71,92.9,Pass,No,None,None,Oct-25,0,0,0,0,0,0,0
B001732,Antidepressant,Line 3,2025-12-18,Team B,23.01,48.5,355,35.6,7.75,98.94,6.79,120.7,87.09,94.32,Pass,No,None,None,Dec-25,0,0,0,0,0,0,0
B001733,COX-2 Inhibitor,Line 2,2025-09-24,Team B,22.78,42.88,352,35.4,6.38,99.19,6.51,130.4,91.04,95.24,Pass,No,None,None,Sep-25,0,0,0,0,0,0,0
B001734,Antidepressant,Line 1,2024-03-28,Team C,21.2,50,315,43.2,6.18,99.12,6.89,116.7,,94.01,Pass,No,None,None,Mar-24,0,0,0,0,0,1,1
B001735,AED,Line 3,2024-08-12,Team C,22.14,41.72,314,36.5,7.23,99.32,7.05,133.8,86.58,91.14,Pass,No,None,None,Aug-24,0,0,0,0,0,0,0
B001736,COX-2 Inhibitor,Line 3,2025-07-07,Team A,23,31.18,347,36.3,7.18,99.82,6.48,130.7,87.63,94.93,Pass,No,None,None,Jul-25,0,0,0,0,0,0,0
B001737,AED,Line 3,2025-02-02,Team B,21.39,43.6,307,36.9,7.4,98.97,6.76,122.1,88.04,92.44,Pass,No,None,None,Feb-25,0,0,0,0,0,0,0
B001738,Antidepressant,Line 1,2024-09-01,Team C,20.92,50.54,344,53.2,7.74,99.31,6.96,135.2,81.95,91.53,Pass,No,None,None,Sep-24,0,0,0,0,0,0,0
B001739,GLP-1 Agonist,Line 1,2024-08-15,Team C,21.58,42.67,263,49.2,8.32,99.08,6.93,144,86.95,93.47,Pass,No,None,None,Aug-24,0,0,0,0,0,0,0
B001740,COX-2 Inhibitor,Line 2,2024-03-26,Team C,21.75,40.42,335,38.7,6.92,99.21,,123.4,90.96,94.92,Pass,No,None,None,Mar-24,0,0,0,1,0,0,1
B001741,Antidepressant,Line 1,2024-08-30,Team C,22.84,43.64,334,43.3,6.89,98.58,6.95,126.6,86.91,94.68,Pass,No,None,None,Aug-24,0,0,0,0,0,0,0
B001742,Antidepressant,Line 1,2024-11-04,Team C,21.69,46.86,305,45.3,7.4,99.32,6.72,121.2,84.28,94.95,Pass,No,None,None,Nov-24,0,0,0,0,0,0,0
B001743,Antidepressant,Line 3,2024-10-31,Team B,23.29,41.57,316,48.9,8.82,99.21,6.77,138.2,89.27,91.21,Pass,No,None,None,Oct-24,0,0,0,0,0,0,0
B001744,AED,Line 1,2025-02-05,Team C,20.21,57.13,326,36.4,6.18,98.93,7.04,120.6,89.03,91.66,Pass,No,None,None,Feb-25,0,0,0,0,0,0,0
B001745,COX-2 Inhibitor,Line 1,2024-07-18,Team B,22.6,40.41,367,45.2,7.12,98.93,6.54,123.3,89.26,93.66,Pass,No,None,None,Jul-24,0,0,0,0,0,0,0
B001746,COX-2 Inhibitor,Line 1,2024-05-30,Team B,,48.01,317,44.9,7.85,99.62,6.78,124.4,84.86,95.81,Pass,Yes,Material,Minor,May-24,1,0,0,0,0,0,1
B001747,COX-2 Inhibitor,Line 2,2025-10-10,Team A,21.83,46.81,315,36.6,5.91,99.16,6.87,125.9,86.05,97.71,Pass,No,None,None,Oct-25,0,0,0,0,0,0,0
B001748,GLP-1 Agonist,Line 2,2024-10-23,Team B,21.38,36.5,283,47.3,8.33,98.66,6.91,156.1,86.73,93.43,Pass,No,None,None,Oct-24,0,0,0,0,0,0,0
B001749,GLP-1 Agonist,Line 3,2024-07-05,Team A,21.2,37.88,272,32.4,8.23,98.58,6.88,122.9,90.46,90.51,Pass,No,None,None,Jul-24,0,0,0,0,0,0,0
B001750,GLP-1 Agonist,Line 1,2025-04-09,Team A,20.99,45.09,274,41.2,6.75,99.07,6.78,133.7,84.75,89.76,Failed,No,None,None,Apr-25,0,0,0,0,0,0,0
B001751,COX-2 Inhibitor,Line 1,2025-01-31,Team B,22.68,43.72,322,40.9,7.09,99.36,6.65,106.6,88.26,96.04,Pass,No,None,None,Jan-25,0,0,0,0,0,0,0
B001752,Antidepressant,Line 2,2025-02-25,team c,21.03,43.69,342,48.6,7.08,98.95,6.89,144.2,83.02,94.04,Pass,Yes,Process,Minor,Feb-25,0,0,0,0,0,0,0
B001753,AED,Line 2,2024-06-10,Team D,21.72,35.82,309,49,7.41,99.21,6.65,134.4,84.44,93.84,Pass,No,None,None,Jun-24,0,0,0,0,0,0,0
B001754,AED,Line 2,2025-06-12,Team A,22.19,47.28,316,43.6,7.07,99.09,7.13,127.5,86.39,92.54,Pass,No,None,None,Jun-25,0,0,0,0,0,0,0
B001755,GLP-1 Agonist,Line 3,2024-05-20,Team D,21.34,41.44,283,60.1,9.3,98.93,6.92,149.3,84.3,93.37,Pass,No,None,None,May-24,0,0,0,0,0,0,0
B001756,COX-2 Inhibitor,Line 2,2025-09-03,Team B,21.75,42.68,351,42.5,6.7,98.98,6.73,123.3,,96.18,Pass,No,None,None,Sep-25,0,0,0,0,0,1,1
B001757,Antidepressant,Line 2,2024-11-05,Team C,22.77,43.8,354,39.8,6.67,99.3,6.78,118.1,,94.66,Pass,No,None,None,Nov-24,0,0,0,0,0,1,1
B001758,AED,Line 3,2024-10-26,team c,22.35,41.95,299,58.5,7.88,99.19,6.76,152.5,83.59,92.66,Pass,No,None,None,Oct-24,0,0,0,0,0,0,0
B001759,AED,Line 1,2024-10-10,Team D,21.02,41.04,346,39,6.9,99.2,6.94,131.6,90.93,93.48,Pass,No,None,None,Oct-24,0,0,0,0,0,0,0
B001760,AED,Line 3,2024-11-05,Team A,20.83,42.79,322,38.4,6.83,98.75,6.84,134.8,89.12,93.72,Pass,No,None,None,Nov-24,0,0,0,0,0,0,0
B001761,GLP-1 Agonist,Line 2,2025-05-01,Team D,20.79,37.68,300,44.7,7.42,98.6,6.84,130.8,88.17,91.44,Pass,No,None,None,May-25,0,0,0,0,0,0,0
B001762,Antidepressant,Line 2,2024-12-29,Team A,22.41,52.9,327,37.8,6.92,98.93,6.68,116.7,92.9,91.36,Pass,No,None,None,Dec-24,0,0,0,0,0,0,0
B001763,Antidepressant,Line 3,2024-04-02,Team D,22.21,46.56,327,41.5,7.55,99.25,7.02,126,85.77,92.92,Pass,No,None,None,Apr-24,0,0,0,0,0,0,0
B001764,Antidepressant,Line 2,2025-02-18,Team C,22.59,37.16,353,46.4,7.82,99.43,6.73,136.5,87.21,93,Failed,No,None,None,Feb-25,0,0,0,0,0,0,0
B001764,Antidepressant,Line 2,2025-02-18,Team C,22.59,37.16,353,46.4,7.82,99.43,6.73,136.5,87.21,93,Failed,No,None,None,Feb-25,0,0,0,0,0,0,0
B001765,Antidepressant,Line 2,2024-07-14,Team B,21.76,52.18,329,41.8,7.13,99.1,7.09,130.6,85.55,93.97,Pass,No,None,None,Jul-24,0,0,0,0,0,0,0
B001766,Antidepressant,Line 1,2024-03-20,Team B,21.31,39.84,330,42,6.74,,6.84,118,87.78,95.52,Pass,No,None,None,Mar-24,0,0,1,0,0,0,1
B001767,AED,Line 2,2025-09-05,Team A,22.49,44.15,307,44.3,6.72,98.71,7.06,136.7,88.41,93.81,Pass,No,None,None,Sep-25,0,0,0,0,0,0,0
B001768,Antidepressant,Line 2,2024-08-16,Team D,21.58,46.49,335,29.3,6.72,99.02,6.8,108.5,92.47,92.42,Pass,No,None,None,Aug-24,0,0,0,0,0,0,0
B001769,Antidepressant,Line 1,2025-03-10,Team C,22.14,32.15,303,33.7,6.64,,6.49,113.2,88.66,92.12,Pass,No,None,None,Mar-25,0,0,1,0,0,0,1
B001770,AED,Line 3,2024-05-05,Team D,20.64,42.81,317,44.4,7.58,99.3,7,133.4,83.86,92.39,Pass,No,None,None,May-24,0,0,0,0,0,0,0
B001771,COX-2 Inhibitor,Line 2,2024-09-05,Team C,22.07,40.13,392,33.4,6.58,99.07,6.69,105.4,89.7,94.43,Pass,No,None,None,Sep-24,0,0,0,0,0,0,0
B001772,COX-2 Inhibitor,Line 2,2024-10-09,Team D,23.26,44.03,295,36.7,6.84,99.01,6.67,109.6,87.05,94.38,Pass,No,None,None,Oct-24,0,0,0,0,0,0,0
B001773,COX-2 Inhibitor,Line 1,2024-04-07,Team D,21.96,44.85,344,45.7,7.02,99.73,6.83,137.4,86.34,94.12,Pass,No,None,None,Apr-24,0,0,0,0,0,0,0
B001774,AED,Line 2,2025-12-12,Team B,22.41,43.61,320,43.6,7.16,99.38,6.96,142.5,88.43,94.62,Pass,No,None,None,Dec-25,0,0,0,0,0,0,0
B001775,COX-2 Inhibitor,Line 1,2024-08-15,Team C,20.75,42.38,336,30.7,5.9,98.98,6.78,133.5,91.38,96.06,Pass,No,None,None,Aug-24,0,0,0,0,0,0,0
B001776,GLP-1 Agonist,Line 1,2025-03-01,Team B,21.08,45.33,296,43.6,7.31,99.28,6.93,139,88.62,93.01,Pass,No,None,None,Mar-25,0,0,0,0,0,0,0
B001777,COX-2 Inhibitor,Line 2,2025-02-17,Team D,22.37,44.51,342,47.4,7.4,98.82,6.85,131.6,86.26,95.63,Pass,No,None,None,Feb-25,0,0,0,0,0,0,0
B001778,GLP-1 Agonist,Line 1,2024-11-09,Team C,22.81,40.21,295,56.4,7.86,98.79,6.97,142.5,86.7,92.74,Pass,No,None,None,Nov-24,0,0,0,0,0,0,0
B001779,GLP-1 Agonist,Line 1,2025-03-04,Team B,20.62,40.74,304,51.3,7.17,98.86,7.11,137.1,85.44,94.02,Pass,No,None,None,Mar-25,0,0,0,0,0,0,0
B001780,GLP-1 Agonist,Line 2,2025-02-17,Team C,22,49.18,291,39.4,8.14,98.75,7.22,141,86.62,93.18,Pass,No,None,None,Feb-25,0,0,0,0,0,0,0
B001781,Antidepressant,Line 1,2024-02-28,Team B,22.79,42.86,356,43.7,6.54,99.24,6.9,138.4,85.28,95.54,Pass,No,None,None,Feb-24,0,0,0,0,0,0,0
B001782,AED,Line 3,2025-05-04,Team C,21.26,41.43,310,47.6,7.76,99.02,6.88,141.3,81.33,92.55,Pass,No,None,None,May-25,0,0,0,0,0,0,0
B001783,Antidepressant,Line 3,2024-03-24,Team B,21.72,32.46,330,43.6,7.68,99.39,6.74,121,83.66,95.43,Pass,No,None,None,Mar-24,0,0,0,0,0,0,0
B001784,Antidepressant,Line 2,2024-11-13,Team B,22.11,34.83,308,38.9,6.89,99.07,6.83,127.5,88.74,93.75,Pass,No,None,None,Nov-24,0,0,0,0,0,0,0
B001785,Antidepressant,Line 3,2024-09-23,Team D,20.89,39.66,337,41.5,5.97,99.23,6.84,120.1,85.49,94.73,Pass,No,None,None,Sep-24,0,0,0,0,0,0,0
B001786,AED,Line 3,2024-11-23,Team A,21.46,43.46,328,43,7.79,98.98,6.95,128.1,83.14,93.75,Pass,No,None,None,Nov-24,0,0,0,0,0,0,0
B001787,GLP-1 Agonist,Line 1,2024-02-22,Team D,22.46,37.22,308,41.7,8.31,98.57,7.01,148.3,86.21,93.99,Pass,No,None,None,Feb-24,0,0,0,0,0,0,0
B001788,cox-2 inhibitor,Line 3,2025-05-27,team a,,44.76,322,46,7.66,99.24,6.68,115.2,87.57,93.97,Pass,No,None,None,May-25,1,0,0,0,0,0,1
B001789,AED,Line 1,2024-11-01,Team A,21.68,41.16,301,49.9,6.3,99.05,7.07,152.9,87.04,92.03,Pass,No,None,None,Nov-24,0,0,0,0,0,0,0
B001790,Antidepressant,Line 3,2024-02-14,Team A,22.08,37.43,350,41.9,8.52,98.93,6.53,132.3,87.35,96.85,Pass,No,None,None,Feb-24,0,0,0,0,0,0,0
B001791,COX-2 Inhibitor,Line 2,2024-01-03,Team A,22.94,46.06,326,39.9,5.94,98.98,6.77,116.4,88.22,95.84,Pass,No,None,None,Jan-24,0,0,0,0,0,0,0
B001792,GLP-1 Agonist,Line 1,2025-01-29,Team A,22.08,46.85,312,50.1,7.28,98.71,7.02,140.1,84.43,92.78,Pass,No,None,None,Jan-25,0,0,0,0,0,0,0
B001793,Antidepressant,Line 1,2025-05-02,Team D,21.58,36.46,303,53.9,7.85,99.12,6.64,127.2,87.26,91.56,Pass,No,None,None,May-25,0,0,0,0,0,0,0
B001794,COX-2 Inhibitor,Line 3,2025-02-04,Team D,23.65,44.22,358,44.3,7.42,99.58,6.77,119.9,86.88,94.93,Pass,No,None,None,Feb-25,0,0,0,0,0,0,0
B001795,AED,Line 1,2025-06-10,team c,22.79,34.47,303,48.6,7.47,99.68,6.65,133.2,86.19,92.67,Pass,No,None,None,Jun-25,0,0,0,0,0,0,0
B001796,GLP-1 Agonist,Line 1,2025-07-07,TEAM A,22.01,32.63,283,47.2,7.46,98.28,7.12,134.5,88.43,94.58,Pass,No,None,None,Jul-25,0,0,0,0,0,0,0
B001797,COX-2 Inhibitor,Line 1,2025-09-29,Team D,21.87,40.06,327,34.6,7.21,99.37,6.51,107.2,91.35,96.13,Pass,No,None,None,Sep-25,0,0,0,0,0,0,0
B001798,GLP-1 Agonist,Line 2,2025-12-19,Team C,20.73,45.67,290,54.6,8.01,99.13,6.94,141.8,84.1,91.58,Pass,No,None,None,Dec-25,0,0,0,0,0,0,0
B001799,COX-2 Inhibitor,Line 3,2025-10-08,Team C,22.26,39.11,347,42.1,6.23,99.14,6.53,111.4,86.94,93.36,Pass,No,None,None,Oct-25,0,0,0,0,0,0,0
B001800,COX-2 Inhibitor,Line 3,2025-08-04,Team D,22.55,38.92,341,33.9,7.49,99.46,6.68,106.1,88.39,93.7,Pass,No,None,None,Aug-25,0,0,0,0,0,0,0
B001801,COX-2 Inhibitor,Line 2,2024-11-11,Team B,21.17,43.18,320,40.5,6.81,99.65,6.84,109.4,83.8,93.66,Pass,No,None,None,Nov-24,0,0,0,0,0,0,0
B001802,COX-2 Inhibitor,Line 1,2025-01-03,Team B,22.87,43.19,339,42.6,7.37,98.78,6.78,136.3,90.58,94.95,Pass,No,None,None,Jan-25,0,0,0,0,0,0,0
B001802,COX-2 Inhibitor,Line 1,2025-01-03,Team B,22.87,43.19,339,42.6,7.37,98.78,6.78,136.3,90.58,94.95,Pass,No,None,None,Jan-25,0,0,0,0,0,0,0
B001803,Antidepressant,Line 1,2025-03-26,Team D,22.97,38.07,299,30.5,6.91,99.17,6.92,120.6,88.57,93.36,Pass,No,None,None,Mar-25,0,0,0,0,0,0,0
B001804,COX-2 Inhibitor,Line 2,2024-05-03,Team C,22.93,52.93,352,32.9,7.74,99.54,6.76,121,91.49,95.14,Pass,No,None,None,May-24,0,0,0,0,0,0,0
B001805,COX-2 Inhibitor,Line 3,2025-05-10,TEAM C,21.99,41.67,355,40.5,6.87,98.82,6.77,122.2,88.04,93.54,Pass,No,None,None,May-25,0,0,0,0,0,0,0
B001806,COX-2 Inhibitor,Line 3,2025-03-06,Team C,21.9,43.57,340,28.9,6.64,99.11,6.69,118.6,93.1,94.28,Pass,No,None,None,Mar-25,0,0,0,0,0,0,0
B001807,Antidepressant,Line2,2025-01-15,team d,22.22,39.99,325,32.3,7.06,98.98,6.8,130,90.61,91.85,Pass,No,None,None,Jan-25,0,0,0,0,0,0,0
B001808,GLP-1 Agonist,Line 2,2025-09-01,Team B,21.39,42.2,332,45.5,7.55,99.19,7.14,141.1,88.15,94.06,Pass,No,None,None,Sep-25,0,0,0,0,0,0,0
B001809,GLP-1 Agonist,Line 2,2025-05-17,Team A,21.83,46.17,297,49.7,8.3,99.16,6.86,155.2,84.09,91.51,Pass,No,None,None,May-25,0,0,0,0,0,0,0
B001810,Antidepressant,Line 2,2025-11-12,Team B,22.45,50.32,303,44,5.45,98.99,7.16,127.2,84.52,96.2,Pass,No,None,None,Nov-25,0,0,0,0,0,0,0
B001811,Antidepressant,Line 2,2025-12-14,Team C,22.82,38.19,330,49.7,7.23,,6.73,137,86.64,92.73,Failed,No,None,None,Dec-25,0,0,1,0,0,0,1
B001812,GLP-1 Agonist,Line 3,2025-08-26,Team D,20.65,45.5,280,49,8.13,98.36,6.86,147.4,81.01,93.79,Pass,No,None,None,Aug-25,0,0,0,0,0,0,0
B001813,COX-2 Inhibitor,Line 2,2024-08-05,Team B,22.67,45.75,336,36,6.45,99.51,6.67,109.4,88.04,95.66,Failed,No,None,None,Aug-24,0,0,0,0,0,0,0
B001814,Antidepressant,Line 3,2024-05-18,Team C,21.73,46.87,309,36.3,6.67,98.9,6.89,123.8,85.81,91.96,Pass,No,None,None,May-24,0,0,0,0,0,0,0
B001815,AED,Line 2,2024-08-06,Team D,21.73,43.54,302,42.9,7.72,98.93,6.84,113.1,85.23,94.82,Pass,No,None,None,Aug-24,0,0,0,0,0,0,0
B001816,GLP-1 Agonist,Line 1,2025-06-04,Team D,22.15,39.06,295,50.9,7.62,99.21,6.71,138.9,86.79,92.65,Pass,No,None,None,Jun-25,0,0,0,0,0,0,0
B001817,COX-2 Inhibitor,Line 1,2025-09-23,Team D,23.23,47.68,356,41.1,6.82,99.14,6.8,117.7,89.6,94.59,Pass,No,None,None,Sep-25,0,0,0,0,0,0,0
B001818,GLP-1 Agonist,Line 2,2025-10-05,Team D,22.55,44.77,320,48.5,7.8,99.11,,136.5,85.26,92.68,Pass,Yes,Equipment,Major,Oct-25,0,0,0,1,0,0,1
B001818,GLP-1 Agonist,Line 2,2025-10-05,Team D,22.55,44.77,320,48.5,7.8,99.11,,136.5,85.26,92.68,Pass,Yes,Equipment,Major,Oct-25,0,0,0,1,0,0,1
B001819,GLP-1 Agonist,Line 2,2025-05-14,Team C,21.82,47.83,317,50,8.15,98.97,7.17,136.9,,95.01,Pass,No,None,None,May-25,0,0,0,0,0,1,1
B001820,COX-2 Inhibitor,Line 2,2025-05-12,Team B,22.42,43.99,346,44,7.6,99.2,6.6,128,86.43,92.82,Pass,No,None,None,May-25,0,0,0,0,0,0,0
B001821,AED,Line 3,2025-11-26,Team B,21.61,43.47,310,45.9,7.79,99.04,7.19,125.1,91.57,94.31,Pass,No,None,None,Nov-25,0,0,0,0,0,0,0
B001822,GLP-1 Agonist,Line 1,2025-05-16,Team C,20.2,27.7,258,54.5,8.49,98.85,6.85,159.3,85.49,91.89,Pass,Yes,Environmental,Minor,May-25,0,0,0,0,0,0,0
B001823,GLP-1 Agonist,Line 2,2024-04-13,Team A,22.5,31.94,307,44,7.74,98.98,6.87,141.5,85.12,94.07,Pass,No,None,None,Apr-24,0,0,0,0,0,0,0
B001824,COX-2 Inhibitor,Line 3,2024-12-31,Team C,22.26,41.03,299,39.1,6.71,99.48,6.76,113.9,90.13,97.42,Pass,No,None,None,Dec-24,0,0,0,0,0,0,0
B001825,COX-2 Inhibitor,Line 2,2024-09-19,Team C,22.88,37.49,305,35.4,6.43,98.98,6.41,123.2,91.9,94.01,Failed,No,None,None,Sep-24,0,0,0,0,0,0,0
B001826,Antidepressant,Line 2,2025-04-10,Team C,22.51,46.07,317,46.4,7,98.81,6.8,138.2,85.21,94.09,Pass,No,None,None,Apr-25,0,0,0,0,0,0,0
B001827,GLP-1 Agonist,Line 1,2025-04-09,Team B,,33.45,305,42.4,7.92,98.82,7.09,137.4,83.88,92.37,Pass,Yes,Material,Minor,Apr-25,1,0,0,0,0,0,1
B001828,GLP-1 Agonist,Line 2,2024-08-03,Team C,20.81,37.49,292,46.2,7.8,99.02,6.89,128.9,83.33,94.39,Pass,No,None,None,Aug-24,0,0,0,0,0,0,0
B001829,AED,Line 3,2024-08-07,Team A,22.96,41.69,343,36.3,6.91,99.34,6.89,146.4,86.5,92.1,Failed,No,None,None,Aug-24,0,0,0,0,0,0,0
B001830,GLP-1 Agonist,Line 3,2024-03-05,Team C,21.72,46.02,308,52.8,8.19,98.96,7,149.5,84.42,93.43,Pass,No,None,None,Mar-24,0,0,0,0,0,0,0
B001831,GLP-1 Agonist,Line 2,2024-08-02,Team D,21.06,36.96,296,54.9,7.2,98.37,7.1,132.8,80.88,91.85,Pass,No,None,None,Aug-24,0,0,0,0,0,0,0
B001832,AED,Line 1,2025-08-28,TEAM D,21.71,46.26,340,49,7.34,99.13,6.93,134.7,85.36,96.37,Pass,No,None,None,Aug-25,0,0,0,0,0,0,0
B001833,GLP-1 Agonist,Line 3,2025-04-23,Team D,22.31,40.98,328,54,8.36,98.75,6.83,142.6,83.87,89.67,Pass,No,None,None,Apr-25,0,0,0,0,0,0,0
B001834,Antidepressant,Line 3,2025-11-20,Team B,22.7,46.52,329,47.1,8.52,99.12,7.18,131,87.19,93.99,Pass,Yes,Equipment,Minor,Nov-25,0,0,0,0,0,0,0
B001835,Antidepressant,Line 1,2025-11-08,Team A,20.9,46.25,306,44.8,7.84,99.02,6.7,116.3,88.83,94.48,Pass,No,None,None,Nov-25,0,0,0,0,0,0,0
B001836,Antidepressant,Line 3,2025-09-18,Team C,23.23,41.83,310,45.9,6.92,98.79,6.79,130.6,87.59,93.69,Pass,No,None,None,Sep-25,0,0,0,0,0,0,0
B001837,Antidepressant,Line 1,2024-05-11,Team A,22.72,33.52,294,45.7,7.24,99.19,6.57,120.1,91.27,94.66,Pass,No,None,None,May-24,0,0,0,0,0,0,0
B001838,GLP-1 Agonist,Line 1,2024-09-01,Team B,21.39,38.84,299,44.4,7.79,98.84,6.87,132.3,89.06,93.23,Pass,No,None,None,Sep-24,0,0,0,0,0,0,0
B001839,COX-2 Inhibitor,Line 1,2024-02-12,Team C,21.61,42.9,321,36.9,6.43,99.28,6.59,120.7,89.69,95.54,Pass,No,None,None,Feb-24,0,0,0,0,0,0,0
B001840,COX-2 Inhibitor,Line 1,2024-03-09,Team C,23.29,44.43,334,38.4,6.52,98.88,6.67,114,86.8,95.88,Pass,No,None,None,Mar-24,0,0,0,0,0,0,0
B001841,Antidepressant,Line3,2024-06-17,Team C,22.36,38.31,325,41.7,7.14,98.8,6.86,124.5,85.98,96.39,Pass,No,None,None,Jun-24,0,0,0,0,0,0,0
B001842,COX-2 Inhibitor,Line 2,2024-07-23,Team D,21.41,48.7,304,29.4,7.33,99.3,6.57,120.6,87.11,90.51,Pass,No,None,None,Jul-24,0,0,0,0,0,0,0
B001843,Antidepressant,Line 1,2024-01-12,Team A,21.83,42.07,297,35.2,6.53,99.41,6.95,112.2,89.56,95.9,Pass,No,None,None,Jan-24,0,0,0,0,0,0,0
B001844,AED,Line 2,2025-09-08,TEAM D,24.14,39.4,306,45.3,7.5,99.13,6.99,125.5,87.38,97.13,Pass,No,None,None,Sep-25,0,0,0,0,0,0,0
B001845,Antidepressant,Line 2,2025-01-20,Team C,22.01,39.71,319,47,5.78,98.93,6.83,118.4,88.77,91.8,Pass,No,None,None,Jan-25,0,0,0,0,0,0,0
B001846,COX-2 Inhibitor,Line 1,2025-04-24,Team B,21.94,52.64,331,38.1,7.05,98.83,6.87,110.6,89.58,95.56,Pass,No,None,None,Apr-25,0,0,0,0,0,0,0
B001847,GLP-1 Agonist,Line 1,2025-04-22,Team B,20.74,43.32,295,63.2,8.98,98.72,7.05,149.8,85.58,92.65,Pass,No,None,None,Apr-25,0,0,0,0,0,0,0
B001848,COX-2 Inhibitor,Line 2,2025-12-07,Team C,23.83,48.24,327,31.9,5.81,99.29,6.96,120.7,92.15,95.18,Pass,No,None,None,Dec-25,0,0,0,0,0,0,0
B001849,GLP-1 Agonist,Line 1,2024-04-17,Team C,22.14,34.79,274,50.4,7.6,98.77,6.68,,83.3,95.27,Pass,No,None,None,Apr-24,0,0,0,0,1,0,1
B001850,COX-2 Inhibitor,Line 3,2024-09-07,Team B,23.56,39.56,330,46.6,7.5,99.41,6.75,131.9,85.71,93.85,Pass,Yes,Equipment,Minor,Sep-24,0,0,0,0,0,0,0
B001851,Antidepressant,Line 1,2024-08-13,Team A,22.19,38.59,316,47.9,7.22,99.32,6.66,130,86.92,91.61,Pass,No,None,None,Aug-24,0,0,0,0,0,0,0
B001852,AED,Line 3,2025-02-07,Team A,22.74,44.92,309,50.1,8.09,99.25,7.04,123.5,83.93,94.54,Pass,No,None,None,Feb-25,0,0,0,0,0,0,0
B001853,GLP-1 Agonist,Line 3,2025-01-19,Team B,20.86,39.13,302,55.4,8.25,99.23,6.88,147.1,83.54,92.68,Pass,No,None,None,Jan-25,0,0,0,0,0,0,0
B001854,COX-2 Inhibitor,Line 1,2025-07-31,Team B,22.62,40.55,348,37.3,7.6,99.36,6.76,128.3,89.79,97.08,Pass,No,None,None,Jul-25,0,0,0,0,0,0,0
B001855,AED,Line 1,2025-02-13,Team C,22.02,42.18,327,54.1,7.25,98.59,6.72,119.4,,91.07,Pass,No,None,None,Feb-25,0,0,0,0,0,1,1
B001856,AED,Line 3,2024-06-20,Team D,22.84,40.03,304,53.6,9.43,99.14,6.67,156.4,84.86,91.03,Pass,No,None,None,Jun-24,0,0,0,0,0,0,0
B001857,antidepressant,Line2,2025-02-16,Team A,22.24,41.1,292,37.3,7.52,99.12,6.77,117.4,86.47,93.91,Pass,No,None,None,Feb-25,0,0,0,0,0,0,0
B001858,GLP-1 Agonist,Line 2,2025-12-05,Team B,21.03,45.57,323,48.8,8.28,98.75,7.23,124.9,86.68,94.94,Pass,No,None,None,Dec-25,0,0,0,0,0,0,0
B001859,Antidepressant,Line 1,2025-02-27,Team A,22.05,34.43,327,33.5,6.13,,6.75,120.3,,95.32,Pass,No,None,None,Feb-25,0,0,1,0,0,1,2
B001860,Antidepressant,Line 1,2025-03-09,Team D,20.74,43.73,303,50.4,7.79,99.06,6.89,138.3,84.82,92.67,Pass,No,None,None,Mar-25,0,0,0,0,0,0,0
B001861,COX-2 Inhibitor,Line 2,2024-05-08,Team C,20.76,49.9,345,39.2,6.98,98.95,6.92,117.5,85.63,94.53,Failed,No,None,None,May-24,0,0,0,0,0,0,0
B001862,AED,Line 3,2024-01-06,Team A,22.42,43.08,334,53.9,6.8,99.25,6.87,141.4,87.5,95.66,Pass,No,None,None,Jan-24,0,0,0,0,0,0,0
B001863,AED,Line 1,2024-06-02,Team B,21.52,41.36,346,44.4,6.51,98.91,6.96,148.7,90.95,93.77,Pass,No,None,None,Jun-24,0,0,0,0,0,0,0
B001864,GLP-1 Agonist,Line 3,2024-01-19,Team C,21.3,44.62,305,39.3,8.04,98.68,6.97,136.2,87.48,92.45,Pass,No,None,None,Jan-24,0,0,0,0,0,0,0
B001865,COX-2 Inhibitor,Line 2,2024-11-26,Team D,23.12,38.08,359,52.5,7.03,98.9,6.6,156.2,85.29,92.11,Pass,Yes,Process,Minor,Nov-24,0,0,0,0,0,0,0
B001866,AED,Line 1,2025-10-06,Team C,22.85,43.89,293,44.7,7.01,98.72,6.91,141.2,89.35,94.98,Pass,No,None,None,Oct-25,0,0,0,0,0,0,0
B001867,AED,Line 1,2024-11-22,Team B,22.2,38.8,314,39.5,7.7,98.84,6.79,126.6,89.02,92.53,Pass,No,None,None,Nov-24,0,0,0,0,0,0,0
B001868,Antidepressant,Line 1,2025-04-16,Team C,23.45,32.65,314,48.3,6.73,99.38,6.65,132,86.4,92.89,Pass,No,None,None,Apr-25,0,0,0,0,0,0,0
B001869,GLP-1 Agonist,Line 2,2025-09-17,Team C,21.88,39.24,306,58.2,7.91,98.64,6.93,143.5,85.99,91.25,Pass,No,None,None,Sep-25,0,0,0,0,0,0,0
B001870,AED,Line 2,2025-07-11,Team C,22.03,37.68,344,42.9,6.87,98.53,6.75,132,85.3,93.21,Pass,No,None,None,Jul-25,0,0,0,0,0,0,0
B001871,GLP-1 Agonist,Line 2,2025-04-20,Team A,21.68,39.94,304,47.5,8.06,99.01,6.95,143.9,84.28,93.08,Pass,No,None,None,Apr-25,0,0,0,0,0,0,0
B001872,GLP-1 Agonist,Line 1,2025-07-27,Team C,20.54,45.58,283,48.3,6.87,98.71,7.07,134.6,86.74,94.33,Pass,No,None,None,Jul-25,0,0,0,0,0,0,0
B001873,AED,Line 3,2024-07-24,TEAM A,22.52,53.27,292,40.4,7.21,98.78,6.94,116.8,87.48,95.3,Pass,Yes,Environmental,Minor,Jul-24,0,0,0,0,0,0,0
B001874,AED,Line 2,2024-11-03,Team D,19.97,44.47,345,41.2,6.22,99.35,6.99,,88.79,92.87,Pass,No,None,None,Nov-24,0,0,0,0,1,0,1
B001875,AED,Line 2,2024-10-18,Team D,21.36,49.1,324,54.8,7.47,98.91,6.95,,87.56,91.34,Pass,No,None,None,Oct-24,0,0,0,0,1,0,1
B001876,AED,Line 2,2025-08-06,Team C,21.82,45.99,323,43.3,7.64,99.35,6.98,117.2,83.6,93.92,Failed,Yes,Process,Minor,Aug-25,0,0,0,0,0,0,0
B001877,Antidepressant,Line 1,2024-10-25,Team C,21.41,40.08,314,37.4,7.25,99.12,6.69,123.3,88.91,93.18,Pass,No,None,None,Oct-24,0,0,0,0,0,0,0
B001878,GLP-1 Agonist,Line 3,2025-11-16,Team A,21.16,,305,46,7.68,99.34,6.95,148.3,89.94,91.02,Failed,No,None,None,Nov-25,0,1,0,0,0,0,1
B001879,GLP-1 Agonist,Line 2,2024-05-16,Team D,22.88,48.13,282,53.9,8.3,98.61,7.21,151.6,83.33,93.7,Pass,No,None,None,May-24,0,0,0,0,0,0,0
B001880,COX-2 Inhibitor,Line 2,2024-05-05,Team B,23.33,37.75,347,27.1,6.12,99.24,6.51,105.3,89.08,93.38,Pass,No,None,None,May-24,0,0,0,0,0,0,0
B001881,GLP-1 Agonist,Line 1,2025-06-07,Team B,20.99,46.91,279,48.4,8.56,98.59,7.14,147.1,81,93.95,Pass,No,None,None,Jun-25,0,0,0,0,0,0,0
B001882,COX-2 Inhibitor,Line 2,2025-07-12,Team C,22.15,45.68,334,50.5,6.97,98.9,6.93,128.1,86.67,90.74,Pass,No,None,None,Jul-25,0,0,0,0,0,0,0
B001883,GLP-1 Agonist,Line 2,2025-05-11,Team D,20.54,35.12,288,58.2,6.52,98.96,6.78,149.8,85.15,91.03,Pass,No,None,None,May-25,0,0,0,0,0,0,0
B001884,COX-2 Inhibitor,Line 2,2024-08-12,Team B,23.03,44.56,281,41.2,7.2,98.75,6.63,113.1,89.41,93.05,Pass,No,None,None,Aug-24,0,0,0,0,0,0,0
B001885,GLP-1 Agonist,Line 3,2024-01-07,Team C,21.31,50.66,294,56.7,8.2,98.8,7.22,108.2,81.55,91.65,Pass,Yes,Equipment,Minor,Jan-24,0,0,0,0,0,0,0
B001886,GLP-1 Agonist,Line 3,2024-08-23,Team C,20.03,47.68,284,56.7,8.3,98.74,6.93,139.5,83.82,91.84,Pass,No,None,None,Aug-24,0,0,0,0,0,0,0
B001887,Antidepressant,Line 1,2024-12-07,Team B,22.08,39.44,316,41.3,7.16,99.2,,129.3,88.61,95.04,Pass,No,None,None,Dec-24,0,0,0,1,0,0,1
B001888,Antidepressant,Line 3,2024-10-28,Team C,22.33,38.44,320,48.6,6.8,98.74,6.62,130.2,86.33,92.49,Pass,No,None,None,Oct-24,0,0,0,0,0,0,0
B001889,AED,Line 2,2025-11-05,TEAM D,22.52,44.5,347,53.8,7.65,99.13,,143.2,82.7,91.67,Pass,Yes,Material,Minor,Nov-25,0,0,0,1,0,0,1
B001890,GLP-1 Agonist,Line 3,2025-09-23,Team B,21.44,39.17,305,41.5,8.22,99.4,6.87,145.8,86.73,91.89,Failed,No,None,None,Sep-25,0,0,0,0,0,0,0
B001891,Antidepressant,Line 1,2025-07-20,Team D,21.72,48,326,44.2,7.28,99.43,6.86,123.5,85.82,95.03,Pass,No,None,None,Jul-25,0,0,0,0,0,0,0
B001892,COX-2 Inhibitor,Line 1,2024-01-17,Team D,23.99,46.7,349,40,6.34,99.61,6.68,115.5,84.52,94.48,Pass,No,None,None,Jan-24,0,0,0,0,0,0,0
B001893,COX-2 Inhibitor,Line 2,2024-04-03,Team D,22.5,34.54,356,38.6,7.17,99.29,6.73,99.9,90.1,94.06,Pass,No,None,None,Apr-24,0,0,0,0,0,0,0
B001894,Antidepressant,Line 1,2024-11-13,Team C,22.54,44.29,328,42.1,6.45,98.95,6.73,111.1,88.29,93.94,Pass,No,None,None,Nov-24,0,0,0,0,0,0,0
B001895,GLP-1 Agonist,Line 3,2025-03-30,Team D,21.1,39.1,305,50.8,7.9,99.07,6.79,130.3,86.2,92.01,Failed,No,None,None,Mar-25,0,0,0,0,0,0,0
B001896,Antidepressant,Line 2,2025-05-12,Team C,22.52,42.19,333,42.7,6.95,99,6.63,131.7,86.39,94.06,Pass,No,None,None,May-25,0,0,0,0,0,0,0
B001897,COX-2 Inhibitor,Line 1,2024-08-04,Team D,21.41,44.24,296,44.2,6.98,98.69,6.82,119.4,89.27,93.14,Pass,No,None,None,Aug-24,0,0,0,0,0,0,0
B001898,Antidepressant,Line 2,2024-03-21,Team C,21.65,47.99,358,44.6,6.91,99.23,6.98,123.2,89.48,93.73,Pass,Yes,Documentation,Minor,Mar-24,0,0,0,0,0,0,0
B001899,Antidepressant,Line 3,2024-08-27,Team D,21.09,46.89,349,42.5,8.04,98.95,7.02,121.9,91.16,95.8,Pass,No,None,None,Aug-24,0,0,0,0,0,0,0
B001900,Antidepressant,Line 3,2025-08-02,Team D,21.55,38.25,324,37.9,7.37,98.72,6.59,117.5,89.93,93.39,Pass,No,None,None,Aug-25,0,0,0,0,0,0,0
B001901,COX-2 Inhibitor,Line 2,2025-12-22,Team D,23.44,42.71,315,34.4,6.52,98.99,6.68,125,90.19,93.17,Pass,No,None,None,Dec-25,0,0,0,0,0,0,0
B001902,Antidepressant,Line 1,2025-11-19,Team C,21.54,39.76,342,42.4,7.16,99.09,7.06,126.1,84.89,92.31,Pass,No,None,None,Nov-25,0,0,0,0,0,0,0
B001903,Aed,Line 1,2025-03-09,Team C,22.34,35.59,303,41.1,7.57,99.09,6.77,,87.46,95.9,Pass,No,None,None,Mar-25,0,0,0,0,1,0,1
B001904,Antidepressant,Line 3,2024-03-07,Team D,23.14,41.45,330,48.7,7.72,99.05,6.72,112.4,83.06,94.57,Pass,No,None,None,Mar-24,0,0,0,0,0,0,0
B001905,COX-2 Inhibitor,Line 3,2025-12-08,Team B,22.48,52.22,317,40.9,6.06,99.38,6.85,127.2,86.08,94.79,Pass,No,None,None,Dec-25,0,0,0,0,0,0,0
B001906,GLP-1 Agonist,Line 2,2024-04-21,Team A,22.25,31.44,340,54.3,8.62,98.67,6.91,139.2,88.87,93.74,Pass,No,None,None,Apr-24,0,0,0,0,0,0,0
B001907,GLP-1 Agonist,Line 3,2024-07-15,Team D,21.9,39.88,274,46,8.15,98.86,7.03,136.5,83.51,93.51,Pass,No,None,None,Jul-24,0,0,0,0,0,0,0
B001908,Antidepressant,Line 1,2025-12-13,Team C,22.09,41.72,321,36.4,7.18,98.86,6.72,133.3,83.85,93.9,Pass,No,None,None,Dec-25,0,0,0,0,0,0,0
B001909,AED,Line 3,2025-01-03,Team B,22.36,45.44,277,52.7,7.7,99.26,6.88,134.3,86.79,91.15,Pass,No,None,None,Jan-25,0,0,0,0,0,0,0
B001910,AED,Line 1,2024-05-24,Team C,23.18,39.19,314,45.7,6.32,98.86,6.82,134.9,85.39,96.55,Pass,No,None,None,May-24,0,0,0,0,0,0,0
B001911,Antidepressant,Line 1,2025-01-02,Team A,21.52,34.87,312,40.9,5.71,99.12,6.61,115.1,89.89,94.3,Pass,No,None,None,Jan-25,0,0,0,0,0,0,0
B001912,Antidepressant,Line 2,2024-02-27,Team B,21.28,35.11,340,45.8,6.62,99.5,6.55,129.2,84.43,93.61,Pass,No,None,None,Feb-24,0,0,0,0,0,0,0
B001913,AED,Line 2,2024-08-18,Team B,21.04,50.65,307,48.6,7.71,99.25,7.25,119.4,85.11,93.63,Pass,No,None,None,Aug-24,0,0,0,0,0,0,0
B001914,GLP-1 Agonist,Line 3,2025-11-27,Team B,22.25,35.09,320,41.6,8.64,99.37,6.85,135.4,89.18,92.18,Pass,No,None,None,Nov-25,0,0,0,0,0,0,0
B001915,Antidepressant,Line 1,2024-08-06,Team D,22.85,39.5,302,49.6,7.43,98.66,6.72,133.8,83.72,94.3,Pass,No,None,None,Aug-24,0,0,0,0,0,0,0
B001916,Antidepressant,Line 3,2025-10-14,Team C,21.6,52.52,315,40.2,6.71,99.05,6.92,136.1,87.34,94.66,Pass,No,None,None,Oct-25,0,0,0,0,0,0,0
B001917,COX-2 Inhibitor,Line 3,2025-01-31,Team A,20.9,39.33,335,48.9,6.9,99.31,6.65,120.6,87.09,92.34,Pass,No,None,None,Jan-25,0,0,0,0,0,0,0
B001918,COX-2 Inhibitor,Line 2,2025-04-24,Team B,21.99,44.71,349,30.7,7.09,99.13,6.79,109.3,88.44,93.95,Pass,No,None,None,Apr-25,0,0,0,0,0,0,0
B001919,COX-2 Inhibitor,Line 3,2025-05-28,Team A,22.91,48.32,347,40.2,6.31,99.07,6.74,116.2,88.53,95.18,Pass,No,None,None,May-25,0,0,0,0,0,0,0
B001920,AED,Line 2,2025-02-07,Team D,21.75,49.08,328,44,8.42,99.24,7.14,128.2,86.92,93.29,Pass,No,None,None,Feb-25,0,0,0,0,0,0,0
B001921,GLP-1 Agonist,Line 2,2024-01-26,Team B,21.64,33.34,305,37.1,8.45,99.31,6.94,122.9,88.83,93.25,Pass,No,None,None,Jan-24,0,0,0,0,0,0,0
B001922,GLP-1 Agonist,Line 1,2025-11-02,Team B,21.11,36.43,312,50.6,9.07,99.26,6.89,120.4,89.58,93.32,Pass,No,None,None,Nov-25,0,0,0,0,0,0,0
B001923,GLP-1 Agonist,Line 1,2024-12-13,Team B,22.26,41.51,284,37.4,7.64,98.96,6.91,121.2,93.79,93.75,Pass,No,None,None,Dec-24,0,0,0,0,0,0,0
B001924,GLP-1 Agonist,Line 3,2025-04-24,Team A,21.76,49.65,307,47.9,7.96,99.39,7.24,139.9,86.44,91.64,Pass,No,None,None,Apr-25,0,0,0,0,0,0,0
B001925,Antidepressant,Line 2,2025-02-08,Team D,22.44,38.19,349,48.1,7.41,99.02,6.72,129.1,86.36,94.4,Pass,No,None,None,Feb-25,0,0,0,0,0,0,0
B001926,Antidepressant,Line 2,2025-04-26,Team C,22.12,39.53,290,38.1,7.36,98.66,6.61,128.4,89.37,92.99,Pass,No,None,None,Apr-25,0,0,0,0,0,0,0
B001927,GLP-1 Agonist,Line 1,2024-09-16,Team B,21.89,42.1,309,43,7.27,98.83,7.12,142.1,86.38,92.19,Pass,No,None,None,Sep-24,0,0,0,0,0,0,0
B001928,COX-2 Inhibitor,Line 2,2025-09-08,Team B,22.84,46.1,352,41.4,6.11,99.12,6.67,117.5,84.6,95.67,Pass,No,None,None,Sep-25,0,0,0,0,0,0,0
B001929,Antidepressant,Line 3,2024-06-12,Team C,21.3,45.4,346,42.1,7.2,99.4,6.96,113.2,87.27,94.16,Pass,No,None,None,Jun-24,0,0,0,0,0,0,0
B001930,GLP-1 Agonist,Line 1,2025-04-22,Team A,21.78,35.77,313,45.8,7.3,98.86,6.6,140.1,88.78,96.39,Pass,No,None,None,Apr-25,0,0,0,0,0,0,0
B001931,COX-2 Inhibitor,Line 3,2025-02-26,Team D,23.09,40.34,342,46.5,7.93,99.3,6.63,126.3,83.65,94.03,Pass,No,None,None,Feb-25,0,0,0,0,0,0,0
B001932,COX2 Inhibitor,Line 2,2025-01-03,Team C,23.37,44.08,348,31.6,6.04,98.7,6.87,112.4,87.69,93.26,Pass,No,None,None,Jan-25,0,0,0,0,0,0,0
B001933,COX-2 Inhibitor,Line 3,2024-01-17,Team A,22.81,49.31,327,37,6.97,99.34,6.81,130.7,87.3,95.37,Pass,No,None,None,Jan-24,0,0,0,0,0,0,0
B001934,AED,Line 1,2024-10-11,Team C,21.08,42.81,308,49.8,8.01,99.03,6.98,137.4,86.96,93.35,Pass,No,None,None,Oct-24,0,0,0,0,0,0,0
B001935,COX-2 Inhibitor,Line 2,2024-02-04,Team D,21.89,42.89,316,31.2,7.07,99.09,6.61,115.6,95.15,94.97,Pass,No,None,None,Feb-24,0,0,0,0,0,0,0
B001936,Antidepressant,Line 1,2025-01-02,Team A,21.67,36.87,347,51.8,7.46,99.78,6.76,133.3,84.46,92.9,Pass,No,None,None,Jan-25,0,0,0,0,0,0,0
B001937,GLP-1 Agonist,Line 2,2025-05-17,Team C,21.64,49.32,308,45.8,7.93,99.08,7.11,145.3,86.3,93.59,Pass,No,None,None,May-25,0,0,0,0,0,0,0
B001938,COX-2 Inhibitor,Line 3,2025-01-16,Team C,22.41,43.77,324,44.3,6.61,98.84,6.76,118.6,87.28,94.04,Pass,No,None,None,Jan-25,0,0,0,0,0,0,0
B001939,Antidepressant,Line 2,2025-07-07,Team D,21.16,47.39,325,45.8,7.7,98.99,7.13,120.9,86.35,94.14,Pass,No,None,None,Jul-25,0,0,0,0,0,0,0
B001940,Antidepressant,Line 1,2024-09-20,Team C,21.15,42.15,341,41.2,7.67,99.89,6.96,122.3,88.05,96.03,Pass,Yes,Environmental,Minor,Sep-24,0,0,0,0,0,0,0
B001941,Antidepressant,Line 3,2024-08-11,Team C,20.43,42.43,338,40.9,6.28,99.65,6.9,116,86.58,92.17,Failed,No,None,None,Aug-24,0,0,0,0,0,0,0
B001942,GLP-1 Agonist,Line 1,2024-11-23,Team D,19.16,32.5,283,47.8,8.76,99.37,6.95,137.4,92.08,93.88,Pass,No,None,None,Nov-24,0,0,0,0,0,0,0
B001943,GLP-1 Agonist,Line 2,2024-06-16,Team D,21.4,29.25,244,51.9,7.55,98.57,6.7,142.8,86.64,92.03,Pass,No,None,None,Jun-24,0,0,0,0,0,0,0
B001944,Antidepressant,Line 3,2025-08-09,Team B,23.74,48.26,327,37.1,7.5,99.3,6.84,123.3,87.28,92.04,Failed,No,None,None,Aug-25,0,0,0,0,0,0,0
B001945,AED,Line 2,2025-08-14,Team C,23.15,,299,37.4,7.08,98.74,6.75,122.6,90.68,91.88,Pass,No,None,None,Aug-25,0,1,0,0,0,0,1
B001946,AED,Line 3,2024-10-31,Team A,21.07,45.03,326,54.7,7.96,99.31,,154,85.23,91.51,Pass,No,None,None,Oct-24,0,0,0,1,0,0,1
B001947,Antidepressant,Line 2,2025-08-02,Team D,22.11,35.75,337,37,6.71,98.97,6.6,131.1,,93.56,Pass,No,None,None,Aug-25,0,0,0,0,0,1,1
B001948,AED,Line 3,2024-01-19,Team D,20.7,39.48,335,48.4,7.22,99.17,6.86,133.9,85.38,93.73,Pass,No,None,None,Jan-24,0,0,0,0,0,0,0
B001949,Antidepressant,Line 2,2024-04-23,Team B,21.02,47.31,351,40.9,7.25,98.85,6.73,,87.35,95.17,Pass,Yes,Equipment,Minor,Apr-24,0,0,0,0,1,0,1
B001950,AED,Line 3,2024-07-25,Team C,20.9,52.7,337,45.6,7.51,98.73,7.06,145.2,83.6,93.36,Pass,No,None,None,Jul-24,0,0,0,0,0,0,0
B001951,AED,line 1,2024-10-10,Team D,21.63,40.89,346,52.9,6.86,99.2,6.86,130.2,81.9,94.91,Pass,No,None,None,Oct-24,0,0,0,0,0,0,0
B001952,Antidepressant,Line 3,2024-06-18,Team A,21.86,45.36,345,43,6.82,98.65,6.71,119.4,88.03,93.85,Pass,Yes,Equipment,Major,Jun-24,0,0,0,0,0,0,0
B001953,COX-2 Inhibitor,Line 1,2025-01-09,team c,22.69,43.95,366,36,5.82,99.82,6.91,118.7,88.93,92.89,Pass,No,None,None,Jan-25,0,0,0,0,0,0,0
B001954,AED,Line 3,2025-08-03,Team D,22.3,43.4,314,44,7.33,98.65,,135.4,88.51,93.39,Pass,No,None,None,Aug-25,0,0,0,1,0,0,1
B001955,AED,Line 1,2024-11-29,Team D,21.55,53.26,292,42.2,7.47,,7.2,132.5,,94.06,Pass,No,None,None,Nov-24,0,0,1,0,0,1,2
B001956,AED,Line 1,2024-11-24,Team A,21.83,,360,41.3,6.78,99.18,6.63,134.9,85.25,90.07,Pass,No,None,None,Nov-24,0,1,0,0,0,0,1
B001957,COX-2 Inhibitor,Line 3,2024-02-13,Team D,21.68,49.2,341,36.8,7.44,99.43,6.79,112.9,90.33,96.13,Pass,No,None,None,Feb-24,0,0,0,0,0,0,0
B001958,Antidepressant,Line 1,2024-07-23,Team D,20.99,43.91,342,51.1,7.25,99.01,6.68,118.7,85.7,93.25,Pass,No,None,None,Jul-24,0,0,0,0,0,0,0
B001959,AED,Line 2,2025-08-13,Team A,20.68,43.92,305,47.9,7.24,98.69,6.85,128,88.06,92.38,Pass,No,None,None,Aug-25,0,0,0,0,0,0,0
B001960,COX-2 Inhibitor,Line 3,2025-08-15,Team C,22.99,49.86,357,36.6,6.91,98.76,7.04,124.7,88.73,93.59,Pass,No,None,None,Aug-25,0,0,0,0,0,0,0
B001961,COX-2 Inhibitor,Line 1,2024-03-17,Team C,22.25,44.45,296,43.4,7.56,98.87,6.7,113.5,92.16,95.39,Pass,Yes,Environmental,Minor,Mar-24,0,0,0,0,0,0,0
B001962,GLP-1 Agonist,Line 1,2024-01-15,Team D,20.1,39.52,293,39.3,6.74,99.07,6.83,114.5,89.23,93.25,Pass,No,None,None,Jan-24,0,0,0,0,0,0,0
B001963,COX-2 Inhibitor,Line 2,2025-08-30,Team A,22.45,49.9,338,44.6,7.74,,6.88,,88.42,93.3,Pass,No,None,None,Aug-25,0,0,1,0,1,0,2
B001964,Antidepressant,Line 1,2024-05-07,Team D,21.06,48.25,328,49.1,7.78,99.15,6.85,124.9,88.48,92.17,Pass,No,None,None,May-24,0,0,0,0,0,0,0
B001965,COX-2 Inhibitor,Line 1,2025-02-23,Team C,23.75,49.01,359,50.3,7.02,99.15,6.82,111.1,86.19,93.42,Pass,No,None,None,Feb-25,0,0,0,0,0,0,0
B001966,Antidepressant,Line 1,2025-08-27,Team B,21.57,22.56,300,46.6,7.81,99.63,6.4,128.9,83.56,94.56,Pass,No,None,None,Aug-25,0,0,0,0,0,0,0
B001967,COX-2 Inhibitor,Line 2,2025-07-29,Team B,23.01,45.2,352,39.4,6.47,98.99,6.64,116.7,89.24,95.64,Pass,No,None,None,Jul-25,0,0,0,0,0,0,0
B001968,AED,Line 1,2025-02-06,Team D,22.62,45.06,337,52.1,7.71,98.73,6.85,150.1,89.99,92.58,Pass,No,None,None,Feb-25,0,0,0,0,0,0,0
B001969,GLP-1 Agonist,Line 1,2024-10-02,Team D,20.78,39.83,342,44.6,7.38,99.01,7.06,136.4,81.58,93.05,Pass,No,None,None,Oct-24,0,0,0,0,0,0,0
B001970,GLP-1 Agonist,Line 2,2025-07-19,Team B,21.56,43.05,313,44.8,8.22,98.86,6.99,142.3,87.3,93,Pass,No,None,None,Jul-25,0,0,0,0,0,0,0
B001971,GLP-1 Agonist,Line 2,2025-05-22,Team D,21.92,41.3,292,46.6,7.36,98.97,6.86,138.1,82.57,94.41,Pass,No,None,None,May-25,0,0,0,0,0,0,0
B001972,AED,Line 1,2025-09-04,Team C,21.89,47.39,292,51.5,7.5,98.72,7,129.2,85.77,94.84,Pass,No,None,None,Sep-25,0,0,0,0,0,0,0
B001973,COX-2 Inhibitor,Line 1,2025-01-10,Team A,22.77,41.66,373,33.3,6.81,99.37,6.7,110.3,90.02,96.49,Pass,No,None,None,Jan-25,0,0,0,0,0,0,0
B001974,GLP-1 Agonist,Line 3,2025-11-19,Team C,20.5,47.49,313,43.2,8.56,98.49,7.15,146.8,87.91,93.88,Pass,No,None,None,Nov-25,0,0,0,0,0,0,0
B001975,ANTIDEPRESSANT,Line 2,2025-07-16,Team D,22.42,45.89,320,42.3,6.56,98.89,6.8,133.1,88.11,96.77,Pass,No,None,None,Jul-25,0,0,0,0,0,0,0
B001976,Antidepressant,line 2,2024-02-16,Team A,21.64,44.71,291,45.9,7.55,,6.83,115.6,90.01,95.18,Pass,No,None,None,Feb-24,0,0,1,0,0,0,1
B001977,GLP-1 Agonist,Line 2,2024-08-02,Team A,21.76,42.47,283,44.1,7.12,98.56,7.06,125.3,88.96,92.16,Pass,Yes,Material,Minor,Aug-24,0,0,0,0,0,0,0
B001978,AED,Line 1,2025-08-07,Team A,22.49,49.79,326,47.7,6.21,99.17,6.9,121.1,86.08,95.78,Pass,Yes,Process,Minor,Aug-25,0,0,0,0,0,0,0
B001979,COX-2 Inhibitor,Line 3,2024-03-25,Team C,23,48.11,346,47,6.85,98.65,6.9,136.3,89.18,91.74,Pass,No,None,None,Mar-24,0,0,0,0,0,0,0
B001980,Antidepressant,Line 3,2025-06-02,Team A,22.26,41.44,285,49.1,8.06,98.62,6.79,116.8,85.43,95.9,Pass,No,None,None,Jun-25,0,0,0,0,0,0,0
B001981,AED,Line 3,2024-09-05,Team D,22.28,48.95,326,48.4,7.76,98.43,6.87,,84.71,92.23,Pass,No,None,None,Sep-24,0,0,0,0,1,0,1
B001982,GLP-1 Agonist,Line 1,2024-05-31,Team A,22.02,40.87,272,47.5,7.49,98.95,6.85,141.2,83.44,94.73,Failed,Yes,Process,Minor,May-24,0,0,0,0,0,0,0
B001983,AED,Line1,2025-01-29,Team A,22.92,53.58,339,54.5,7.66,99.01,7.06,138,88.17,94.44,Pass,No,None,None,Jan-25,0,0,0,0,0,0,0
B001984,Antidepressant,Line 1,2025-11-12,Team B,21.97,47.49,324,41.1,6.98,99.38,6.82,120.1,87.5,95.38,Pass,No,None,None,Nov-25,0,0,0,0,0,0,0
B001985,COX-2 Inhibitor,Line 1,2025-10-18,Team D,22.62,39.87,332,42.2,7.09,99.56,6.76,131.6,82.92,92.4,Pass,No,None,None,Oct-25,0,0,0,0,0,0,0
B001986,AED,Line 1,2024-10-22,Team D,22.5,55.65,333,55.8,6.79,99.02,7.07,138.6,86.25,91.48,Pass,No,None,None,Oct-24,0,0,0,0,0,0,0
B001987,Antidepressant,Line 2,2024-01-03,Team B,21.63,31.49,326,46.6,7.1,99.02,6.68,116.4,,94.33,Pass,No,None,None,Jan-24,0,0,0,0,0,1,1
B001988,COX-2 Inhibitor,Line 1,2025-10-10,Team C,21.5,46.19,364,31.5,6.44,98.91,6.66,102.6,89.51,95.05,Pass,No,None,None,Oct-25,0,0,0,0,0,0,0
B001989,AED,Line 3,2025-10-17,Team D,,40.52,316,38.7,6.68,99.2,6.88,113.2,87.02,92.63,Pass,No,None,None,Oct-25,1,0,0,0,0,0,1
B001990,Antidepressant,Line 1,2025-03-18,Team D,21.85,51.41,322,40.4,6.18,99.36,7.1,134.7,87.55,94.8,Pass,No,None,None,Mar-25,0,0,0,0,0,0,0
B001991,Antidepressant,Line 1,2025-04-04,Team A,21.09,43.26,315,45.9,6.94,98.81,6.8,,93.3,92.61,Pass,No,None,None,Apr-25,0,0,0,0,1,0,1
B001992,cox-2 inhibitor,Line 3,2025-01-20,Team D,22.88,39.03,345,41.9,7.09,99.55,6.59,132.9,91.35,96.3,Pass,No,None,None,Jan-25,0,0,0,0,0,0,0
B001993,GLP-1 Agonist,Line 3,2024-01-10,Team D,22.57,38.67,331,61.6,8.63,98.36,6.85,148.7,84.48,90.38,Pass,No,None,None,Jan-24,0,0,0,0,0,0,0
B001994,Antidepressant,Line 2,2024-04-26,Team C,,38.43,311,44.4,6.78,99.28,6.74,115,87.8,95.19,Pass,No,None,None,Apr-24,1,0,0,0,0,0,1
B001995,GLP-1 Agonist,Line 2,2024-04-14,Team C,22.27,38.47,312,46.2,7.41,98.9,7.12,128.5,88.51,94.8,Pass,No,None,None,Apr-24,0,0,0,0,0,0,0
B001996,COX-2 Inhibitor,Line 1,2025-10-30,Team B,20.6,41.36,324,30.8,6.13,99.19,6.53,104,90.84,92.88,Pass,No,None,None,Oct-25,0,0,0,0,0,0,0
B001997,GLP-1 Agonist,Line 1,2024-02-06,Team D,21.2,36.24,263,54.5,8.19,99.02,6.91,142.1,86.63,92.79,Pass,No,None,None,Feb-24,0,0,0,0,0,0,0
B001998,GLP-1 Agonist,Line 2,2025-02-10,Team D,22.88,41.35,304,48,8.48,98.63,6.78,151.7,,93.85,Pass,No,None,None,Feb-25,0,0,0,0,0,1,1
B001999,AED,Line 2,2024-09-22,Team C,21.55,45.96,322,36.7,5.79,99.06,6.91,137.9,88.47,92.43,Pass,No,None,None,Sep-24,0,0,0,0,0,0,0
B002000,GLP-1 Agonist,Line 2,2024-01-05,Team C,21.57,35.02,298,48.1,8.15,99.01,6.93,134.9,87.75,94.56,Pass,No,None,None,Jan-24,0,0,0,0,0,0,0
B002001,AED,Line 1,2025-11-02,Team B,22.37,35.71,288,38.5,7.01,99.35,6.62,105.3,87.24,92.58,Failed,No,None,None,Nov-25,0,0,0,0,0,0,0
B002002,GLP-1 Agonist,Line 2,2024-01-14,Team C,20.21,41.55,305,45.7,8.01,99.38,6.94,127.1,86.25,93.16,Pass,No,None,None,Jan-24,0,0,0,0,0,0,0
B002003,AED,Line 3,2025-09-17,Team A,21.85,46.66,320,45.5,8.32,98.93,7,143.5,84.15,93.44,Pass,No,None,None,Sep-25,0,0,0,0,0,0,0
B002004,COX-2 Inhibitor,Line 1,2025-07-22,Team D,22.55,46.65,324,32,5.98,98.89,6.79,115.9,88.18,97.11,Pass,No,None,None,Jul-25,0,0,0,0,0,0,0
B002005,Antidepressant,Line 1,2025-08-03,Team C,23.4,44.76,296,38.3,7.39,98.71,6.88,119.2,83.1,93.56,Pass,No,None,None,Aug-25,0,0,0,0,0,0,0
B002006,AED,Line 2,2024-04-28,team c,20.87,,310,40.9,6.47,99.34,6.93,124.5,88.44,94.34,Pass,No,None,None,Apr-24,0,1,0,0,0,0,1
B002007,GLP-1 Agonist,Line 3,2025-10-06,Team A,21.21,44.99,312,44.6,8.1,99.28,7.08,131.2,87.63,94.71,Pass,No,None,None,Oct-25,0,0,0,0,0,0,0
B002008,Antidepressant,Line 2,2025-03-13,Team C,21.3,55.4,327,36.5,6.67,99.15,6.93,111.5,91.09,92.66,Pass,No,None,None,Mar-25,0,0,0,0,0,0,0
B002009,Antidepressant,Line 3,2024-10-20,Team A,21.22,57.5,304,40.8,7.34,98.87,7.12,145.2,85.18,94.36,Pass,No,None,None,Oct-24,0,0,0,0,0,0,0
B002010,COX-2 Inhibitor,Line 2,2025-05-12,Team D,23.35,34.21,342,32.1,5.85,99.49,6.31,130.5,90.73,93.04,Pass,No,None,None,May-25,0,0,0,0,0,0,0
B002011,Antidepressant,Line 1,2024-09-06,Team C,22.02,31.01,336,45.2,7.35,99.63,6.6,119.9,87.42,92.09,Pass,No,None,None,Sep-24,0,0,0,0,0,0,0
B002012,GLP-1 Agonist,Line 2,2024-07-23,Team B,21.08,,279,49.1,8.71,98.76,6.98,124.2,87.12,92.44,Pass,No,None,None,Jul-24,0,1,0,0,0,0,1
B002013,Antidepressant,Line 1,2024-07-29,Team D,21.61,44.52,321,48.6,6.7,99.08,7,131.1,85.38,93.17,Pass,No,None,None,Jul-24,0,0,0,0,0,0,0
B002014,GLP-1 Agonist,Line 3,2025-02-20,Team D,21.08,39.62,324,59.9,8.67,98.61,6.97,147.4,82.52,90.54,Pass,No,None,None,Feb-25,0,0,0,0,0,0,0
B002015,GLP-1 Agonist,Line 1,2025-03-15,Team A,21.14,43.52,277,51.7,8.4,98.86,7.05,146.3,81.91,92.78,Pass,No,None,None,Mar-25,0,0,0,0,0,0,0
B002016,GLP-1 Agonist,Line 1,2024-06-24,Team A,20.55,38.65,321,50.5,7.72,,6.99,147.4,83.98,93.36,Pass,No,None,None,Jun-24,0,0,1,0,0,0,1
B002017,Antidepressant,Line 2,2024-06-28,Team B,21.81,38.53,349,46.1,7.89,99.44,6.9,118.5,86.97,92.64,Pass,No,None,None,Jun-24,0,0,0,0,0,0,0
B002018,Antidepressant,Line 2,2025-11-22,Team A,21.73,39.29,316,43.6,6.82,99.17,6.71,138.8,87.8,94.85,Pass,No,None,None,Nov-25,0,0,0,0,0,0,0
B002019,COX-2 Inhibitor,Line 2,2025-01-11,Team C,21.93,42,334,38.3,6.55,98.43,6.53,116.2,84.94,96.56,Pass,No,None,None,Jan-25,0,0,0,0,0,0,0
B002020,GLP-1 Agonist,Line 2,2025-09-20,Team C,21.62,44.22,319,46.8,7.21,98.67,6.84,143.9,84.78,94.84,Pass,Yes,Documentation,Minor,Sep-25,0,0,0,0,0,0,0
B002021,COX-2 Inhibitor,Line 3,2024-08-29,Team C,22.68,40.57,337,33.9,6.88,99.2,6.76,,89.49,93.9,Pass,No,None,None,Aug-24,0,0,0,0,1,0,1
B002022,Antidepressant,Line 3,2024-07-29,Team A,21.58,40.56,278,48.1,7.57,99.04,6.81,140,89.4,94.39,Pass,No,None,None,Jul-24,0,0,0,0,0,0,0
B002023,Antidepressant,Line 3,2024-07-25,Team D,21.89,44.85,318,43.3,7.75,99.03,6.81,107.1,85.3,93.45,Pass,No,None,None,Jul-24,0,0,0,0,0,0,0
B002024,Antidepressant,Line 2,2025-01-21,Team D,,41.01,328,50,6.93,99.12,6.71,138.4,87.34,92.91,Pass,No,None,None,Jan-25,1,0,0,0,0,0,1
B002025,GLP-1 Agonist,Line 2,2025-07-23,Team C,23.09,45.58,313,52,7.57,98.65,7.08,134.5,83.74,93.25,Pass,No,None,None,Jul-25,0,0,0,0,0,0,0
B002026,GLP-1 Agonist,Line 2,2024-12-31,Team A,20.71,35.4,284,44.6,7.93,99.01,6.93,137.5,85.34,92.53,Pass,Yes,Process,Minor,Dec-24,0,0,0,0,0,0,0
B002027,AED,Line 2,2024-08-03,Team B,21.11,38.32,310,51.9,8.31,99.02,6.9,147.2,83.54,91.56,Pass,No,None,None,Aug-24,0,0,0,0,0,0,0
B002028,GLP-1 Agonist,Line 1,2025-12-02,Team C,20.71,41.52,318,32.9,7.62,98.74,6.86,120.2,86.42,92.03,Failed,No,None,None,Dec-25,0,0,0,0,0,0,0
B002029,GLP-1 Agonist,Line 2,2025-02-22,Team C,,42.02,299,58.6,9.19,99.39,6.79,138,82.74,90.65,Pass,No,None,None,Feb-25,1,0,0,0,0,0,1
B002030,COX-2 Inhibitor,Line 1,2024-10-15,Team A,22.2,38.68,312,30.6,6.65,99.11,6.54,280,92.63,93.58,Pass,Yes,Documentation,Minor,Oct-24,0,0,0,0,0,0,0
B002031,Antidepressant,LINE 1,2024-01-08,Team D,22.18,48.72,342,44.7,7.38,98.36,6.74,123,85.85,95.73,Pass,No,None,None,Jan-24,0,0,0,0,0,0,0
B002032,GLP-1 Agonist,Line 3,2025-02-14,Team D,23,49.62,296,51.9,8.66,99.22,6.95,133.6,82.7,93.19,Pass,No,None,None,Feb-25,0,0,0,0,0,0,0
B002033,GLP-1 Agonist,Line 1,2025-03-29,Team C,21.49,36.86,320,54.2,8.83,98.75,7.11,143.3,85.35,92.88,Pass,No,None,None,Mar-25,0,0,0,0,0,0,0
B002034,GLP-1 Agonist,Line 2,2025-11-09,Team B,22.03,47.44,275,45.2,8.38,99.05,6.81,138.7,86.22,91.35,Pass,No,None,None,Nov-25,0,0,0,0,0,0,0
B002035,Antidepressant,Line 2,2024-06-17,Team C,22.39,30.09,318,30.2,5.99,99.06,6.68,122.1,89.67,91.25,Pass,No,None,None,Jun-24,0,0,0,0,0,0,0
B002036,aed,Line 1,2024-04-29,Team A,21.36,49.38,324,43.2,7.68,99.06,7.12,121.4,87.88,94.63,Pass,No,None,None,Apr-24,0,0,0,0,0,0,0
B002037,AED,Line 3,2025-12-31,Team C,22.59,39.71,313,44.3,7.77,98.97,6.98,123.4,84.31,94.54,Pass,No,None,None,Dec-25,0,0,0,0,0,0,0
B002038,Antidepressant,Line 1,2025-02-06,Team A,21.36,46.88,299,30.7,6.5,99.32,6.91,116,88.05,93.26,Pass,No,None,None,Feb-25,0,0,0,0,0,0,0
B002039,COX-2 Inhibitor,Line 3,2024-01-20,Team A,23.5,38.19,297,39.7,6.04,99.12,6.8,119.4,90.25,94.1,Pass,No,None,None,Jan-24,0,0,0,0,0,0,0
B002040,COX-2 Inhibitor,Line 3,2024-03-18,Team C,22.06,42.66,367,33.6,5.95,98.97,6.92,115.3,88.87,93.57,Pass,No,None,None,Mar-24,0,0,0,0,0,0,0
B002041,GLP-1 Agonist,Line 1,2024-12-13,Team C,21.14,35.95,304,51.6,7.72,99.08,6.87,134.1,86.67,93.39,Pass,No,None,None,Dec-24,0,0,0,0,0,0,0
B002042,AED,Line 1,2025-03-27,Team D,20.98,42.93,336,43.6,6.45,98.9,,132,89.94,92.82,Pass,No,None,None,Mar-25,0,0,0,1,0,0,1
B002043,COX-2 Inhibitor,Line 1,2024-06-27,Team C,21.81,52.15,357,48.8,6.79,98.51,7.01,117.1,88.92,93.65,Pass,No,None,None,Jun-24,0,0,0,0,0,0,0
B002044,AED,Line 2,2024-09-24,Team D,21.48,43.46,326,43.6,7.64,98.8,6.82,129.1,83.94,92.39,Pass,No,None,None,Sep-24,0,0,0,0,0,0,0
B002045,AED,Line 1,2025-06-22,Team D,19.98,54.55,309,46.4,7.03,99.67,7.06,128.2,86.5,93.05,Pass,No,None,None,Jun-25,0,0,0,0,0,0,0
B002046,Antidepressant,Line 3,2025-12-08,Team B,21.83,40.07,329,41.3,7.37,98.59,6.7,126.6,89.81,94.56,Pass,No,None,None,Dec-25,0,0,0,0,0,0,0
B002047,GLP-1 Agonist,Line 1,2024-12-24,team d,21.12,47.46,326,39.1,6.9,98.91,7.14,142.4,88.76,92.87,Pass,No,None,None,Dec-24,0,0,0,0,0,0,0
B002048,GLP-1 Agonist,Line 3,2024-10-30,Team B,22.09,31.87,301,48.4,8.33,98.95,6.62,128.8,85.74,93.6,Pass,No,None,None,Oct-24,0,0,0,0,0,0,0
B002049,Antidepressant,Line 1,2024-09-20,Team C,22.32,40.57,354,46.1,7.42,99.63,6.95,106.4,83.65,92.96,Pass,No,None,None,Sep-24,0,0,0,0,0,0,0
B002050,GLP-1 Agonist,Line 3,2024-04-09,Team A,20.97,37.32,273,52.8,7.54,98.65,6.99,138.4,83.18,90.24,Pass,No,None,None,Apr-24,0,0,0,0,0,0,0
B002051,AED,Line 1,2024-02-08,Team A,21.46,51.69,286,43.4,6.83,,7.12,118.5,87.44,94.2,Pass,Yes,Environmental,Major,Feb-24,0,0,1,0,0,0,1
B002052,Antidepressant,Line2,2025-09-01,Team C,21.82,42.93,338,33,5.99,99.26,6.53,92.8,86.19,90.91,Pass,No,None,None,Sep-25,0,0,0,0,0,0,0
B002053,GLP-1 Agonist,Line 2,2024-01-28,Team B,22.61,29.56,285,51.5,8.2,99,6.69,157.4,86.81,93.99,Pass,No,None,None,Jan-24,0,0,0,0,0,0,0
B002054,AED,Line 1,2025-08-23,Team C,21.18,37.45,352,46.3,7.44,98.87,7.01,136,86.51,93.01,Pass,No,None,None,Aug-25,0,0,0,0,0,0,0
B002055,GLP-1 Agonist,Line 3,2024-06-29,TEAM A,20.96,34.94,324,54.1,8.34,98.99,6.87,150.7,79.94,94.72,Pass,No,None,None,Jun-24,0,0,0,0,0,0,0
B002056,GLP-1 Agonist,Line 1,2025-05-22,Team B,20.65,44.67,329,45.5,7.64,98.81,6.83,133.7,85.2,92.26,Pass,No,None,None,May-25,0,0,0,0,0,0,0
B002057,AED,Line 2,2025-11-26,Team C,20.69,48.03,331,34.7,7.12,98.84,7.02,127.8,,92.9,Pass,No,None,None,Nov-25,0,0,0,0,0,1,1
B002058,GLP-1 Agonist,Line 2,2025-07-01,Team C,21.73,38.5,283,49.9,8.06,99.2,7.03,136.8,85.07,92.32,Pass,No,None,None,Jul-25,0,0,0,0,0,0,0
B002059,antidepressant,Line 2,2025-06-17,Team D,22.15,39.26,290,40.9,6.69,99.23,6.82,132.8,91.01,94.36,Pass,No,None,None,Jun-25,0,0,0,0,0,0,0
B002060,Antidepressant,Line 1,2024-07-12,Team D,22.96,45.58,347,49.7,6.92,99.18,6.84,132.1,87.89,93.84,Pass,No,None,None,Jul-24,0,0,0,0,0,0,0
B002061,AED,Line 1,2025-03-13,Team D,22.58,38.35,288,45.2,7.27,99.13,6.98,129.8,83.97,95.47,Pass,No,None,None,Mar-25,0,0,0,0,0,0,0
B002062,Antidepressant,Line 1,2025-04-14,Team A,23.8,44.29,349,41.7,6.89,99.29,6.75,125.2,84.77,96.13,Pass,No,None,None,Apr-25,0,0,0,0,0,0,0
B002063,GLP-1 Agonist,Line 1,2024-11-06,Team C,21.44,41.86,312,50.3,9.01,99.28,7.06,152.8,85,94.21,Pass,No,None,None,Nov-24,0,0,0,0,0,0,0
B002064,Antidepressant,Line 1,2024-01-28,Team A,21.8,40.63,319,38.7,6.67,99.05,6.8,124.2,88.87,95.6,Pass,No,None,None,Jan-24,0,0,0,0,0,0,0
B002065,GLP-1 Agonist,Line 3,2025-10-28,Team B,20.52,41.99,308,45,8.2,99.13,6.98,,88.13,92.02,Pass,No,None,None,Oct-25,0,0,0,0,1,0,1
B002066,AED,Line 2,2024-05-23,Team A,22.32,44.51,323,44.5,7.54,98.57,6.89,,90.6,94.88,Pass,No,None,None,May-24,0,0,0,0,1,0,1
B002067,GLP-1 Agonist,Line 2,2025-12-12,Team B,21.59,42.49,296,41.9,8.36,98.25,6.97,139.4,90.72,92.06,Pass,No,None,None,Dec-25,0,0,0,0,0,0,0
B002068,AED,Line 2,2025-11-12,Team A,22.29,37.33,341,42.7,6.77,99.56,6.83,128.3,86.13,94.96,Pass,No,None,None,Nov-25,0,0,0,0,0,0,0
B002069,Antidepressant,Line 1,2024-01-14,Team C,21.15,,345,52.7,8.11,98.98,6.81,132,88.14,93.2,Pass,No,None,None,Jan-24,0,1,0,0,0,0,1
B002070,GLP-1 Agonist,Line 2,2025-06-24,Team A,21.76,45.13,303,52.7,7.88,98.91,7.13,132.9,85.78,93.39,Pass,No,None,None,Jun-25,0,0,0,0,0,0,0
B002071,AED,Line 1,2025-04-08,Team C,21.95,45.6,304,46.7,8.74,98.6,6.89,132.1,84.3,94.52,Pass,No,None,None,Apr-25,0,0,0,0,0,0,0
B002072,GLP-1 Agonist,Line 2,2024-06-17,Team C,21.6,43.01,324,56.5,8.3,98.52,7.2,134.2,80.01,92.85,Pass,No,None,None,Jun-24,0,0,0,0,0,0,0
B002073,Antidepressant,Line 2,2025-08-17,Team A,21.49,41.45,284,36.5,6.13,98.9,6.72,120.1,89.01,92.8,Pass,No,None,None,Aug-25,0,0,0,0,0,0,0
B002074,AED,Line 2,2024-03-22,Team A,22.69,48.46,323,58.7,7.67,99.05,7.11,134.8,80.95,89.96,Pass,No,None,None,Mar-24,0,0,0,0,0,0,0
B002075,GLP-1 Agonist,Line 3,2024-06-30,Team D,23.04,40.33,313,47,8.85,98.72,7.09,148.5,83.71,94.22,Pass,Yes,Environmental,Major,Jun-24,0,0,0,0,0,0,0
B002076,GLP-1 Agonist,Line 1,2025-11-24,Team C,20.67,34.26,285,58,8.2,98.96,6.9,159,82.69,93.53,Pass,No,None,None,Nov-25,0,0,0,0,0,0,0
B002077,AED,Line 2,2025-06-27,Team B,22.34,48.1,333,55,7.62,98.67,7,,85.38,92.31,Pass,No,None,None,Jun-25,0,0,0,0,1,0,1
B002078,Antidepressant,Line 1,2024-03-23,Team D,19.84,33.83,320,32.4,7.06,99.6,6.59,118.2,92.55,94.2,Pass,No,None,None,Mar-24,0,0,0,0,0,0,0
B002079,GLP-1 Agonist,Line 2,2024-04-15,Team A,22,41.41,290,56.1,7.89,99.13,6.93,142.1,84.28,90.2,Pass,No,None,None,Apr-24,0,0,0,0,0,0,0
B002080,Antidepressant,Line 3,2024-07-06,Team D,20.6,40.08,337,41.9,7.23,98.99,6.8,131.5,86.23,93.74,Pass,No,None,None,Jul-24,0,0,0,0,0,0,0
B002081,GLP-1 Agonist,Line 1,2024-02-21,Team A,21.11,37.76,280,44.9,7.17,99.18,6.93,136.7,82.01,93.33,Pass,No,None,None,Feb-24,0,0,0,0,0,0,0
B002082,Antidepressant,Line 2,2024-05-13,Team C,21.02,42.86,336,44.9,8.05,99.03,6.95,124.7,88.19,92.2,Pass,No,None,None,May-24,0,0,0,0,0,0,0
B002083,COX-2 Inhibitor,Line 2,2025-02-21,Team A,22.34,39.45,304,32.5,5.73,99.12,6.61,116.2,89.76,92.47,Pass,Yes,Equipment,Minor,Feb-25,0,0,0,0,0,0,0
B002084,Antidepressant,Line 1,2024-01-06,Team A,22.63,44.56,325,44.8,7.19,99.03,6.79,125,86.29,94.68,Pass,No,None,None,Jan-24,0,0,0,0,0,0,0
B002085,COX-2 Inhibitor,Line 3,2024-07-29,Team B,21.11,43.28,341,34.3,7.09,99.35,6.52,132.1,91.63,93.62,Pass,No,None,None,Jul-24,0,0,0,0,0,0,0
B002086,Antidepressant,Line 2,2024-08-17,Team A,21.73,38.91,310,43,7.03,98.89,6.83,119.7,84.9,94.16,Pass,No,None,None,Aug-24,0,0,0,0,0,0,0
B002087,GLP-1 Agonist,Line 3,2025-12-10,Team B,21.11,46.69,307,55.8,7.73,98.96,7.14,148.2,82.48,91.4,Pass,No,None,None,Dec-25,0,0,0,0,0,0,0
B002088,GLP-1 Agonist,Line 2,2025-12-13,Team A,22.69,41.02,299,49.1,7.29,99.58,7.1,144.6,84.96,91.85,Pass,No,None,None,Dec-25,0,0,0,0,0,0,0
B002089,COX-2 Inhibitor,Line 3,2025-09-10,Team A,22.82,46.15,359,36.5,7.19,99.13,6.89,123.3,87.43,94.44,Pass,No,None,None,Sep-25,0,0,0,0,0,0,0
B002090,GLP-1 Agonist,Line 1,2024-09-06,Team D,20.62,47.08,310,51,7.48,98.87,7.17,137.4,,93.26,Pass,No,None,None,Sep-24,0,0,0,0,0,1,1
B002091,GLP-1 Agonist,Line 2,2025-01-20,Team D,21.15,47,308,40.3,6.39,98.8,7.17,146.1,88.11,91.47,Pass,No,None,None,Jan-25,0,0,0,0,0,0,0
B002092,AED,Line 3,2025-01-03,Team D,22.97,46.9,320,41.9,7.75,99,7.05,111.4,89.27,92.83,Pass,Yes,Equipment,Major,Jan-25,0,0,0,0,0,0,0
B002093,COX-2 Inhibitor,Line 2,2025-09-20,Team A,23.04,41.49,332,34.6,6,98.71,6.78,107,90.41,94.39,Pass,No,None,None,Sep-25,0,0,0,0,0,0,0
B002094,Antidepressant,Line 2,2025-06-29,Team B,21.31,34.85,315,45.3,7.46,99.68,6.47,134.5,86.85,95.09,Pass,No,None,None,Jun-25,0,0,0,0,0,0,0
B002095,AED,Line 3,2025-10-24,TEAM B,21.6,45.03,319,47.7,7.63,99.2,6.81,126.4,85.16,93.37,Pass,No,None,None,Oct-25,0,0,0,0,0,0,0
B002096,GLP-1 Agonist,Line 2,2025-02-06,Team B,21.32,45.47,297,50.9,7.77,98.67,6.9,,86.17,90.8,Pass,No,None,None,Feb-25,0,0,0,0,1,0,1
B002097,Antidepressant,Line 3,2025-11-02,Team B,21.6,43.77,340,42.3,7.39,101.8,6.98,123.4,86.92,93.04,Pass,No,None,None,Nov-25,0,0,0,0,0,0,0
B002098,GLP-1 Agonist,Line 2,2025-06-27,TEAM C,20.22,22.78,302,42.7,6.99,99.06,6.62,128.4,86.76,93.63,Pass,No,None,None,Jun-25,0,0,0,0,0,0,0
B002099,Antidepressant,Line 3,2025-06-24,Team B,21.49,46.35,327,50.7,7.2,99.1,6.79,139.2,86.96,92.12,Pass,No,None,None,Jun-25,0,0,0,0,0,0,0
B002100,Antidepressant,Line 3,2025-04-28,Team B,23.04,46.66,295,38.7,7.09,98.99,6.87,133.2,88.31,93.77,Pass,No,None,None,Apr-25,0,0,0,0,0,0,0
B002101,COX-2 Inhibitor,Line 2,2024-09-02,Team D,22.21,41.49,357,40.3,6.05,99.25,6.54,121.6,88.96,97.04,Pass,No,None,None,Sep-24,0,0,0,0,0,0,0
B002102,Antidepressant,Line 1,2025-03-20,Team D,21.92,46.94,310,41.4,7.37,98.74,6.92,134.1,86.37,95.62,Pass,No,None,None,Mar-25,0,0,0,0,0,0,0
B002103,AED,Line 1,2024-09-17,Team B,21.91,47.14,296,48.1,7.24,98.79,6.72,119.7,89.41,91.49,Pass,No,None,None,Sep-24,0,0,0,0,0,0,0
B002104,AED,Line 2,2025-04-19,Team A,23.46,40.57,345,41.7,6.39,99.29,6.74,129.6,84.86,95.29,Pass,No,None,None,Apr-25,0,0,0,0,0,0,0
B002105,COX-2 Inhibitor,Line 3,2024-07-05,Team C,22.51,49.36,353,45.3,6.9,98.89,6.83,137.6,88.05,93.8,Pass,No,None,None,Jul-24,0,0,0,0,0,0,0
B002106,COX-2 Inhibitor,Line 2,2025-08-07,Team B,23.32,36.66,358,44.6,6.89,98.49,6.47,132.6,86.45,94.49,Pass,No,None,None,Aug-25,0,0,0,0,0,0,0
B002107,COX-2 Inhibitor,Line 1,2025-02-21,Team D,22.05,42.71,348,43.5,6.55,99.15,6.87,134.7,90.4,94.88,Pass,No,None,None,Feb-25,0,0,0,0,0,0,0
B002108,AED,Line 1,2025-06-03,Team B,21.61,43.21,313,44.9,7.52,99.67,6.92,124.6,88.97,95.54,Pass,Yes,Documentation,Minor,Jun-25,0,0,0,0,0,0,0
B002109,GLP-1 Agonist,Line 2,2024-06-11,Team A,21.51,35.87,295,45.6,8.03,99.22,7.04,145.8,86.13,93.01,Pass,No,None,None,Jun-24,0,0,0,0,0,0,0
B002110,Antidepressant,Line 3,2025-08-01,TEAM A,21.42,43.52,334,58,9.23,98.89,6.87,134.8,87.94,89.87,Pass,No,None,None,Aug-25,0,0,0,0,0,0,0
B002111,GLP-1 Agonist,Line 1,2025-08-09,Team A,21.35,46.55,320,41.5,8.21,98.83,7.07,138.8,86.75,93.01,Pass,No,None,None,Aug-25,0,0,0,0,0,0,0
B002112,GLP-1 Agonist,Line 2,2024-04-16,Team B,22.17,46.24,299,52.8,7.07,99,6.94,154.4,86.77,91.08,Pass,Yes,Environmental,Minor,Apr-24,0,0,0,0,0,0,0
B002113,Antidepressant,Line 3,2024-09-12,Team B,21.4,45.62,357,45.3,7.27,98.53,6.97,122.6,85.2,95.96,Pass,No,None,None,Sep-24,0,0,0,0,0,0,0
B002114,COX-2 Inhibitor,Line 3,2025-05-10,Team D,22.5,34.52,336,38.2,6.81,99.02,6.64,103.8,89.26,94.52,Pass,No,None,None,May-25,0,0,0,0,0,0,0
B002114,COX-2 Inhibitor,Line 3,2025-05-10,Team D,22.5,34.52,336,38.2,6.81,99.02,6.64,103.8,89.26,94.52,Pass,No,None,None,May-25,0,0,0,0,0,0,0
B002115,Antidepressant,Line 1,2025-09-30,Team D,22.53,35.32,295,42,7.32,,6.95,141.6,85.95,94.94,Pass,No,None,None,Sep-25,0,0,1,0,0,0,1
B002116,AED,Line 3,2025-06-22,Team A,21.18,44.83,284,42.7,7.06,99.39,7.04,135.2,86.86,92.77,Failed,No,None,None,Jun-25,0,0,0,0,0,0,0
B002117,Antidepressant,Line 2,2024-12-10,Team D,22.82,41.83,290,44.3,6.79,98.94,6.75,126.9,87.16,94.7,Pass,No,None,None,Dec-24,0,0,0,0,0,0,0
B002118,Antidepressant,Line 3,2024-08-07,Team C,22.05,39.51,313,45.2,6.78,99.54,6.8,128.2,88.75,94.38,Pass,No,None,None,Aug-24,0,0,0,0,0,0,0
B002119,Antidepressant,Line 1,2025-10-27,Team B,21.88,51.53,316,55.7,7.15,98.75,6.99,115.7,84.05,91.76,Pass,No,None,None,Oct-25,0,0,0,0,0,0,0
B002120,Antidepressant,Line 2,2025-10-01,Team B,20.49,42.53,332,46.9,6.86,98.16,6.95,131.5,93.58,94.39,Pass,No,None,None,Oct-25,0,0,0,0,0,0,0
B002121,Antidepressant,Line 2,2025-10-17,Team B,21.72,44.71,319,43.8,6.89,99.26,7,122.7,84.33,94.49,Failed,Yes,Process,Minor,Oct-25,0,0,0,0,0,0,0
B002122,Antidepressant,Line 1,2024-08-10,Team A,22.28,46.94,335,45.2,6.46,99.17,6.85,127.7,87.94,94.32,Pass,No,None,None,Aug-24,0,0,0,0,0,0,0
B002123,Antidepressant,Line 2,2024-11-15,Team D,23.31,42.27,321,52.1,7.89,99.25,6.66,133.6,86.51,92.05,Pass,No,None,None,Nov-24,0,0,0,0,0,0,0
B002124,Antidepressant,Line 2,2024-06-27,Team A,22.43,54.96,320,36.7,7.07,99.07,6.77,92.1,89.84,96.43,Pass,No,None,None,Jun-24,0,0,0,0,0,0,0
B002125,GLP-1 Agonist,Line 2,2025-11-28,Team A,22.34,35.3,290,46,6.93,99.03,6.76,142.2,84.93,94.53,Pass,No,None,None,Nov-25,0,0,0,0,0,0,0
B002126,GLP-1 Agonist,Line 1,2025-09-25,Team B,20.59,36.97,326,36.5,7.41,98.94,6.85,,88.6,92.58,Pass,No,None,None,Sep-25,0,0,0,0,1,0,1
B002127,GLP-1 Agonist,Line 2,2024-05-06,Team A,21.4,35.29,272,51.1,7.05,98.94,,144.3,83.91,94.27,Pass,No,None,None,May-24,0,0,0,1,0,0,1
B002128,GLP-1 Agonist,Line 1,2024-06-29,Team A,22.42,47.81,305,52.7,8.7,98.67,7.27,139.6,89.28,93.31,Pass,No,None,None,Jun-24,0,0,0,0,0,0,0
B002129,Antidepressant,Line 3,2025-02-07,Team B,21.33,46.01,317,38,8.1,98.91,6.98,125.1,86.72,93.36,Pass,No,None,None,Feb-25,0,0,0,0,0,0,0
B002130,Antidepressant,Line 3,2024-10-30,Team B,,39.28,334,51.4,7.65,98.58,6.91,,85.38,89.74,Failed,Yes,Process,Minor,Oct-24,1,0,0,0,1,0,2
B002131,Antidepressant,Line 1,2024-12-02,Team A,22.55,37.68,320,38,6.39,98.81,6.65,124.7,87.25,92.89,Pass,No,None,None,Dec-24,0,0,0,0,0,0,0
B002132,COX-2 Inhibitor,Line 1,2024-09-25,Team D,22.71,49.92,340,36.1,6.17,99.02,6.64,121,87.58,97.66,Pass,No,None,None,Sep-24,0,0,0,0,0,0,0
B002133,AED,Line 1,2025-05-07,Team D,21.55,45.81,310,44.7,7.04,98.33,6.84,132.3,83.98,95.78,Pass,No,None,None,May-25,0,0,0,0,0,0,0
B002134,AED,Line 2,2025-10-18,Team C,21.06,51.05,340,52.8,7.51,98.31,6.79,153.3,86.78,93.05,Pass,No,None,None,Oct-25,0,0,0,0,0,0,0
B002135,GLP-1 Agonist,Line 3,2025-11-01,Team C,22.83,39.7,300,43.8,8.76,98.78,6.83,130.9,84.68,90.67,Pass,No,None,None,Nov-25,0,0,0,0,0,0,0
B002136,GLP-1 Agonist,Line 2,2024-11-28,Team D,21.97,,335,49.6,8.38,98.84,6.95,136.9,83.66,93.98,Pass,No,None,None,Nov-24,0,1,0,0,0,0,1
B002137,GLP-1 Agonist,Line 1,2025-08-28,Team B,21.76,41.5,305,51.3,8.45,98.83,7.01,155.5,83.29,92.91,Pass,No,None,None,Aug-25,0,0,0,0,0,0,0
B002138,COX-2 Inhibitor,Line 1,2025-05-22,Team B,22.19,39.88,340,40.1,6.77,98.56,6.68,118.1,89.29,95.93,Pass,No,None,None,May-25,0,0,0,0,0,0,0
B002139,cox-2 inhibitor,Line 1,2024-05-23,Team A,22.53,42.28,337,41.3,6.08,99.62,6.62,128.7,88.45,93.62,Pass,No,None,None,May-24,0,0,0,0,0,0,0
B002140,AED,Line 3,2025-08-03,Team C,21.92,38.08,325,49.7,7.39,98.62,6.91,136.9,85.61,92.54,Pass,No,None,None,Aug-25,0,0,0,0,0,0,0
B002141,AED,Line 2,2024-09-13,Team A,22.1,46.47,304,41.9,7.23,,6.89,127,85.57,94.7,Pass,No,None,None,Sep-24,0,0,1,0,0,0,1
B002142,GLP-1 Agonist,Line 2,2025-04-03,Team C,22.05,43.81,303,57.3,7.46,98.5,7.03,154.6,84.99,94.06,Pass,No,None,None,Apr-25,0,0,0,0,0,0,0
B002143,COX-2 Inhibitor,Line 1,2025-06-10,Team D,21.91,47.95,340,36.4,6.71,99.48,6.66,121.5,87.83,94.46,Pass,Yes,Equipment,Minor,Jun-25,0,0,0,0,0,0,0
B002144,AED,Line 3,2025-11-20,Team A,20.7,47.33,321,44.2,8.06,99.03,7.11,118,86.71,92.66,Pass,No,None,None,Nov-25,0,0,0,0,0,0,0
B002145,GLP-1 Agonist,Line 1,2025-11-24,Team C,21.56,39.36,306,54.4,8.32,98.82,6.96,144,84.54,93.81,Pass,No,None,None,Nov-25,0,0,0,0,0,0,0
B002146,AED,Line 3,2025-08-09,Team B,20.49,51.76,322,42,7.82,98.7,7.13,121.4,83.22,91.99,Pass,No,None,None,Aug-25,0,0,0,0,0,0,0
B002147,Antidepressant,Line 3,2025-01-04,Team B,21.76,46.46,322,45.3,6.44,99.05,6.72,141.1,91.28,92.52,Pass,No,None,None,Jan-25,0,0,0,0,0,0,0
B002148,AED,Line 2,2024-10-19,Team C,21.42,50.94,343,41,7.89,98.51,7.06,144.2,,93.81,Pass,No,None,None,Oct-24,0,0,0,0,0,1,1
B002149,COX-2 Inhibitor,Line 3,2024-11-18,Team A,22.87,50.26,348,53.4,6.63,99.13,6.89,148,86.03,94.59,Pass,No,None,None,Nov-24,0,0,0,0,0,0,0
B002150,Antidepressant,Line 1,2025-11-26,Team D,23.49,41.37,367,53.7,7.33,98.92,6.55,136.4,86.64,91.93,Pass,No,None,None,Nov-25,0,0,0,0,0,0,0
B002151,COX-2 Inhibitor,Line 2,2024-05-29,Team B,21.04,44.94,341,37.4,6.92,99.31,6.88,114.6,93.32,94.71,Pass,No,None,None,May-24,0,0,0,0,0,0,0
B002152,Antidepressant,Line 1,2025-01-18,team b,23.71,45.87,337,44.9,7.3,99.14,6.71,129.9,89.99,94.63,Pass,No,None,None,Jan-25,0,0,0,0,0,0,0
B002153,COX-2 Inhibitor,Line 2,2025-05-11,Team D,22.33,37.25,327,37,5.86,99.08,6.65,110.1,89.64,94.52,Pass,No,None,None,May-25,0,0,0,0,0,0,0
B002154,AED,Line 1,2024-01-17,Team A,22.06,38.37,340,43.1,6.63,98.48,7.06,149.8,85.79,92.12,Pass,No,None,None,Jan-24,0,0,0,0,0,0,0
B002155,COX-2 Inhibitor,Line1,2025-04-09,Team B,21.44,36.5,327,38.7,6.78,99.23,6.73,129.2,87.67,96.32,Pass,No,None,None,Apr-25,0,0,0,0,0,0,0
B002156,AED,Line 1,2024-07-09,Team D,22.55,43.46,323,44.8,7.57,98.56,6.74,132.6,83.07,94.68,Pass,No,None,None,Jul-24,0,0,0,0,0,0,0
B002157,Antidepressant,Line 1,2024-07-24,Team B,22.03,40.33,315,33.6,6.1,99.15,6.75,128.1,88.7,93.93,Pass,No,None,None,Jul-24,0,0,0,0,0,0,0
B002158,Antidepressant,Line 2,2025-03-30,Team A,21.95,34.82,328,43.4,7.27,99.12,6.84,122.8,88.9,94.31,Failed,No,None,None,Mar-25,0,0,0,0,0,0,0
B002159,GLP-1 Agonist,Line 2,2024-01-07,Team B,20.05,40.75,296,47.8,6.96,98.78,6.88,129.1,87.14,95.24,Pass,No,None,None,Jan-24,0,0,0,0,0,0,0
B002160,Antidepressant,Line 1,2024-04-24,Team D,22.06,41.52,306,43.7,7.4,98.74,6.75,106.3,89.05,94.12,Pass,No,None,None,Apr-24,0,0,0,0,0,0,0
B002161,GLP-1 Agonist,Line 3,2024-11-28,Team D,22.13,45.91,295,49.1,7.7,99.13,7.01,141.9,84.07,91.84,Pass,No,None,None,Nov-24,0,0,0,0,0,0,0
B002162,Antidepressant,Line 3,2025-03-02,team d,21.82,52.06,348,41.5,7.38,98.79,7.02,125.2,88.7,96.29,Pass,No,None,None,Mar-25,0,0,0,0,0,0,0
B002163,GLP-1 Agonist,Line 1,2024-03-20,Team B,22.38,42.28,308,52.8,7.92,99.55,6.82,146,86.95,90.42,Pass,No,None,None,Mar-24,0,0,0,0,0,0,0
B002164,GLP-1 Agonist,Line 2,2024-09-21,Team D,22.35,36.52,277,50.9,8.54,98.97,6.99,141.4,80.27,92.83,Pass,No,None,None,Sep-24,0,0,0,0,0,0,0
B002165,AED,Line 2,2024-08-12,Team B,21.32,47.23,335,52.7,7.7,99.02,6.9,140.8,85.99,92.78,Pass,No,None,None,Aug-24,0,0,0,0,0,0,0
B002166,Antidepressant,Line 3,2025-01-25,Team D,23.2,42.05,304,46.2,7.17,99.04,6.8,137.7,,93.58,Pass,No,None,None,Jan-25,0,0,0,0,0,1,1
B002167,AED,Line 2,2024-08-07,Team D,21.83,42.8,328,43.9,7.46,99.07,6.89,117.3,86.25,92.26,Pass,No,None,None,Aug-24,0,0,0,0,0,0,0
B002168,GLP-1 Agonist,Line 3,2024-01-02,Team A,21.54,35.69,310,52.9,9.5,99.28,6.98,151.6,78.97,91.02,Pass,No,None,None,Jan-24,0,0,0,0,0,0,0
B002169,GLP-1 Agonist,Line 1,2025-01-22,Team D,21.57,37.68,311,37.1,7.83,99.28,6.93,126.7,86.17,92.95,Failed,Yes,Material,Minor,Jan-25,0,0,0,0,0,0,0
B002170,GLP-1 Agonist,Line 1,2025-09-12,Team C,21.55,39.11,333,58.6,8.14,98.46,7.13,150.1,80.11,93.48,Pass,No,None,None,Sep-25,0,0,0,0,0,0,0
B002171,GLP-1 Agonist,Line 3,2025-03-03,Team C,19.53,44.02,285,51,7.8,99.14,7.15,151.7,83.46,92.22,Pass,No,None,None,Mar-25,0,0,0,0,0,0,0
B002172,Antidepressant,Line 2,2024-09-21,Team D,21.86,44.56,331,54,7.08,99.19,6.74,143.9,82.84,91.5,Pass,No,None,None,Sep-24,0,0,0,0,0,0,0
B002173,GLP-1 Agonist,Line 3,2024-12-18,Team A,20.48,49.13,323,44.7,8.41,98.81,7.27,139.3,88.04,90.62,Pass,No,None,None,Dec-24,0,0,0,0,0,0,0
B002174,Antidepressant,Line 1,2024-04-12,Team C,23.22,45.37,308,35.9,6.3,99.5,6.89,122.3,90.82,94.96,Pass,No,None,None,Apr-24,0,0,0,0,0,0,0
B002175,GLP-1 Agonist,Line 1,2024-06-21,Team A,22.69,42.12,287,50,7.87,99.37,7.02,147.4,86.39,94.59,Pass,Yes,Equipment,Minor,Jun-24,0,0,0,0,0,0,0
B002176,COX-2 Inhibitor,Line 1,2024-11-16,Team B,23.14,41.47,335,40,7.46,99.43,6.79,105.9,91.34,91.92,Pass,No,None,None,Nov-24,0,0,0,0,0,0,0
B002177,GLP-1 Agonist,Line 1,2025-03-08,Team A,21.32,34.81,306,49.9,7.95,98.87,6.77,130.7,84.42,90.68,Pass,No,None,None,Mar-25,0,0,0,0,0,0,0
B002178,AED,Line 1,2024-12-21,Team A,21.04,41.15,290,46,6.74,98.7,6.72,128.2,86.98,94.47,Pass,No,None,None,Dec-24,0,0,0,0,0,0,0
B002179,Antidepressant,Line 2,2025-12-04,Team D,21.51,38.5,330,37.5,8.04,99.36,6.75,111.1,93.33,94.24,Pass,No,None,None,Dec-25,0,0,0,0,0,0,0
B002180,AED,Line 2,2025-04-10,Team B,23.26,31.2,290,36.8,7.98,99.49,6.67,123,89.46,92.23,Pass,Yes,Process,Minor,Apr-25,0,0,0,0,0,0,0
B002181,AED,Line 2,2024-01-17,Team B,21.28,38.96,338,46.6,7.63,98.48,7.1,129.4,87.7,93.93,Pass,No,None,None,Jan-24,0,0,0,0,0,0,0
B002182,AED,Line 2,2025-01-18,Team B,20.03,52.01,324,37.9,7.75,99.19,6.96,127,86.28,92.69,Pass,No,None,None,Jan-25,0,0,0,0,0,0,0
B002183,AED,Line 1,2025-03-02,Team C,,45.84,349,37.4,6.89,98.86,6.96,124.2,87.45,93.15,Pass,No,None,None,Mar-25,1,0,0,0,0,0,1
B002184,Antidepressant,Line 3,2024-02-01,Team C,23.13,40.12,332,41.4,7.73,98.56,6.79,136.6,85.3,93.3,Pass,No,None,None,Feb-24,0,0,0,0,0,0,0
B002185,GLP-1 Agonist,Line 1,2024-10-08,Team C,22.74,41.99,295,50.4,7.65,99.01,7.15,144.8,89.27,93.34,Pass,No,None,None,Oct-24,0,0,0,0,0,0,0
B002186,Antidepressant,Line 3,2025-09-29,Team D,22.78,32.23,306,53.4,7,99.45,6.53,134.8,81.91,91.63,Pass,No,None,None,Sep-25,0,0,0,0,0,0,0
B002187,AED,Line 1,2024-09-17,Team B,22.7,45.41,319,50.4,8.91,98.83,6.76,130.8,88.04,92.67,Pass,No,None,None,Sep-24,0,0,0,0,0,0,0
B002188,COX-2 Inhibitor,Line 2,2024-11-29,Team D,22.54,49.39,339,45.9,6.1,98.76,6.98,124.3,88.56,91.67,Pass,No,None,None,Nov-24,0,0,0,0,0,0,0
B002189,Antidepressant,Line 3,2024-06-10,Team D,20.44,41.39,341,47.1,7.69,99.59,6.8,130.7,82.96,93.35,Pass,No,None,None,Jun-24,0,0,0,0,0,0,0
B002190,AED,Line 2,2024-02-26,Team C,21.82,35.14,298,47,7.53,98.9,6.89,155.3,88.85,94.78,Pass,No,None,None,Feb-24,0,0,0,0,0,0,0
B002191,Antidepressant,Line 2,2024-08-20,Team A,22.47,39.93,356,55.8,7.77,99.43,6.87,122.7,84.65,91.87,Pass,No,None,None,Aug-24,0,0,0,0,0,0,0
B002192,COX-2 Inhibitor,Line 3,2025-07-18,Team B,22.4,49.4,363,31.2,6.66,98.62,6.93,107.3,86.71,93.35,Pass,No,None,None,Jul-25,0,0,0,0,0,0,0
B002193,COX-2 Inhibitor,Line 1,2025-12-19,Team C,22.36,44.29,336,34.7,6.44,99.27,6.69,106.1,,96.34,Pass,No,None,None,Dec-25,0,0,0,0,0,1,1
B002194,Antidepressant,Line 3,2025-04-27,Team B,21.28,34.91,352,40.7,7.38,99.3,6.62,128.9,85.83,95.41,Pass,No,None,None,Apr-25,0,0,0,0,0,0,0
B002195,COX-2 Inhibitor,Line 3,2025-08-30,Team B,21.75,54.84,326,43.4,7.4,99.22,6.65,126.3,86.97,96,Pass,No,None,None,Aug-25,0,0,0,0,0,0,0
B002196,AED,Line 3,2025-04-19,Team B,23.18,37.73,319,41.1,7.51,99.42,6.72,124.5,85.99,95.87,Pass,No,None,None,Apr-25,0,0,0,0,0,0,0
B002197,Antidepressant,Line 2,2025-04-26,Team A,23.41,40.79,297,45.2,7.07,98.84,6.79,136.5,85.19,94.22,Pass,No,None,None,Apr-25,0,0,0,0,0,0,0
B002198,GLP-1 Agonist,Line 2,2024-11-08,Team A,21.5,34.81,333,51.2,7.18,99.15,6.81,144.8,82.51,91.63,Pass,No,None,None,Nov-24,0,0,0,0,0,0,0
B002199,Antidepressant,Line 3,2024-02-14,Team D,22.21,36.82,290,48,8.67,98.75,6.59,140,88.08,92.79,Failed,No,None,None,Feb-24,0,0,0,0,0,0,0
B002200,COX-2 Inhibitor,Line 2,2024-10-27,Team A,21.76,40.74,314,42.4,7.05,98.82,6.69,133.1,88.63,95.1,Pass,No,None,None,Oct-24,0,0,0,0,0,0,0
B002201,Antidepressant,Line 1,2025-09-24,Team D,22.48,45.18,309,49.5,7.38,98.88,7.01,111,87.23,95.32,Pass,No,None,None,Sep-25,0,0,0,0,0,0,0
B002202,AED,Line 1,2025-01-27,Team B,23.12,50.45,339,44.7,6.95,98.96,7.02,136,86.25,93.26,Pass,No,None,None,Jan-25,0,0,0,0,0,0,0
B002203,AED,Line 1,2025-07-10,Team D,20.65,42.07,332,46.9,6.82,99.5,6.77,119.7,86.77,94.46,Pass,No,None,None,Jul-25,0,0,0,0,0,0,0
B002204,Antidepressant,Line 2,2024-02-06,Team B,22.35,36.95,322,37.9,7.33,99.67,6.88,125.6,86.81,93.1,Pass,No,None,None,Feb-24,0,0,0,0,0,0,0
B002205,GLP-1 Agonist,Line 1,2024-05-27,Team D,21.9,42.39,318,42.7,7.53,98.8,6.91,133.6,85.3,92.68,Pass,No,None,None,May-24,0,0,0,0,0,0,0
B002206,COX-2 Inhibitor,Line 1,2024-08-06,Team C,22.9,45.54,338,47.7,7.28,99.21,6.93,124.5,91.02,93.55,Pass,No,None,None,Aug-24,0,0,0,0,0,0,0
B002207,COX-2 Inhibitor,Line 1,2024-09-19,Team D,23.73,44.2,348,33.5,5.7,99.39,6.7,104,,95.14,Pass,No,None,None,Sep-24,0,0,0,0,0,1,1
B002208,GLP-1 Agonist,Line 3,2025-12-23,Team A,23.03,41.38,330,52,9.14,99.06,7,152.5,83.44,94.87,Pass,No,None,None,Dec-25,0,0,0,0,0,0,0
B002209,Antidepressant,Line 1,2024-12-03,Team D,21.82,41.44,316,44.9,7.6,99.07,6.98,115.4,84.18,95.03,Pass,No,None,None,Dec-24,0,0,0,0,0,0,0
B002210,Antidepressant,Line 1,2025-04-29,Team B,22.5,42.49,306,47.5,7.15,99.1,6.65,135.6,83.27,93.54,Pass,No,None,None,Apr-25,0,0,0,0,0,0,0
B002211,AED,Line 2,2025-04-16,Team B,21.86,43.09,323,35.9,7.24,98.94,6.79,111.9,86.95,91.92,Pass,No,None,None,Apr-25,0,0,0,0,0,0,0
B002212,GLP-1 Agonist,Line 1,2024-11-02,team a,21.03,45.35,313,52.9,8.38,,7.01,141.3,85.35,92.7,Pass,No,None,None,Nov-24,0,0,1,0,0,0,1
B002213,AED,Line 3,2025-12-07,Team D,22,55.14,317,45.2,6.92,98.67,7.08,148.8,86.63,92.93,Pass,No,None,None,Dec-25,0,0,0,0,0,0,0
B002214,GLP-1 Agonist,line 3,2024-06-11,Team C,22,40.9,318,46.2,9.01,98.85,7.3,160.4,86.05,93.08,Pass,No,None,None,Jun-24,0,0,0,0,0,0,0
B002215,AED,Line 2,2024-01-26,Team D,21.96,43.97,311,43.6,7.52,98.84,6.82,115.7,87.68,91.22,Pass,No,None,None,Jan-24,0,0,0,0,0,0,0
B002216,Antidepressant,Line 2,2025-06-28,Team C,21.34,43.28,322,46.7,6.78,98.76,6.66,123.2,84.57,93.63,Pass,Yes,Process,Minor,Jun-25,0,0,0,0,0,0,0
B002217,Antidepressant,Line 2,2025-04-22,team a,21.65,38.71,327,46,6.54,99.38,6.64,124.3,90.29,93.85,Pass,No,None,None,Apr-25,0,0,0,0,0,0,0
B002218,AED,Line 1,2024-07-09,Team B,21.46,47.82,320,44.3,7.82,99.07,7.02,149.8,86.69,93.05,Pass,No,None,None,Jul-24,0,0,0,0,0,0,0
B002219,AED,Line 1,2025-09-26,Team B,21.17,46.21,344,37.7,7.16,99.48,7.02,124.3,88.96,92.77,Pass,No,None,None,Sep-25,0,0,0,0,0,0,0
B002220,GLP-1 Agonist,Line 1,2024-04-28,Team A,21.74,37.9,307,42.1,7.86,99.07,6.85,143.6,85.61,94.03,Pass,No,None,None,Apr-24,0,0,0,0,0,0,0
B002221,GLP-1 Agonist,Line 1,2024-07-02,Team D,21.81,44.51,295,52.1,7.96,98.75,7.04,143.6,85.94,94.43,Pass,No,None,None,Jul-24,0,0,0,0,0,0,0
B002222,GLP-1 Agonist,Line 2,2024-04-22,Team D,22.23,40.09,310,41,7,98.73,7.2,123.5,91.53,91.66,Pass,No,None,None,Apr-24,0,0,0,0,0,0,0
B002223,GLP-1 Agonist,Line 1,2024-05-16,Team C,20.86,35.15,318,47.4,8.06,99.04,6.9,120.8,83.94,94.27,Pass,No,None,None,May-24,0,0,0,0,0,0,0
B002224,Antidepressant,Line 1,2025-06-17,team c,21.57,43.76,334,55.7,7.37,99.24,6.86,129.1,83.07,90.79,Pass,No,None,None,Jun-25,0,0,0,0,0,0,0
B002225,AED,Line 2,2025-05-29,Team C,22.97,45.18,328,46.5,7.34,98.84,7.17,153.1,84.52,93.6,Pass,No,None,None,May-25,0,0,0,0,0,0,0
B002226,Antidepressant,Line 2,2025-04-14,Team C,21.88,46.8,293,46.1,8.45,98.6,6.79,131.4,86.23,94.25,Pass,No,None,None,Apr-25,0,0,0,0,0,0,0
B002227,COX-2 Inhibitor,Line 1,2025-09-21,Team A,22.52,47.16,295,31.2,6.84,98.9,6.69,122.7,89.08,96.03,Pass,No,None,None,Sep-25,0,0,0,0,0,0,0
B002228,Antidepressant,Line 1,2024-02-21,Team C,21.87,41.45,343,35.2,7.27,99.12,6.74,107.5,86.93,95.14,Pass,No,None,None,Feb-24,0,0,0,0,0,0,0
B002229,Antidepressant,Line 1,2025-03-29,Team D,22.85,39.64,328,46.4,8.65,99.32,6.7,125.1,87.1,94.46,Pass,Yes,Environmental,Minor,Mar-25,0,0,0,0,0,0,0
B002230,COX-2 Inhibitor,Line 1,2024-03-25,Team D,23.38,43.01,340,36.4,6.76,98.73,6.5,123.9,92.71,94.18,Pass,No,None,None,Mar-24,0,0,0,0,0,0,0
B002231,GLP-1 Agonist,Line 3,2025-11-29,Team C,22.33,41.82,312,55,8.46,98.93,7.01,135.4,83.82,93.56,Pass,No,None,None,Nov-25,0,0,0,0,0,0,0
B002232,COX-2 Inhibitor,Line 3,2025-04-08,Team D,22.52,45.42,375,40.3,6.66,99.16,6.78,121.4,87.78,94.16,Pass,No,None,None,Apr-25,0,0,0,0,0,0,0
B002233,Antidepressant,Line2,2025-07-09,Team C,21.35,43.51,345,60.6,7.4,98.95,6.8,131.3,85.11,91.89,Pass,No,None,None,Jul-25,0,0,0,0,0,0,0
B002234,AED,Line 2,2025-02-21,Team B,23.24,43.55,332,42.4,6.08,98.76,6.95,136.8,88.59,93.64,Pass,No,None,None,Feb-25,0,0,0,0,0,0,0
B002235,COX-2 Inhibitor,Line 3,2024-10-07,Team B,23.14,47.98,324,41.6,7.51,98.84,6.82,126.5,90.77,96.61,Pass,No,None,None,Oct-24,0,0,0,0,0,0,0
B002236,AED,Line 2,2025-05-16,Team C,21.46,40.63,301,39.6,6.42,99.06,6.72,133.6,88.19,92.55,Pass,No,None,None,May-25,0,0,0,0,0,0,0
B002237,Antidepressant,Line 1,2025-09-02,Team D,23.07,54.4,277,47.2,7.68,99.2,7.02,136.5,87.05,95.12,Pass,Yes,Process,Major,Sep-25,0,0,0,0,0,0,0
B002238,GLP-1 Agonist,Line 1,2024-05-10,Team A,21.1,43.82,311,51,7.88,99.23,7.09,138,83.28,93.17,Pass,No,None,None,May-24,0,0,0,0,0,0,0
B002239,GLP-1 Agonist,Line 2,2025-09-29,Team B,22.56,34.36,320,42.3,7.67,98.67,6.69,144.2,88.36,93.17,Failed,Yes,Documentation,Major,Sep-25,0,0,0,0,0,0,0
B002240,GLP-1 Agonist,Line 2,2025-06-15,Team C,22.61,40.93,321,45.8,7.7,98.83,7.16,132.4,84.24,94.98,Pass,No,None,None,Jun-25,0,0,0,0,0,0,0
B002241,GLP-1 Agonist,Line 1,2024-03-03,Team D,20.81,43.86,312,56.1,8.85,98.29,6.88,149.3,82.62,90.05,Pass,No,None,None,Mar-24,0,0,0,0,0,0,0
B002242,Antidepressant,Line 1,2025-11-15,Team B,22.44,40.25,317,48.4,7.89,99.15,6.64,111.8,87.27,93.78,Pass,No,None,None,Nov-25,0,0,0,0,0,0,0
B002243,GLP-1 Agonist,Line 1,2024-05-11,Team C,22.09,32.52,290,40.8,7.53,99.21,6.88,126.2,90.69,91.46,Pass,No,None,None,May-24,0,0,0,0,0,0,0
B002244,Antidepressant,Line 1,2025-03-15,Team A,23.96,36.8,305,40,6.44,99.57,6.79,144.4,89.96,95.15,Pass,No,None,None,Mar-25,0,0,0,0,0,0,0
B002245,GLP-1 Agonist,Line 2,2024-04-04,Team B,20.94,42.71,297,58.6,8.68,98.4,7.1,152.1,83.72,92.44,Pass,No,None,None,Apr-24,0,0,0,0,0,0,0
B002246,ANTIDEPRESSANT,Line 2,2024-05-23,Team D,23.07,33.23,302,41.6,6.45,98.88,6.74,131.4,85.61,94.13,Pass,No,None,None,May-24,0,0,0,0,0,0,0
B002247,Antidepressant,Line 2,2025-04-15,Team C,22.01,34.75,352,43.6,6.2,99.23,6.63,119.9,90.77,93.83,Pass,No,None,None,Apr-25,0,0,0,0,0,0,0
B002248,COX-2 Inhibitor,Line1,2025-05-11,Team D,21.57,45.68,317,43.2,7.06,98.7,6.77,111.8,87.94,94.81,Pass,No,None,None,May-25,0,0,0,0,0,0,0
B002249,GLP-1 agonist,Line 1,2025-05-17,Team A,21.41,38.89,296,40.2,8.2,99.01,6.92,130.2,86.76,90.94,Pass,No,None,None,May-25,0,0,0,0,0,0,0
B002250,GLP-1 Agonist,Line 3,2024-09-07,Team B,21.5,36.52,265,44.9,7.82,99.13,6.94,137.6,87.18,93.1,Pass,Yes,Material,Major,Sep-24,0,0,0,0,0,0,0
B002251,GLP-1 Agonist,Line 2,2025-08-22,Team D,20.71,37.53,305,45.8,7.94,98.62,6.94,154.9,85.12,92.2,Pass,No,None,None,Aug-25,0,0,0,0,0,0,0
B002252,COX-2 Inhibitor,Line 1,2024-02-06,Team D,22.73,35.65,340,45.2,6.62,99.31,6.54,132.2,86.05,95.06,Pass,No,None,None,Feb-24,0,0,0,0,0,0,0
B002253,GLP-1 Agonist,Line 1,2025-09-16,Team D,22.22,42.42,294,53.2,8.38,98.55,6.96,142.6,83.63,91.36,Pass,No,None,None,Sep-25,0,0,0,0,0,0,0
B002254,COX-2 Inhibitor,Line 3,2024-08-09,TEAM B,22.68,38.97,323,44,7.76,99.58,6.43,125.2,85.87,93.24,Pass,No,None,None,Aug-24,0,0,0,0,0,0,0
B002255,AED,Line 3,2025-03-29,Team D,21.39,,315,46.3,7.55,99.05,6.99,140.1,83.69,92.87,Pass,No,None,None,Mar-25,0,1,0,0,0,0,1
B002255,AED,Line 3,2025-03-29,Team D,21.39,,315,46.3,7.55,99.05,6.99,140.1,83.69,92.87,Pass,No,None,None,Mar-25,0,1,0,0,0,0,1
B002256,GLP-1 Agonist,Line 3,2025-10-23,Team B,21.39,,290,55.3,7.84,98.7,7.03,133.6,81.37,91.62,Pass,No,None,None,Oct-25,0,1,0,0,0,0,1
B002257,AED,Line 2,2024-07-05,Team D,21.8,42.72,313,44.7,6.49,98.63,6.63,113.7,88.89,95.77,Pass,No,None,None,Jul-24,0,0,0,0,0,0,0
B002258,AED,Line 2,2024-10-27,Team D,21.96,40.48,350,48.7,7.94,99.11,6.97,140.5,87.5,94.54,Pass,No,None,None,Oct-24,0,0,0,0,0,0,0
B002259,Antidepressant,Line 2,2025-08-28,Team B,22.83,32.05,323,46.6,6.53,99.59,6.64,130,85.07,93.37,Pass,No,None,None,Aug-25,0,0,0,0,0,0,0
B002260,GLP-1 Agonist,Line 1,2025-09-24,team b,21.7,41.84,310,56.9,8.32,98.69,6.89,132.4,86.36,91.66,Pass,No,None,None,Sep-25,0,0,0,0,0,0,0
B002261,cox-2 inhibitor,line 2,2024-06-20,Team D,21.45,43.39,332,38.2,7.04,99.05,6.6,100.5,89.34,96.21,Pass,No,None,None,Jun-24,0,0,0,0,0,0,0
B002262,AED,Line 2,2025-01-06,Team B,21.38,41.41,301,43.6,6.97,98.8,6.81,138.2,86.25,92.65,Pass,No,None,None,Jan-25,0,0,0,0,0,0,0
B002263,GLP-1 Agonist,Line 1,2024-08-31,Team B,21.62,34.81,300,55.7,7.98,99.45,6.78,138.7,81.92,92.46,Pass,No,None,None,Aug-24,0,0,0,0,0,0,0
B002264,Antidepressant,Line 3,2025-01-12,Team C,22.84,42.06,365,51.6,8.24,98.51,6.71,137.7,86.42,92.02,Pass,No,None,None,Jan-25,0,0,0,0,0,0,0
B002265,COX-2 Inhibitor,Line 2,2024-10-04,Team D,23.47,45.4,335,35.6,6.07,99.45,6.96,115.1,93.24,94.6,Pass,No,None,None,Oct-24,0,0,0,0,0,0,0
B002266,Antidepressant,Line 1,2024-01-04,Team A,23.33,,327,36.5,6.31,98.95,6.85,120.8,89.03,94.94,Pass,No,None,None,Jan-24,0,1,0,0,0,0,1
B002267,COX-2 Inhibitor,Line 1,2025-11-06,Team D,22.6,51.19,325,44.3,6.69,99.03,7.08,117,90.07,93.61,Pass,No,None,None,Nov-25,0,0,0,0,0,0,0
B002268,GLP-1 Agonist,Line 3,2025-04-10,Team B,22.07,43.52,250,41,8.61,98.74,7.05,134.8,86.19,93.14,Pass,No,None,None,Apr-25,0,0,0,0,0,0,0
B002269,COX-2 Inhibitor,Line 3,2024-12-03,Team A,21.41,42.46,326,30.7,7.58,99.24,6.78,120.5,91.73,96.18,Pass,No,None,None,Dec-24,0,0,0,0,0,0,0
B002270,AED,Line 2,2024-03-19,Team B,22.12,47.69,358,44.1,7.21,98.69,6.88,128.1,86.54,94.77,Pass,No,None,None,Mar-24,0,0,0,0,0,0,0
B002271,COX-2 Inhibitor,Line 3,2024-02-22,Team B,21.69,43.24,351,40.1,6.63,99.45,6.7,118.8,82.74,94.51,Pass,No,None,None,Feb-24,0,0,0,0,0,0,0
B002272,COX-2 Inhibitor,Line 3,2024-12-15,Team C,22.45,43.23,370,33.7,7.38,99.44,6.71,122.8,87.59,95.5,Pass,No,None,None,Dec-24,0,0,0,0,0,0,0
B002273,COX-2 Inhibitor,Line 3,2025-04-19,Team C,24.77,49.48,334,40.7,6.13,98.71,6.89,128.4,88.2,93.18,Pass,No,None,None,Apr-25,0,0,0,0,0,0,0
B002274,AED,Line 3,2024-07-09,Team A,22.03,39.51,273,48,7.89,99.19,6.86,124.2,88.25,95.18,Pass,No,None,None,Jul-24,0,0,0,0,0,0,0
B002275,AED,Line 2,2025-06-28,Team B,21.15,44.12,295,41.4,7.15,98.87,6.97,128.4,87.02,92.72,Pass,No,None,None,Jun-25,0,0,0,0,0,0,0
B002276,Antidepressant,Line 3,2024-10-13,Team A,22.31,47.95,327,54.7,8.51,98.98,6.93,131.6,85.18,94.67,Pass,No,None,None,Oct-24,0,0,0,0,0,0,0
B002277,COX-2 Inhibitor,Line 2,2024-01-09,Team B,22.11,44.54,344,40.4,7.45,99.57,6.7,121,86.98,93.99,Pass,No,None,None,Jan-24,0,0,0,0,0,0,0
B002278,Antidepressant,Line 3,2025-01-27,Team C,21.28,40.15,320,49.7,7.1,98.92,6.72,145.7,89.45,93.82,Pass,No,None,None,Jan-25,0,0,0,0,0,0,0
B002279,AED,Line 1,2024-05-12,Team D,23.38,35.47,305,37,7.11,99.32,6.72,127.6,91.74,91.27,Pass,No,None,None,May-24,0,0,0,0,0,0,0
B002280,COX-2 Inhibitor,Line 3,2024-01-11,Team A,23.3,31.65,357,31.4,6.41,99.41,6.67,135.3,88.09,93.53,Pass,No,None,None,Jan-24,0,0,0,0,0,0,0
B002281,GLP-1 Agonist,Line 3,2024-04-05,Team C,21.76,50.38,291,52,8.13,98.69,7.09,145.2,81.34,91.28,Pass,No,None,None,Apr-24,0,0,0,0,0,0,0
B002282,Antidepressant,Line 1,2024-07-27,Team B,21.71,43.54,326,52.2,7.7,99.19,6.86,130.6,82.19,91.52,Pass,No,None,None,Jul-24,0,0,0,0,0,0,0
B002283,GLP-1 Agonist,Line 3,2025-01-11,Team B,21.27,37.08,304,43.9,7.82,99.03,6.91,137.4,87.46,93.93,Pass,No,None,None,Jan-25,0,0,0,0,0,0,0
B002284,cox-2 inhibitor,Line 2,2025-12-24,Team C,23.66,44.75,333,37.8,6.7,98.78,6.87,120.3,89.04,93.77,Pass,No,None,None,Dec-25,0,0,0,0,0,0,0
B002285,Antidepressant,Line 1,2024-06-08,Team A,22.23,37.26,304,35.2,7.29,99,6.49,123.2,87.5,92.93,Pass,Yes,Documentation,Minor,Jun-24,0,0,0,0,0,0,0
B002286,Antidepressant,Line 1,2024-02-11,Team D,19.69,40.34,312,38,7.7,98.89,6.81,113.3,89.31,93.32,Pass,No,None,None,Feb-24,0,0,0,0,0,0,0
B002287,AED,Line 3,2024-05-19,Team B,23.62,39.3,349,47.6,7.9,98.89,6.71,132.1,83.23,94.82,Pass,No,None,None,May-24,0,0,0,0,0,0,0
B002288,COX-2 Inhibitor,LINE 2,2024-08-21,Team A,22.64,35.93,360,35.3,6.57,,6.66,110.8,90.94,95.91,Pass,No,None,None,Aug-24,0,0,1,0,0,0,1
B002289,Antidepressant,Line 1,2024-05-30,TEAM D,22.26,31.48,338,34.8,6.14,99.41,6.62,129.2,88.45,95.18,Pass,Yes,Environmental,Minor,May-24,0,0,0,0,0,0,0
B002290,GLP-1 Agonist,Line 2,2024-08-22,Team D,22.32,32.01,286,40.7,8.42,98.62,6.67,116.8,84.64,91.32,Pass,Yes,Process,Minor,Aug-24,0,0,0,0,0,0,0
B002291,AED,Line 1,2025-12-09,Team C,22.15,49.11,289,33.6,7.17,98.81,7.05,123.5,88.24,93.99,Pass,No,None,None,Dec-25,0,0,0,0,0,0,0
B002292,COX2 Inhibitor,Line 2,2024-10-04,Team C,23.06,38.07,360,40.6,6.77,99.28,6.67,107.4,87.34,93.83,Pass,No,None,None,Oct-24,0,0,0,0,0,0,0
B002293,COX-2 Inhibitor,Line 3,2025-04-08,Team A,22.18,45.67,356,42.8,7.16,99.31,6.73,127.6,88.34,93.23,Pass,No,None,None,Apr-25,0,0,0,0,0,0,0
B002294,GLP-1 Agonist,Line 2,2025-05-15,Team B,20.58,44.78,302,50.3,8.08,98.69,7.03,137.2,87.86,92.33,Pass,No,None,None,May-25,0,0,0,0,0,0,0
B002295,GLP-1 Agonist,Line 3,2024-04-05,Team B,21.71,40.08,293,44.5,8.45,98.55,6.99,121.6,88.48,91.88,Pass,No,None,None,Apr-24,0,0,0,0,0,0,0
B002296,Antidepressant,Line 2,2024-06-30,Team D,23.07,40.51,294,47.5,7.69,99.06,6.92,138.6,,93.64,Pass,No,None,None,Jun-24,0,0,0,0,0,1,1
B002297,COX-2 Inhibitor,Line 3,2024-10-30,Team B,22.01,43.67,356,43.4,8.02,99.3,6.69,101.5,87.02,93.04,Pass,Yes,Documentation,Minor,Oct-24,0,0,0,0,0,0,0
B002298,Antidepressant,Line 1,2024-12-02,Team C,21.45,39.92,341,42,7.13,99.21,6.89,124.7,86.74,95.24,Pass,No,None,None,Dec-24,0,0,0,0,0,0,0
B002299,Antidepressant,Line 1,2024-01-10,Team B,22.92,48.02,308,41.1,7.93,98.74,6.89,130.6,84.27,91.86,Pass,No,None,None,Jan-24,0,0,0,0,0,0,0
B002300,COX-2 Inhibitor,Line 1,2025-04-16,Team C,22.16,52.38,326,34.4,7.06,99.53,7.01,127.9,89.6,95.1,Pass,No,None,None,Apr-25,0,0,0,0,0,0,0
B002301,AED,Line 2,2024-08-07,Team A,21.49,51.25,337,46.1,7.3,98.83,7.01,117.4,84.64,92.79,Pass,No,None,None,Aug-24,0,0,0,0,0,0,0
B002302,COX-2 Inhibitor,Line 2,2024-08-23,Team C,22.22,32.24,328,46.9,5.99,99.38,6.47,120.8,89.78,92.84,Pass,No,None,None,Aug-24,0,0,0,0,0,0,0
B002303,GLP-1 Agonist,Line 3,2025-03-16,Team A,21.45,37.81,332,55.8,8.47,98.76,6.81,155.6,,91.12,Failed,No,None,None,Mar-25,0,0,0,0,0,1,1
B002304,GLP-1 Agonist,Line 1,2025-11-24,Team C,20.32,40.02,298,45.6,8.57,99.28,6.97,146.7,88.08,94.44,Pass,No,None,None,Nov-25,0,0,0,0,0,0,0
B002305,GLP-1 Agonist,Line 1,2025-09-24,Team A,21.1,42.32,293,50,7.44,99.08,6.91,150.9,84.59,94.03,Pass,No,None,None,Sep-25,0,0,0,0,0,0,0
B002306,GLP-1 Agonist,Line 2,2025-12-17,team d,21.67,31.36,301,40.9,7.6,99.14,7.01,157.3,85.48,92.08,Failed,No,None,None,Dec-25,0,0,0,0,0,0,0
B002307,GLP-1 Agonist,Line 3,2024-10-29,Team D,21.67,31.28,293,53.5,8.43,98.71,6.73,139.7,85.74,91.45,Pass,No,None,None,Oct-24,0,0,0,0,0,0,0
B002308,GLP-1 Agonist,Line 1,2024-03-28,Team C,22.37,46.53,320,43.4,8.16,99.13,6.99,138.2,87.43,93.86,Pass,No,None,None,Mar-24,0,0,0,0,0,0,0
B002309,COX-2 Inhibitor,LINE 1,2024-06-06,Team D,23.88,40.2,356,41.8,6.52,99.39,6.74,117.5,89.03,96.89,Pass,No,None,None,Jun-24,0,0,0,0,0,0,0
B002310,AED,Line 1,2024-09-08,Team D,22.93,36.56,335,61.3,7.39,99.34,6.96,123.7,83.85,91.54,Pass,No,None,None,Sep-24,0,0,0,0,0,0,0
B002311,AED,Line 2,2024-08-07,Team A,22.49,38.48,318,41.9,7.5,99.03,6.93,128.2,89,91.83,Pass,No,None,None,Aug-24,0,0,0,0,0,0,0
B002312,Antidepressant,Line 1,2024-06-01,Team C,21.89,43.95,312,58.1,7.15,99.05,6.96,118.3,86.52,91.28,Pass,No,None,None,Jun-24,0,0,0,0,0,0,0
B002313,GLP-1 Agonist,Line 2,2024-04-20,Team B,21.03,35.89,300,50.7,6.88,98.95,6.9,136.4,80.43,93.7,Pass,No,None,None,Apr-24,0,0,0,0,0,0,0
B002314,Antidepressant,Line 2,2024-05-16,Team D,22.01,43.21,312,37.9,7.87,99.7,6.81,110.1,87.88,93.49,Pass,No,None,None,May-24,0,0,0,0,0,0,0
B002315,GLP-1 Agonist,Line 2,2025-04-26,Team D,21.94,35.11,326,42.6,8.12,98.84,7.14,139.4,88.9,91.58,Pass,No,None,None,Apr-25,0,0,0,0,0,0,0
B002316,GLP-1 Agonist,Line 2,2024-12-24,Team D,22.12,31.28,318,61,9.29,98.71,7.04,141.3,81.12,90.16,Pass,No,None,None,Dec-24,0,0,0,0,0,0,0
B002317,Antidepressant,Line 1,2024-01-28,Team B,22.47,49.12,318,44.7,7.58,98.88,6.99,110.8,,94.63,Pass,No,None,None,Jan-24,0,0,0,0,0,1,1
B002318,COX-2 Inhibitor,Line 3,2025-02-16,Team A,22.41,44.99,323,36.4,7.27,98.96,6.88,127.1,88.39,92.91,Pass,No,None,None,Feb-25,0,0,0,0,0,0,0
B002319,GLP-1 Agonist,Line 2,2025-09-07,Team A,22.09,38.33,328,45.9,7.93,99.29,7.05,132.3,87.23,93.11,Failed,No,None,None,Sep-25,0,0,0,0,0,0,0
B002320,AED,Line 1,2024-11-07,Team A,22.75,41.39,317,47.4,7.28,98.61,6.75,127.8,85.56,94.18,Pass,No,None,None,Nov-24,0,0,0,0,0,0,0
B002321,Antidepressant,Line 1,2024-08-20,Team D,22.66,49.32,318,42,7.28,98.82,6.91,116.2,90.85,94.48,Pass,No,None,None,Aug-24,0,0,0,0,0,0,0
B002322,Antidepressant,Line 2,2024-07-18,Team C,21.98,44.96,348,43.9,6.76,99.09,7.02,137.9,91.41,93.17,Pass,No,None,None,Jul-24,0,0,0,0,0,0,0
B002323,GLP-1 Agonist,Line 3,2024-10-04,team b,20.87,45.73,291,59.3,7.96,99.19,7.14,150.7,79.14,92.42,Pass,No,None,None,Oct-24,0,0,0,0,0,0,0
B002324,Antidepressant,Line 1,2024-07-22,Team B,21.36,39.08,314,35.8,6.6,99.36,,115.1,88.27,92.37,Pass,No,None,None,Jul-24,0,0,0,1,0,0,1
B002325,Antidepressant,Line 1,2025-11-06,Team A,21.49,42.25,316,44.5,7.8,99.56,6.98,109.6,82.52,94.74,Pass,No,None,None,Nov-25,0,0,0,0,0,0,0
B002326,AED,Line 1,2025-12-26,Team C,21.99,46.01,291,43.6,6.57,99.04,7,151.6,88.71,95.07,Pass,No,None,None,Dec-25,0,0,0,0,0,0,0
B002327,Antidepressant,Line 2,2024-09-07,Team B,22.39,39.25,326,39.3,6.23,99.06,6.85,142.1,86.7,94.43,Pass,No,None,None,Sep-24,0,0,0,0,0,0,0
B002328,Antidepressant,Line 3,2025-11-06,Team D,20.94,41.52,306,48.4,7.9,99.34,6.84,144.9,85.2,94.73,Pass,No,None,None,Nov-25,0,0,0,0,0,0,0
B002329,COX-2 Inhibitor,Line 2,2025-09-15,Team A,22.12,40.08,330,29,6.06,98.82,6.74,106.5,92.85,92.3,Failed,No,None,None,Sep-25,0,0,0,0,0,0,0
B002330,GLP-1 Agonist,Line 2,2024-02-25,Team D,21.68,42,287,35,7.61,98.41,7.07,125.6,85.12,90.29,Pass,No,None,None,Feb-24,0,0,0,0,0,0,0
B002331,COX-2 Inhibitor,Line 3,2024-12-24,Team A,21.83,36.39,329,40.7,7.59,99.53,6.77,125.9,84.43,93.94,Pass,Yes,Equipment,Major,Dec-24,0,0,0,0,0,0,0
B002332,GLP-1 Agonist,Line 3,2025-04-24,Team B,,42.86,285,48.7,8.43,98.91,7.18,132.9,80.26,96.93,Pass,No,None,None,Apr-25,1,0,0,0,0,0,1
B002333,AED,Line 1,2024-11-04,Team B,21.57,,319,37.6,6.69,99.23,6.9,115.9,91.13,93.76,Pass,No,None,None,Nov-24,0,1,0,0,0,0,1
B002334,Antidepressant,Line 1,2024-11-29,Team C,21.46,40.98,317,32.6,7.38,98.89,6.83,131.5,91.98,94.09,Pass,No,None,None,Nov-24,0,0,0,0,0,0,0
B002335,GLP-1 Agonist,Line 2,2024-12-27,Team C,21.54,42.25,301,58.6,8.58,99.25,7.16,146.1,83.14,92.36,Pass,No,None,None,Dec-24,0,0,0,0,0,0,0
B002336,COX-2 Inhibitor,Line 3,2025-05-18,Team A,22.79,41.18,382,41,7.07,99.34,6.67,112.5,85.05,94.5,Pass,No,None,None,May-25,0,0,0,0,0,0,0
B002337,AED,Line 3,2024-08-02,Team B,21.16,40.65,312,46.6,7.69,99,6.72,142.1,87.95,94.89,Pass,No,None,None,Aug-24,0,0,0,0,0,0,0
B002338,GLP-1 Agonist,Line 2,2025-03-12,Team C,21.32,42.72,311,60.1,8.43,98.95,6.9,142.5,89.59,89.19,Failed,No,None,None,Mar-25,0,0,0,0,0,0,0
B002339,COX-2 Inhibitor,Line 3,2024-06-26,Team B,,45.94,353,45.1,7.03,99.18,6.66,107.6,86.6,94.01,Pass,No,None,None,Jun-24,1,0,0,0,0,0,1
B002340,Antidepressant,Line 1,2025-10-12,Team A,21.43,39.46,319,50.7,6.41,98.91,6.71,120.9,83.78,93.92,Pass,No,None,None,Oct-25,0,0,0,0,0,0,0
B002341,Antidepressant,Line 1,2024-03-02,Team A,20.76,39.03,325,35.5,7.19,99.07,,115.8,,95,Pass,No,None,None,Mar-24,0,0,0,1,0,1,2
B002342,Antidepressant,Line 1,2024-02-18,Team C,20.85,41.09,320,35.3,7.15,99.24,6.91,122.3,86.71,92.45,Pass,No,None,None,Feb-24,0,0,0,0,0,0,0
B002343,COX-2 Inhibitor,Line 3,2024-01-28,Team B,22.19,40.24,344,42.9,5.86,99.07,6.64,125.4,86.71,92.85,Pass,No,None,None,Jan-24,0,0,0,0,0,0,0
B002344,GLP-1 Agonist,Line 2,2024-09-12,Team C,20.51,47.63,289,50.3,8.16,98.42,7.24,151.8,79.48,91.93,Pass,No,None,None,Sep-24,0,0,0,0,0,0,0
B002345,COX-2 Inhibitor,Line 1,2025-03-19,Team A,22.24,44.58,331,44.9,7.81,99.24,6.6,120.7,87.1,94.86,Pass,No,None,None,Mar-25,0,0,0,0,0,0,0
B002346,Antidepressant,Line 1,2025-12-21,Team C,,42.07,320,32,6.03,99.3,6.76,113.8,86.98,93.81,Pass,Yes,Documentation,Minor,Dec-25,1,0,0,0,0,0,1
B002347,AED,Line 3,2024-11-28,Team A,20.77,39.34,280,50.4,7.8,99.33,6.87,147.4,88.2,91.9,Pass,No,None,None,Nov-24,0,0,0,0,0,0,0
B002348,AED,Line 3,2024-05-13,Team C,21.59,47.69,342,51.9,7.79,99.04,7.08,146.1,83,94.9,Pass,No,None,None,May-24,0,0,0,0,0,0,0
B002349,Antidepressant,Line2,2024-09-26,Team D,23.6,38.94,359,47.1,8.09,99.32,6.89,127.9,88.49,94.14,Pass,No,None,None,Sep-24,0,0,0,0,0,0,0
B002350,Antidepressant,Line 1,2024-04-03,Team B,22.31,38.74,323,39.8,7.54,99.42,6.69,126.1,88.17,94.76,Pass,No,None,None,Apr-24,0,0,0,0,0,0,0
B002351,Antidepressant,Line 3,2024-12-11,Team A,21.72,45.86,332,46.4,7.02,99.04,6.98,126.2,86.89,93.44,Pass,No,None,None,Dec-24,0,0,0,0,0,0,0
B002352,aed,Line 3,2025-06-16,Team A,21.68,45.94,334,41.2,7.71,98.32,6.76,119.3,88.23,94.35,Pass,No,None,None,Jun-25,0,0,0,0,0,0,0
B002353,Antidepressant,Line 2,2024-01-26,Team B,22.32,29.48,296,40.4,8.21,99.59,6.72,144.8,87.87,94.9,Pass,No,None,None,Jan-24,0,0,0,0,0,0,0
B002354,GLP-1 Agonist,Line 2,2025-07-22,Team A,,39.21,317,41.3,7.22,98.65,6.8,129.6,,94.49,Pass,No,None,None,Jul-25,1,0,0,0,0,1,2
B002355,GLP-1 Agonist,Line 3,2024-06-16,team d,21.1,40.63,292,45.3,8.05,98.59,7.03,141.2,84.09,91.39,Pass,No,None,None,Jun-24,0,0,0,0,0,0,0
B002356,AED,Line 3,2025-05-06,Team D,21.23,42.3,356,44.2,7.9,98.67,7.04,118.2,87.67,92.04,Pass,No,None,None,May-25,0,0,0,0,0,0,0
B002357,GLP-1 Agonist,Line 2,2025-08-19,Team D,20.47,40.8,297,44.3,7.33,99.63,7.09,143.2,82.18,92.02,Pass,No,None,None,Aug-25,0,0,0,0,0,0,0
B002358,GLP-1 Agonist,Line 2,2025-07-21,Team D,21.58,30.95,316,42.8,8.59,99.18,6.64,124.7,90.32,93.24,Pass,No,None,None,Jul-25,0,0,0,0,0,0,0
B002359,AED,Line 2,2025-05-04,Team C,20.75,29.84,312,36.9,6.75,98.9,6.66,140.6,88.46,92.26,Pass,No,None,None,May-25,0,0,0,0,0,0,0
B002360,Antidepressant,Line 3,2025-05-22,Team B,21.65,37.12,360,53.3,6.98,98.95,6.81,151.5,84.63,93.91,Pass,No,None,None,May-25,0,0,0,0,0,0,0
B002361,AED,Line 2,2024-05-17,Team B,21.12,45.41,306,42.2,6.91,98.95,7.03,134.4,87.78,93.3,Pass,No,None,None,May-24,0,0,0,0,0,0,0
B002362,Antidepressant,Line 1,2024-04-09,Team B,22.81,25.88,341,43.8,7.42,99.47,6.59,127.3,86.37,95.93,Pass,Yes,Equipment,Major,Apr-24,0,0,0,0,0,0,0
B002363,GLP-1 Agonist,Line 1,2024-10-05,Team D,21.12,35.78,311,38.3,7.02,99.09,6.64,,87.35,91.11,Pass,No,None,None,Oct-24,0,0,0,0,1,0,1
B002364,AED,Line 3,2025-03-20,Team B,22.1,34.39,322,54,8.13,98.82,6.93,138.2,82.3,93.72,Pass,No,None,None,Mar-25,0,0,0,0,0,0,0
B002365,COX-2 Inhibitor,Line 3,2025-03-27,Team B,21.3,41.79,344,40.4,7.34,99.27,6.86,125.8,88.79,96.11,Pass,No,None,None,Mar-25,0,0,0,0,0,0,0
B002366,COX-2 Inhibitor,Line 3,2025-07-21,team c,22.6,52.79,328,36.1,6.22,98.82,6.88,119.8,88.58,93.95,Pass,No,None,None,Jul-25,0,0,0,0,0,0,0
B002367,Antidepressant,Line 2,2024-08-13,TEAM B,21.1,40.91,273,39.6,6.61,99.41,6.81,133.4,88.54,94.88,Pass,No,None,None,Aug-24,0,0,0,0,0,0,0
B002368,GLP-1 Agonist,Line 3,2025-09-24,Team B,21.18,39.46,319,53.3,8.53,98.94,7.02,135.8,87.71,92.63,Pass,Yes,Material,Minor,Sep-25,0,0,0,0,0,0,0
B002369,GLP-1 Agonist,Line 3,2024-11-24,Team A,23.16,,291,33.3,8.02,98.59,7.21,143.8,86.28,91.2,Pass,No,None,None,Nov-24,0,1,0,0,0,0,1
B002370,GLP-1 Agonist,Line 1,2024-06-28,Team A,22.2,40.11,321,43.5,7.35,,7,131,86.53,94.46,Pass,No,None,None,Jun-24,0,0,1,0,0,0,1
B002371,GLP-1 Agonist,Line 1,2025-06-21,Team A,21.4,38.93,306,46.3,7.83,99.07,6.93,130.1,82.66,94.62,Pass,Yes,Material,Minor,Jun-25,0,0,0,0,0,0,0
B002372,GLP-1 Agonist,Line 3,2024-04-03,Team B,23.9,44.63,322,48.8,8.02,98.64,7.09,144.2,86.47,93.73,Pass,No,None,None,Apr-24,0,0,0,0,0,0,0
B002373,GLP-1 Agonist,Line 1,2024-10-23,Team D,20.81,42.36,314,61.8,8.68,99.13,7,151.5,83.48,92.09,Pass,No,None,None,Oct-24,0,0,0,0,0,0,0
B002374,Antidepressant,Line 2,2025-07-24,Team B,22.87,43.44,276,39.1,7.19,99.21,6.82,108.6,88.25,92.77,Pass,No,None,None,Jul-25,0,0,0,0,0,0,0
B002375,GLP-1 Agonist,Line 2,2025-07-17,Team C,20.35,39.31,311,52.4,7.75,,6.75,138,84.55,92.67,Pass,No,None,None,Jul-25,0,0,1,0,0,0,1
B002376,Antidepressant,Line 3,2024-07-06,TEAM B,21.82,40.27,314,53.5,8.01,,6.84,115.9,84.06,91.14,Pass,No,None,None,Jul-24,0,0,1,0,0,0,1
B002377,AED,Line 1,2024-05-01,Team B,20.79,48.59,336,48.7,7.2,98.87,7.14,126.5,91.83,93.83,Pass,No,None,None,May-24,0,0,0,0,0,0,0
B002378,COX-2 Inhibitor,Line 3,2024-01-24,Team A,22.69,41.32,351,35.8,7.12,98.68,6.81,113.2,88.88,95.85,Pass,No,None,None,Jan-24,0,0,0,0,0,0,0
B002379,ANTIDEPRESSANT,Line 1,2024-03-06,Team C,22.04,48.16,331,34.9,7.01,99.06,7.01,122.7,89.92,93.71,Pass,Yes,Environmental,Major,Mar-24,0,0,0,0,0,0,0
B002380,COX-2 Inhibitor,Line 3,2025-08-26,Team C,22.27,37.76,335,42.6,8.42,99.32,6.63,116.5,85.07,91.24,Pass,No,None,None,Aug-25,0,0,0,0,0,0,0
B002381,AED,Line 1,2025-07-26,Team B,22.62,51.17,299,53,7.4,98.86,7.06,130.7,87.5,91.86,Pass,No,None,None,Jul-25,0,0,0,0,0,0,0
B002382,Antidepressant,Line 3,2025-01-04,Team C,21.57,44.36,312,46.5,7.43,98.2,6.98,142.3,86.32,94.3,Pass,No,None,None,Jan-25,0,0,0,0,0,0,0
B002383,Antidepressant,Line 3,2025-02-20,Team B,22.25,37.16,288,50.3,7.28,99.32,6.83,151.8,86.89,92.36,Pass,No,None,None,Feb-25,0,0,0,0,0,0,0
B002384,Antidepressant,Line 1,2024-08-26,Team B,22.62,44.54,309,56.3,6.93,98.79,7.02,126.7,87.42,93.35,Pass,No,None,None,Aug-24,0,0,0,0,0,0,0
B002385,Antidepressant,Line 1,2024-05-20,Team C,20.89,38.75,294,46.6,6.91,99.37,6.67,,86.94,92.77,Pass,No,None,None,May-24,0,0,0,0,1,0,1
B002386,COX-2 Inhibitor,Line 3,2024-01-09,Team C,21.94,43.17,314,33.4,7.16,99.62,6.64,120.7,87.73,94.56,Pass,No,None,None,Jan-24,0,0,0,0,0,0,0
B002387,AED,Line 1,2025-05-06,Team A,21.84,41.57,317,44.3,7.68,98.94,6.85,113.8,82.01,94.87,Pass,No,None,None,May-25,0,0,0,0,0,0,0
B002388,Antidepressant,Line 1,2024-01-26,TEAM B,22.47,41.34,330,49.5,7.43,99.22,6.68,123.2,85.79,94.57,Pass,No,None,None,Jan-24,0,0,0,0,0,0,0
B002389,COX-2 Inhibitor,Line 2,2024-03-17,Team B,23.57,47.71,339,36.6,6.39,99.07,6.63,91,87.44,94.25,Pass,No,None,None,Mar-24,0,0,0,0,0,0,0
B002390,Antidepressant,Line 3,2025-08-02,Team D,21.84,44.59,311,50.8,7.39,99.18,6.9,136.5,83.3,93.78,Pass,No,None,None,Aug-25,0,0,0,0,0,0,0
B002391,COX-2 Inhibitor,Line 2,2025-03-02,Team B,22.26,37.37,323,37.6,6.08,99.27,6.68,109.3,91.96,96.91,Pass,No,None,None,Mar-25,0,0,0,0,0,0,0
B002392,COX-2 Inhibitor,Line 2,2024-12-23,Team D,21.85,37.66,334,39.8,6.36,99.11,6.66,,90.53,92.29,Pass,No,None,None,Dec-24,0,0,0,0,1,0,1
B002393,GLP-1 Agonist,Line 3,2024-06-08,Team C,21.75,41.35,285,47.6,7.42,98.63,7.03,163.2,81.45,93.23,Pass,No,None,None,Jun-24,0,0,0,0,0,0,0
B002394,Antidepressant,Line 2,2024-04-19,Team A,21.78,43.72,319,42.9,7.78,99.51,6.65,141.2,87.88,92.49,Pass,No,None,None,Apr-24,0,0,0,0,0,0,0
B002395,COX-2 Inhibitor,Line 2,2024-12-07,Team B,22.29,39.63,313,39.2,7.65,99.33,6.61,113.1,86.69,94.05,Pass,No,None,None,Dec-24,0,0,0,0,0,0,0
B002396,AED,Line 2,2024-09-19,Team D,21.73,51.96,328,36.2,5.93,99.07,7.01,115.9,89.1,91.75,Pass,No,None,None,Sep-24,0,0,0,0,0,0,0
B002397,Antidepressant,Line 1,2025-01-25,Team B,22.41,46.07,310,39.6,7.07,99.14,6.87,134.9,86.68,94.5,Pass,No,None,None,Jan-25,0,0,0,0,0,0,0
B002398,Antidepressant,Line 1,2024-04-30,Team C,21.58,38.87,327,35.2,6.91,99.43,6.58,111.2,88.04,94.2,Pass,No,None,None,Apr-24,0,0,0,0,0,0,0
B002399,Antidepressant,Line 3,2024-06-18,Team D,21.42,38.39,336,41.3,7.44,98.88,6.63,135.8,89.65,95.38,Pass,No,None,None,Jun-24,0,0,0,0,0,0,0
B002400,COX-2 Inhibitor,Line 1,2024-03-23,Team C,22.82,41.86,346,33.6,6.12,99.2,6.65,139.6,91.59,95,Pass,No,None,None,Mar-24,0,0,0,0,0,0,0
B002401,COX-2 Inhibitor,Line 3,2024-11-06,Team A,20.23,41.34,354,45.1,7.76,99.36,6.82,131.4,90.45,94.46,Pass,No,None,None,Nov-24,0,0,0,0,0,0,0
B002402,AED,Line 1,2024-07-20,Team B,21.35,50.28,278,50.6,7.72,99.25,7.06,144.6,85.51,92.26,Pass,No,None,None,Jul-24,0,0,0,0,0,0,0
B002403,COX-2 Inhibitor,Line 2,2024-06-12,Team B,21.64,47.92,331,41.1,7.28,99.85,6.91,131,84.94,95.91,Pass,No,None,None,Jun-24,0,0,0,0,0,0,0
B002404,AED,Line 1,2025-02-05,Team B,22.7,44.18,335,38,6.65,99.06,6.92,120.1,90.28,89.47,Pass,No,None,None,Feb-25,0,0,0,0,0,0,0
B002405,AED,Line 2,2024-12-29,Team D,21.47,47.39,324,44.5,6.52,98.73,6.98,133.4,88.84,95.9,Pass,No,None,None,Dec-24,0,0,0,0,0,0,0
B002406,Antidepressant,Line 3,2024-06-02,Team A,21.58,46.11,353,36.1,7.38,98.68,6.92,114.7,89.85,94.95,Pass,No,None,None,Jun-24,0,0,0,0,0,0,0
B002407,COX-2 Inhibitor,Line 2,2025-05-25,Team C,22.46,,371,36.2,6.01,98.9,6.7,129.5,87.39,95.75,Pass,No,None,None,May-25,0,1,0,0,0,0,1
B002408,GLP-1 Agonist,line 1,2024-09-08,Team D,21.05,42.01,305,51.6,8.5,98.71,6.93,130.7,83,95.73,Pass,No,None,None,Sep-24,0,0,0,0,0,0,0
B002409,GLP-1 Agonist,Line 1,2024-09-06,Team D,21.2,,295,53.5,6.82,98.09,6.84,148.1,86.2,90.75,Pass,No,None,None,Sep-24,0,1,0,0,0,0,1
B002410,AED,Line 3,2024-12-15,Team C,21.87,46.44,298,49.1,7.54,98.71,6.89,145.5,83.71,94.1,Pass,No,None,None,Dec-24,0,0,0,0,0,0,0
B002411,COX-2 Inhibitor,Line 1,2024-04-11,Team D,22.18,39.11,331,44.9,6.5,99.44,6.76,118.4,87.08,94.42,Pass,No,None,None,Apr-24,0,0,0,0,0,0,0
B002412,AED,Line 3,2024-11-03,Team B,21.48,40.61,308,47.9,7.57,99.02,7.03,128,92.27,93.73,Pass,No,None,None,Nov-24,0,0,0,0,0,0,0
B002413,GLP-1 Agonist,Line 1,2025-03-01,Team C,20.74,38.56,289,46.7,7.9,98.91,6.86,135.6,90.91,92.22,Pass,No,None,None,Mar-25,0,0,0,0,0,0,0
B002414,GLP-1 Agonist,Line 1,2024-04-04,Team C,20.63,36.47,283,52.8,8.19,98.56,6.71,133.3,86.88,93.37,Pass,No,None,None,Apr-24,0,0,0,0,0,0,0
B002415,GLP-1 Agonist,Line 3,2025-02-16,Team A,21.55,32.63,307,54.5,8.73,,6.97,146.3,82.78,92.49,Pass,No,None,None,Feb-25,0,0,1,0,0,0,1
B002416,Antidepressant,Line 2,2024-01-29,Team A,22.23,45.38,351,39.1,7.31,99.17,6.86,115.9,86.63,93.42,Pass,No,None,None,Jan-24,0,0,0,0,0,0,0
B002417,Antidepressant,Line 1,2025-03-17,Team D,20.93,43.73,337,44.1,6.98,99.1,6.66,118.9,89.2,94.55,Pass,No,None,None,Mar-25,0,0,0,0,0,0,0
B002418,GLP-1 Agonist,Line3,2024-01-26,Team A,22.07,33.3,294,47.9,9.31,98.38,6.5,,88.71,91.73,Pass,No,None,None,Jan-24,0,0,0,0,1,0,1
B002419,Antidepressant,Line 1,2024-05-07,Team B,22.57,40.8,338,31,7.38,98.97,6.67,122.8,88.86,92.57,Pass,No,None,None,May-24,0,0,0,0,0,0,0
B002420,AED,Line 2,2024-09-12,Team C,22.53,,321,47.4,7.21,99.07,6.86,130.3,85.26,94.88,Pass,No,None,None,Sep-24,0,1,0,0,0,0,1
B002421,Antidepressant,Line 2,2025-03-25,Team C,22.22,42.91,319,34.9,6.68,99.05,6.68,106.4,89.17,94.56,Pass,No,None,None,Mar-25,0,0,0,0,0,0,0
B002422,Antidepressant,Line 2,2025-06-09,Team C,22.48,36.59,318,42.8,6.85,99.2,6.8,137.3,84.5,95.45,Pass,No,None,None,Jun-25,0,0,0,0,0,0,0
B002423,COX-2 Inhibitor,Line 3,2024-12-08,Team D,24.14,36.23,336,31.1,6.91,99.39,6.52,111.5,,94.82,Pass,No,None,None,Dec-24,0,0,0,0,0,1,1
B002424,Antidepressant,Line 1,2024-04-05,Team D,21.77,44.6,332,38,6.33,99.11,6.84,140.8,86.13,95.41,Pass,No,None,None,Apr-24,0,0,0,0,0,0,0
B002425,AED,Line 3,2024-10-10,Team D,21.02,36.33,318,44.1,7.18,99.26,7.1,130.6,87.76,93.07,Pass,No,None,None,Oct-24,0,0,0,0,0,0,0
B002426,COX-2 Inhibitor,Line 2,2025-07-29,Team C,21.35,41.84,327,43.6,5.6,98.96,6.71,124.3,88.29,94.6,Pass,No,None,None,Jul-25,0,0,0,0,0,0,0
B002427,Antidepressant,Line 3,2024-03-07,Team D,23.32,40.37,306,40.6,7.08,98.71,6.76,122.5,90.16,95.46,Pass,No,None,None,Mar-24,0,0,0,0,0,0,0
B002428,COX-2 Inhibitor,Line 3,2025-06-07,Team C,23.83,42.38,346,32.6,7.35,99.25,6.69,118.8,85.55,92.38,Pass,No,None,None,Jun-25,0,0,0,0,0,0,0
B002429,COX-2 Inhibitor,Line 3,2024-10-09,Team C,21.81,44.26,348,41.5,6.99,99.33,6.81,154.1,84.43,92.72,Pass,No,None,None,Oct-24,0,0,0,0,0,0,0
B002430,COX-2 Inhibitor,Line 2,2024-01-03,Team D,21.95,50.99,334,36.8,6.51,99.19,6.9,115.2,89.92,93.37,Pass,No,None,None,Jan-24,0,0,0,0,0,0,0
B002431,AED,Line 2,2025-05-22,Team D,21.56,36,295,48.3,7.57,99.12,6.69,145,84.18,91.58,Pass,No,None,None,May-25,0,0,0,0,0,0,0
B002432,COX-2 Inhibitor,Line 2,2024-01-20,Team A,23.42,47.38,363,32.4,5.85,98.98,6.73,116.1,87.94,93.02,Pass,Yes,Material,Major,Jan-24,0,0,0,0,0,0,0
B002433,COX-2 Inhibitor,Line 2,2024-09-27,Team D,21.53,30.44,359,39.2,6.65,99.43,6.45,130.6,90.72,94.42,Pass,No,None,None,Sep-24,0,0,0,0,0,0,0
B002434,GLP-1 Agonist,Line 2,2024-05-22,Team C,20.03,46.97,264,61.6,8.77,98.96,7.04,131.3,82.04,92.81,Pass,No,None,None,May-24,0,0,0,0,0,0,0
B002435,COX-2 Inhibitor,Line 3,2025-03-02,Team D,24.13,32.79,364,38.2,7.13,99.37,6.78,138,87.41,94.43,Pass,Yes,Equipment,Major,Mar-25,0,0,0,0,0,0,0
B002436,AED,Line 1,2024-02-11,Team C,22.03,56.18,311,46,7.87,99.52,7.19,133.8,86.26,92.56,Pass,No,None,None,Feb-24,0,0,0,0,0,0,0
B002437,COX-2 Inhibitor,Line 3,2024-03-07,Team D,22.84,41.05,343,30.4,7.38,98.9,6.68,112.6,89.36,93.78,Pass,No,None,None,Mar-24,0,0,0,0,0,0,0
B002438,COX-2 Inhibitor,Line 1,2025-01-23,Team B,22.35,49.45,360,33.3,6.8,99.98,6.96,122.8,91.35,94.45,Pass,No,None,None,Jan-25,0,0,0,0,0,0,0
B002439,GLP-1 Agonist,Line 3,2025-12-27,Team A,21.85,45.42,330,51,7.86,98.46,7.07,143.8,82.19,91.82,Pass,No,None,None,Dec-25,0,0,0,0,0,0,0
B002440,COX-2 Inhibitor,Line 1,2024-01-29,Team A,21.36,40.82,358,36.2,6.35,99.34,6.49,106.4,88.91,94.5,Pass,No,None,None,Jan-24,0,0,0,0,0,0,0
B002441,AED,Line 1,2024-12-02,Team B,21.17,42.2,319,48.4,8.48,98.68,7.1,110.6,88.95,95.13,Pass,No,None,None,Dec-24,0,0,0,0,0,0,0
B002442,Antidepressant,Line 3,2025-08-09,Team A,22.08,37.81,295,44.8,7.62,99.21,6.72,145.8,91.58,92.33,Pass,No,None,None,Aug-25,0,0,0,0,0,0,0
B002443,Antidepressant,Line 3,2024-07-31,Team B,20.3,45.94,284,36.3,7.25,99.32,6.59,121.4,85.45,91.52,Pass,No,None,None,Jul-24,0,0,0,0,0,0,0
B002444,GLP-1 Agonist,Line 3,2024-12-26,Team A,21.27,37.88,316,55.1,7.92,98.95,6.75,139.8,84.85,92.52,Pass,No,None,None,Dec-24,0,0,0,0,0,0,0
B002445,GLP-1 Agonist,Line 3,2025-09-05,Team A,21.23,35.91,324,41.7,7.88,99.25,,131.1,86.12,91.41,Pass,No,None,None,Sep-25,0,0,0,1,0,0,1
B002446,COX-2 Inhibitor,Line 1,2025-06-16,Team C,22.27,45.69,325,32.8,6.81,99.02,6.57,127.5,89.72,96.33,Pass,No,None,None,Jun-25,0,0,0,0,0,0,0
B002447,Antidepressant,Line 3,2024-08-02,Team D,21.59,37.51,315,44.8,7.45,98.57,6.89,124.9,85.17,93.79,Pass,No,None,None,Aug-24,0,0,0,0,0,0,0
B002448,GLP-1 Agonist,Line 2,2025-07-02,Team A,20.75,38.36,290,55.6,7.78,99.14,6.96,150.3,85.99,92.04,Pass,No,None,None,Jul-25,0,0,0,0,0,0,0
B002449,COX-2 Inhibitor,Line 2,2025-05-08,Team C,21.13,43.54,329,128,6.21,99.19,6.81,111.6,,94.95,Pass,No,None,None,May-25,0,0,0,0,0,1,1
B002450,COX-2 Inhibitor,Line 2,2025-01-05,Team C,22.61,39.79,359,38.8,7.28,99.07,6.64,108.5,94.1,93.15,Pass,No,None,None,Jan-25,0,0,0,0,0,0,0
B002451,COX-2 Inhibitor,Line 1,2024-11-18,Team C,22.27,40.54,344,38.9,7,99.1,6.74,126.7,85.94,95.72,Pass,Yes,Process,Major,Nov-24,0,0,0,0,0,0,0
B002452,COX-2 Inhibitor,Line 2,2025-11-07,Team A,21.47,50.67,336,40.6,6.99,99.18,6.87,131,84.38,94.34,Pass,No,None,None,Nov-25,0,0,0,0,0,0,0
B002453,COX-2 Inhibitor,Line 3,2025-10-01,TEAM C,22.55,75,388,45,7.44,98.92,6.7,119.2,91.66,94.86,Pass,No,None,None,Oct-25,0,0,0,0,0,0,0
B002454,AED,Line 1,2025-12-24,Team A,21.58,,289,41.8,6.54,99.11,6.78,127.4,87.47,93.18,Pass,No,None,None,Dec-25,0,1,0,0,0,0,1
B002455,COX-2 Inhibitor,Line 3,2025-05-08,Team A,22.15,42.12,350,44.1,7.31,99.49,6.74,125.5,86.3,94.07,Pass,No,None,None,May-25,0,0,0,0,0,0,0
B002456,GLP-1 Agonist,Line 2,2024-09-19,team b,19.88,42.27,281,55.3,8.64,99.51,6.79,148.3,84.8,91.82,Pass,No,None,None,Sep-24,0,0,0,0,0,0,0
B002457,COX-2 Inhibitor,Line 1,2024-03-21,Team D,23.01,37.83,337,47.8,6.8,99.63,6.75,142.6,84.17,94.22,Pass,No,None,None,Mar-24,0,0,0,0,0,0,0
B002458,Antidepressant,Line 2,2024-04-02,Team A,21.08,44.14,323,44.8,7.63,99.12,6.86,125.2,88.03,93.94,Pass,No,None,None,Apr-24,0,0,0,0,0,0,0
B002459,Antidepressant,Line 1,2025-11-26,Team D,22.05,43.28,335,41.9,7.3,99.15,6.87,121.9,87.85,95.29,Pass,Yes,Process,Major,Nov-25,0,0,0,0,0,0,0
B002460,GLP-1 Agonist,Line 1,2024-09-22,Team D,20.89,31.06,295,45.4,8.16,98.98,6.52,134.6,88.83,95.35,Pass,No,None,None,Sep-24,0,0,0,0,0,0,0
B002461,AED,Line 3,2024-03-21,Team D,21.51,52.97,308,38.5,7.45,98.68,6.93,119.4,89.46,92.46,Pass,No,None,None,Mar-24,0,0,0,0,0,0,0
B002462,COX-2 Inhibitor,Line 1,2024-06-12,Team B,,50.3,335,36.5,7.03,,6.76,101.4,91.34,95.7,Pass,No,None,None,Jun-24,1,0,1,0,0,0,2
B002463,Antidepressant,Line 1,2024-01-16,Team A,22.4,38,301,42.6,6.22,99.06,6.82,126.6,88.31,97.52,Pass,No,None,None,Jan-24,0,0,0,0,0,0,0
B002464,COX-2 Inhibitor,Line 3,2025-01-23,Team A,23.35,37.39,351,38.9,7,99.3,6.52,125.8,91.77,95.25,Pass,No,None,None,Jan-25,0,0,0,0,0,0,0
B002465,Antidepressant,Line 1,2025-03-07,Team D,22.25,43.14,325,45.3,7.51,98.81,7.12,127.3,88.68,91.62,Pass,No,None,None,Mar-25,0,0,0,0,0,0,0
B002466,COX-2 Inhibitor,Line 3,2024-10-03,Team A,22.8,35.87,348,31.5,6.89,99.62,6.58,115.3,88.4,93.02,Pass,No,None,None,Oct-24,0,0,0,0,0,0,0
B002467,AED,Line 3,2025-06-27,Team C,20.46,50.82,314,44.5,8.24,98.78,6.91,124,84.71,92.47,Pass,No,None,None,Jun-25,0,0,0,0,0,0,0
B002468,COX-2 Inhibitor,Line 1,2024-12-17,Team B,22.26,40.66,337,49,6.9,99.52,6.66,128,85.49,94.6,Pass,No,None,None,Dec-24,0,0,0,0,0,0,0
B002469,COX-2 Inhibitor,Line 2,2025-12-02,Team D,22.33,51.11,361,42.5,6.46,98.84,6.72,123.9,89.19,94.32,Pass,No,None,None,Dec-25,0,0,0,0,0,0,0
B002470,GLP-1 Agonist,Line 1,2025-07-11,Team C,22.42,35.88,318,50.4,6.98,98.77,6.77,143.9,82.64,94.58,Pass,No,None,None,Jul-25,0,0,0,0,0,0,0
B002471,GLP-1 Agonist,Line 2,2024-02-25,Team C,21.12,39.44,325,50.1,7.73,99.31,7.08,143.6,85.65,93.83,Pass,No,None,None,Feb-24,0,0,0,0,0,0,0
B002472,AED,Line 1,2024-07-19,Team D,22,50.34,322,43,7.51,98.7,7.09,132.1,85.53,94.84,Pass,No,None,None,Jul-24,0,0,0,0,0,0,0
B002473,COX-2 Inhibitor,Line 3,2025-07-05,Team D,22.67,41.38,364,28.9,7.05,98.72,6.75,125.9,87.29,91.91,Pass,No,None,None,Jul-25,0,0,0,0,0,0,0
B002474,GLP-1 Agonist,Line 1,2025-01-27,Team B,22.37,41.36,293,50.5,7.12,98.61,7.14,144.9,83.15,93.94,Pass,No,None,None,Jan-25,0,0,0,0,0,0,0
B002475,GLP-1 Agonist,Line 3,2025-07-04,Team C,21.4,45.46,296,35,8.34,99.07,7.11,135.6,87.68,92.48,Pass,No,None,None,Jul-25,0,0,0,0,0,0,0
B002476,Antidepressant,Line 1,2024-09-02,Team C,22.62,39.22,342,40.2,6.4,99.34,6.63,108.1,90,93,Pass,No,None,None,Sep-24,0,0,0,0,0,0,0
B002477,Antidepressant,Line 1,2024-01-28,Team D,20.72,35.69,335,42,6.93,99.01,6.79,134.5,86.52,94.64,Pass,No,None,None,Jan-24,0,0,0,0,0,0,0
B002478,Antidepressant,Line 2,2025-07-27,Team B,20.79,34.71,315,38.5,6.57,99.04,6.56,121.1,83.76,94.53,Pass,Yes,Documentation,Minor,Jul-25,0,0,0,0,0,0,0
B002479,GLP-1 Agonist,Line 2,2025-07-27,Team B,19.79,42.92,281,58.9,8.41,99.11,6.96,147.6,90.67,91.69,Pass,No,None,None,Jul-25,0,0,0,0,0,0,0
B002480,AED,Line 3,2025-04-12,Team D,22.39,45.94,311,56.5,8.11,99.26,6.95,129,86.78,93.54,Failed,No,None,None,Apr-25,0,0,0,0,0,0,0
B002481,GLP-1 Agonist,Line 1,2024-10-22,Team D,22.01,45.31,288,53.7,8.37,98.83,7.03,160.8,87.03,93.62,Pass,No,None,None,Oct-24,0,0,0,0,0,0,0
B002482,Antidepressant,Line 1,2024-01-07,Team C,22.67,40.63,351,36.9,7.84,99.26,6.56,99.2,92.5,94.54,Pass,No,None,None,Jan-24,0,0,0,0,0,0,0
B002483,Antidepressant,Line 2,2025-06-16,Team A,21.49,34.85,334,51.6,7.55,,6.58,146.3,86.18,93.95,Pass,Yes,Process,Major,Jun-25,0,0,1,0,0,0,1
B002484,GLP-1 Agonist,Line 2,2025-04-27,Team B,21.08,28.24,286,50.4,7.57,99.71,6.79,144.7,84.97,93.99,Pass,No,None,None,Apr-25,0,0,0,0,0,0,0
B002485,AED,Line 3,2025-05-03,Team B,21.71,58.34,296,40.3,7.74,98.4,7.07,112,90.23,93.18,Pass,No,None,None,May-25,0,0,0,0,0,0,0
B002486,GLP-1 Agonist,Line 3,2024-05-04,Team C,22.58,42.63,286,49.7,9.28,98.65,7.14,159.9,88.07,92.53,Pass,No,None,None,May-24,0,0,0,0,0,0,0
B002487,COX-2 Inhibitor,Line 3,2025-06-18,Team C,23.77,43.68,330,43.8,7.51,98.95,6.88,129.1,88.71,95.04,Pass,No,None,None,Jun-25,0,0,0,0,0,0,0
B002488,AED,Line 1,2025-06-13,Team D,22.4,45.39,312,40.7,7.67,99.17,6.82,105.8,89.71,92.88,Pass,No,None,None,Jun-25,0,0,0,0,0,0,0
B002489,Antidepressant,Line 2,2025-09-18,Team A,22.25,34.84,340,41.8,6.12,99.11,6.7,122.2,85.02,94.61,Pass,No,None,None,Sep-25,0,0,0,0,0,0,0
B002490,COX-2 Inhibitor,Line 3,2025-02-18,Team B,23.5,39.03,323,41.2,7.28,99.26,6.85,127.5,87.25,93.06,Pass,No,None,None,Feb-25,0,0,0,0,0,0,0
B002491,AED,Line 1,2025-06-18,Team C,21.61,52.72,356,37.9,6.91,98.88,7.04,140.5,92.02,94.06,Pass,No,None,None,Jun-25,0,0,0,0,0,0,0
B002492,GLP-1 Agonist,Line 2,2024-10-20,Team D,21.21,43.29,283,46.5,7.37,98.88,6.97,134.5,87.74,94.69,Pass,No,None,None,Oct-24,0,0,0,0,0,0,0
B002493,Antidepressant,Line 1,2025-05-24,Team A,21.9,38.18,295,35.4,6.76,99.19,6.85,96.5,85.98,92.73,Pass,No,None,None,May-25,0,0,0,0,0,0,0
B002494,AED,Line 1,2025-05-22,Team D,21.07,37.87,345,48.8,7.49,99.37,6.81,145.8,85.15,93.65,Pass,No,None,None,May-25,0,0,0,0,0,0,0
B002495,AED,Line 3,2025-07-23,Team A,21.67,41.42,339,40.5,7.15,98.71,7.04,133.7,90.6,92.6,Pass,No,None,None,Jul-25,0,0,0,0,0,0,0
B002496,GLP-1 Agonist,Line 1,2025-09-18,Team A,20.66,38.42,297,48.6,7.92,98.95,6.87,118.3,86.89,94.93,Pass,No,None,None,Sep-25,0,0,0,0,0,0,0
B002497,COX-2 Inhibitor,Line 3,2024-01-03,Team D,23.27,53.25,347,31.9,6.64,98.62,6.81,119.2,89.91,95.49,Pass,Yes,Equipment,Minor,Jan-24,0,0,0,0,0,0,0
B002498,Antidepressant,Line 1,2025-07-23,Team D,22.41,41.06,327,34.8,7.13,99.17,6.88,124,89.77,93.15,Pass,No,None,None,Jul-25,0,0,0,0,0,0,0
B002499,AED,Line 1,2025-08-02,Team D,22.87,38.05,317,37.5,7.16,98.98,6.85,121.8,88.17,89.6,Pass,No,None,None,Aug-25,0,0,0,0,0,0,0
B002500,GLP-1 Agonist,Line 1,2025-02-02,Team C,20.28,39.71,277,46.4,7.95,99.28,6.98,129.4,85.13,94.82,Pass,No,None,None,Feb-25,0,0,0,0,0,0,0
B002501,Antidepressant,Line 1,2025-01-14,Team C,23.43,43.32,275,43,7.57,99.04,6.59,120.2,85.99,94.86,Pass,No,None,None,Jan-25,0,0,0,0,0,0,0
B002502,COX-2 Inhibitor,Line 2,2025-06-12,Team C,21.32,36.6,325,39,6.94,99.16,6.58,117,90.74,95.09,Failed,No,None,None,Jun-25,0,0,0,0,0,0,0
B002503,AED,Line 1,2024-11-28,Team C,20.9,46.01,348,35.3,6.96,98.9,7.06,126.4,89.28,93.84,Pass,No,None,None,Nov-24,0,0,0,0,0,0,0
B002504,AED,Line 2,2024-10-29,Team C,21.33,50.04,348,44.1,6.12,99.36,6.93,137.6,88.42,93.63,Pass,No,None,None,Oct-24,0,0,0,0,0,0,0
B002505,Antidepressant,Line 3,2025-08-10,Team B,22.98,42.69,315,38.4,7.51,98.59,6.89,105.5,89.26,93.1,Pass,No,None,None,Aug-25,0,0,0,0,0,0,0
B002506,Antidepressant,Line 2,2025-07-30,Team D,22.17,38.01,303,43.9,6.57,98.96,6.77,129.9,90.45,93.98,Pass,No,None,None,Jul-25,0,0,0,0,0,0,0
B002506,Antidepressant,Line 2,2025-07-30,Team D,22.17,38.01,303,43.9,6.57,98.96,6.77,129.9,90.45,93.98,Pass,No,None,None,Jul-25,0,0,0,0,0,0,0
B002507,AED,Line 1,2024-05-31,Team B,21.62,41.36,320,43.5,7.2,99.03,6.87,133.4,88.27,94.81,Pass,No,None,None,May-24,0,0,0,0,0,0,0
B002508,AED,Line 2,2025-08-29,Team C,21.21,35.71,323,43.6,7.45,98.92,6.97,131.7,88.77,94.97,Pass,No,None,None,Aug-25,0,0,0,0,0,0,0
B002509,GLP-1 Agonist,Line 3,2024-08-26,Team C,20.47,39.33,311,45.4,8.79,99.08,6.92,134.9,86.24,94.66,Pass,No,None,None,Aug-24,0,0,0,0,0,0,0
B002510,COX-2 Inhibitor,Line 2,2024-04-10,Team C,23.35,44.55,295,47.5,7.95,99.09,6.71,138.6,84.91,93.97,Pass,No,None,None,Apr-24,0,0,0,0,0,0,0
B002511,GLP-1 Agonist,Line 1,2025-10-04,Team C,22.1,35.52,357,39.9,7.01,99.07,6.88,144.5,86.95,92.17,Pass,No,None,None,Oct-25,0,0,0,0,0,0,0
B002512,GLP-1 Agonist,Line 2,2024-06-23,Team A,22.51,49.7,320,45.8,7,98.79,7.13,134.4,87.39,94.15,Pass,No,None,None,Jun-24,0,0,0,0,0,0,0
B002513,Antidepressant,Line 2,2024-05-28,Team B,22.3,45.96,316,42.6,7.2,98.99,6.95,125.9,89.08,93.52,Pass,No,None,None,May-24,0,0,0,0,0,0,0
B002514,Antidepressant,Line 1,2024-07-16,Team B,20.02,33.04,307,40.6,7.08,98.92,6.49,131,91.44,96.4,Pass,No,None,None,Jul-24,0,0,0,0,0,0,0
B002515,Antidepressant,Line 1,2024-12-25,Team B,,33.14,338,37.8,6.19,99.31,6.77,133.6,87.74,94.5,Pass,No,None,None,Dec-24,1,0,0,0,0,0,1
B002516,AED,Line 3,2024-05-01,Team D,22.15,39.08,324,36.5,7.34,98.51,6.86,119.1,88.42,92.18,Pass,No,None,None,May-24,0,0,0,0,0,0,0
B002517,Antidepressant,Line 1,2024-04-26,Team D,21.72,49.87,322,38.2,7.2,98.8,6.98,112.9,88.4,93.21,Pass,No,None,None,Apr-24,0,0,0,0,0,0,0
B002518,Antidepressant,Line 1,2024-10-13,Team C,21.58,46.45,328,36.7,6.14,99.18,7.15,123.8,92.52,94.76,Pass,No,None,None,Oct-24,0,0,0,0,0,0,0
B002519,GLP-1 Agonist,Line 1,2024-06-08,Team B,20.67,48.12,298,57.2,7.58,99.17,7.03,134.4,85.17,91.83,Pass,No,None,None,Jun-24,0,0,0,0,0,0,0
B002520,Antidepressant,Line 2,2024-05-21,Team A,22.71,42.05,327,54.5,7.08,99.72,6.65,117.4,86.33,92.38,Pass,No,None,None,May-24,0,0,0,0,0,0,0
B002521,ANTIDEPRESSANT,Line 2,2025-10-28,Team D,22.34,40.95,333,40.7,6.84,98.97,6.81,117.9,87.85,92.59,Pass,No,None,None,Oct-25,0,0,0,0,0,0,0
B002522,COX-2 Inhibitor,Line 1,2025-03-11,Team D,22.88,36.76,346,30.3,6.71,99.01,6.66,116.3,89.9,93.62,Pass,No,None,None,Mar-25,0,0,0,0,0,0,0
B002523,GLP-1 Agonist,Line 2,2024-01-11,Team B,21.02,41.75,305,52.1,7.76,99.06,7.1,156,81.78,92.16,Pass,No,None,None,Jan-24,0,0,0,0,0,0,0
B002524,COX-2 Inhibitor,LINE 3,2024-03-15,Team D,22.63,42.02,365,34.1,6.84,99.67,6.64,111.3,86.33,94.75,Pass,No,None,None,Mar-24,0,0,0,0,0,0,0
B002525,AED,Line 1,2025-08-17,Team D,20.8,42.83,286,41,8.39,99.45,6.81,126.1,88.12,93.48,Pass,No,None,None,Aug-25,0,0,0,0,0,0,0
B002526,Antidepressant,Line 3,2024-07-16,Team C,21.9,50.09,306,40,6.76,98.66,6.74,127.4,87.87,91.05,Pass,No,None,None,Jul-24,0,0,0,0,0,0,0
B002527,AED,Line 1,2024-04-21,Team A,19.9,43.37,315,42.2,6.84,98.99,6.76,122.2,87.9,93.53,Pass,No,None,None,Apr-24,0,0,0,0,0,0,0
B002528,AED,Line 1,2025-05-01,Team A,20.62,50.65,302,42,7.57,99.14,6.98,121.4,89.6,92.3,Pass,No,None,None,May-25,0,0,0,0,0,0,0
B002529,AED,Line 3,2025-09-04,Team D,21.56,36.06,308,38.3,7.96,99.32,6.8,130.7,87.81,91.56,Pass,No,None,None,Sep-25,0,0,0,0,0,0,0
B002530,COX-2 Inhibitor,Line 3,2024-10-18,Team C,24.28,56.44,363,35.6,7.1,99.06,7.16,108,88.06,95.67,Pass,No,None,None,Oct-24,0,0,0,0,0,0,0
B002531,COX-2 Inhibitor,Line 2,2025-06-27,Team A,21.15,41.13,337,42.6,7.76,99.09,6.48,115.5,87.41,92.46,Pass,No,None,None,Jun-25,0,0,0,0,0,0,0
B002532,COX-2 Inhibitor,Line 3,2024-11-04,Team A,21.57,46.54,307,39.3,7.17,99.27,6.81,,88.7,95.06,Pass,No,None,None,Nov-24,0,0,0,0,1,0,1
B002533,COX-2 Inhibitor,Line 2,2024-03-20,Team D,22.66,47.33,332,38.7,5.54,99.35,6.69,122.6,87.74,94.53,Pass,No,None,None,Mar-24,0,0,0,0,0,0,0
B002534,Antidepressant,Line 2,2025-08-06,Team B,23.33,39.51,321,28.7,6.59,98.83,6.79,103.3,92.43,91.55,Pass,No,None,None,Aug-25,0,0,0,0,0,0,0
B002535,AED,Line 3,2025-11-02,Team B,21.95,48.1,316,50.7,7.54,99.25,6.93,135.2,85.35,91.82,Pass,No,None,None,Nov-25,0,0,0,0,0,0,0
B002536,COX-2 Inhibitor,Line 3,2025-12-20,Team C,23.03,47.36,350,34.7,7.6,,6.9,106.5,89.54,94.72,Pass,No,None,None,Dec-25,0,0,1,0,0,0,1
B002537,AED,Line 1,2024-03-14,Team B,21.55,40.43,324,51.2,8.05,98.83,7,128.2,84.09,93.9,Pass,No,None,None,Mar-24,0,0,0,0,0,0,0
B002538,GLP-1 Agonist,Line 2,2025-02-17,Team D,21.12,36.49,298,48.8,6.96,99.25,6.9,146.9,87.89,91.4,Pass,Yes,Process,Minor,Feb-25,0,0,0,0,0,0,0
B002539,Antidepressant,Line 2,2025-03-31,Team C,22.06,42.23,299,38.9,7.63,99.3,6.98,123.4,91.42,95.48,Pass,No,None,None,Mar-25,0,0,0,0,0,0,0
B002540,GLP-1 Agonist,Line 1,2024-02-27,Team B,21.01,39.42,292,38.8,7.99,99.2,7.05,146.6,84.66,90.79,Pass,No,None,None,Feb-24,0,0,0,0,0,0,0
B002541,GLP-1 Agonist,Line 3,2025-11-26,Team B,22.04,46.97,289,60.5,8.41,99.23,7.24,148.5,84.04,91.48,Pass,Yes,Material,Minor,Nov-25,0,0,0,0,0,0,0
B002542,GLP-1 Agonist,Line 2,2024-03-16,Team D,20.3,43.51,295,52.4,7.91,98.9,7.02,151,84.67,91.38,Pass,No,None,None,Mar-24,0,0,0,0,0,0,0
B002543,GLP-1 Agonist,Line 2,2024-07-15,Team C,22.17,39.65,312,52.7,8.73,99.01,7.08,149.7,85.47,92.13,Pass,No,None,None,Jul-24,0,0,0,0,0,0,0
B002544,Antidepressant,Line 2,2025-12-08,Team D,22.03,45.03,327,51,6.23,98.3,6.75,,87.07,91.65,Pass,No,None,None,Dec-25,0,0,0,0,1,0,1
B002545,GLP-1 Agonist,Line 2,2025-02-10,Team B,21.34,29.77,315,49.2,8.09,99.39,6.71,128.2,80.56,92.72,Pass,No,None,None,Feb-25,0,0,0,0,0,0,0
B002546,GLP-1 Agonist,Line 1,2025-05-11,Team A,20.27,36.92,293,54.4,8.63,99.3,7.19,141.6,86.51,92.41,Pass,No,None,None,May-25,0,0,0,0,0,0,0
B002547,AED,Line 3,2024-12-26,Team D,21.07,45.44,342,43.9,7.56,99.32,6.82,126.8,89.05,92.44,Pass,No,None,None,Dec-24,0,0,0,0,0,0,0
B002548,Antidepressant,Line 2,2025-07-04,Team A,22.9,47.58,332,45.1,7.46,98.71,6.83,123.2,89.84,94.54,Pass,No,None,None,Jul-25,0,0,0,0,0,0,0
B002549,GLP-1 Agonist,Line 3,2024-02-29,Team D,21.34,41,302,46,8.14,99.16,6.76,140.4,83.68,93.43,Failed,No,None,None,Feb-24,0,0,0,0,0,0,0
B002550,GLP-1 Agonist,Line 2,2025-05-08,Team C,21.71,47.29,311,44.2,7.24,99.1,6.98,123.5,86.31,95.95,Pass,No,None,None,May-25,0,0,0,0,0,0,0
B002551,GLP-1 Agonist,Line 1,2024-02-18,team a,20.84,44.34,288,48.5,7.37,98.71,6.92,130.5,84.72,94.77,Pass,No,None,None,Feb-24,0,0,0,0,0,0,0
B002552,GLP-1 Agonist,Line 1,2024-05-11,TEAM D,21.48,37.56,262,41,7.95,99.28,6.85,124,83.04,93.91,Pass,No,None,None,May-24,0,0,0,0,0,0,0
B002553,COX-2 Inhibitor,Line 2,2025-01-05,Team A,21.47,42.3,329,39.8,6.31,99.32,6.74,118.2,87.01,92.87,Pass,No,None,None,Jan-25,0,0,0,0,0,0,0
B002554,AED,Line 1,2024-11-23,Team B,21.87,46.04,328,43.3,6.4,98.47,7.03,121.9,84.92,91.95,Pass,No,None,None,Nov-24,0,0,0,0,0,0,0
B002555,GLP-1 Agonist,Line 2,2024-04-21,Team B,21.78,37.76,301,37.1,7.48,99.11,6.82,,88.4,91.24,Pass,No,None,None,Apr-24,0,0,0,0,1,0,1
B002556,cox-2 inhibitor,Line 3,2025-08-06,Team C,22.74,50.66,338,36,6.6,98.8,6.74,120.2,85.17,108,Pass,No,None,None,Aug-25,0,0,0,0,0,0,0
B002557,Antidepressant,Line 1,2024-08-08,Team C,21.32,36.46,305,40.1,6.27,98.73,6.85,119.7,86.19,97.49,Pass,No,None,None,Aug-24,0,0,0,0,0,0,0
B002558,Antidepressant,Line 1,2025-09-25,Team C,21.74,43.58,285,45.7,7.17,99.19,7.03,127.6,86.19,93.53,Pass,No,None,None,Sep-25,0,0,0,0,0,0,0
B002559,GLP-1 Agonist,Line 3,2024-01-11,Team B,21.9,43.68,326,51.1,8.68,98.82,7.18,132.5,86.54,92.05,Pass,No,None,None,Jan-24,0,0,0,0,0,0,0
B002560,Antidepressant,Line 1,2024-06-22,Team C,21.84,40.43,316,50,7.29,99.52,6.58,123.1,92.68,94.18,Pass,No,None,None,Jun-24,0,0,0,0,0,0,0
B002561,COX-2 Inhibitor,Line 3,2024-08-04,Team A,22.28,40.31,332,42.4,6.52,99.23,6.82,141.8,88.28,93.95,Pass,No,None,None,Aug-24,0,0,0,0,0,0,0
B002562,COX-2 Inhibitor,Line 2,2025-03-11,Team C,23.93,42.62,328,35,6.76,99.34,6.93,110.8,86.98,94.47,Pass,No,None,None,Mar-25,0,0,0,0,0,0,0
B002563,COX-2 Inhibitor,Line 1,2024-10-20,Team A,21.79,47.06,363,37.7,7.16,99.27,6.57,98.8,87.56,96.17,Pass,No,None,None,Oct-24,0,0,0,0,0,0,0
B002564,GLP-1 Agonist,Line 1,2024-04-24,Team A,22.31,37.5,316,46.1,8.95,99.25,7.06,139.7,87.79,96.58,Pass,No,None,None,Apr-24,0,0,0,0,0,0,0
B002565,COX2 Inhibitor,Line 3,2025-02-21,Team C,21.63,37.66,323,42.2,7.89,98.99,6.66,117,84.69,95.69,Failed,No,None,None,Feb-25,0,0,0,0,0,0,0
B002566,GLP-1 Agonist,Line 1,2025-12-01,Team A,21.99,45.75,321,47.3,7.22,,7.02,139.7,88.53,95.83,Pass,No,None,None,Dec-25,0,0,1,0,0,0,1
B002567,Antidepressant,Line 2,2024-04-07,Team D,22.53,44,317,38.5,7.35,99,6.84,123,88.92,91.99,Pass,No,None,None,Apr-24,0,0,0,0,0,0,0
B002568,Antidepressant,Line 1,2024-07-03,Team A,21.62,47.04,309,42,7.14,99.22,6.93,130,87.72,96.23,Pass,No,None,None,Jul-24,0,0,0,0,0,0,0
B002569,COX-2 Inhibitor,Line 1,2024-12-15,Team A,21.59,46.8,335,40.5,6.06,99.21,6.91,118.9,84.84,93.95,Pass,No,None,None,Dec-24,0,0,0,0,0,0,0
B002570,AED,Line 3,2025-06-15,Team D,20.32,54.9,301,40,7.63,98.64,7.23,126.8,89.33,94.99,Pass,No,None,None,Jun-25,0,0,0,0,0,0,0
B002571,Antidepressant,Line 1,2024-04-09,Team A,21.54,47.57,296,43.7,8.12,98.93,6.7,136.6,86.01,96.25,Pass,No,None,None,Apr-24,0,0,0,0,0,0,0
B002572,COX-2 Inhibitor,Line 1,2024-06-17,Team D,,39.38,354,29.3,6.95,99.68,6.58,92,90.9,94.64,Pass,No,None,None,Jun-24,1,0,0,0,0,0,1
B002573,COX-2 Inhibitor,Line 2,2024-06-20,Team B,21.69,45.35,336,44.1,6.26,98.67,6.76,111.5,87.26,93.3,Pass,No,None,None,Jun-24,0,0,0,0,0,0,0
B002574,AED,Line 3,2025-03-26,Team D,21.87,41.21,326,49.4,7.81,99.18,7.08,128.1,82.12,92.62,Pass,No,None,None,Mar-25,0,0,0,0,0,0,0
B002575,GLP-1 Agonist,Line1,2024-03-01,Team D,20.39,37.73,305,57,8.38,99.35,6.61,129,83.88,91.73,Pass,No,None,None,Mar-24,0,0,0,0,0,0,0
B002576,COX-2 Inhibitor,Line 1,2025-04-26,Team A,22.32,35.94,350,30.9,5.4,99.44,6.54,108.7,87.62,95.09,Pass,No,None,None,Apr-25,0,0,0,0,0,0,0
B002577,COX-2 Inhibitor,Line3,2024-11-07,Team B,21.64,41.57,303,45.7,6.29,99.73,6.51,120.6,85.57,94.05,Pass,No,None,None,Nov-24,0,0,0,0,0,0,0
B002578,AED,Line 3,2024-08-28,Team C,21.74,46.73,299,51.6,7.97,99.16,6.81,145.8,86.16,94.38,Pass,No,None,None,Aug-24,0,0,0,0,0,0,0
B002579,Antidepressant,Line 3,2025-09-22,Team D,21.62,41.67,330,41.5,7.42,99.19,6.91,126.3,89.04,96.23,Pass,No,None,None,Sep-25,0,0,0,0,0,0,0
B002580,AED,Line 3,2025-08-21,Team A,20.91,38.5,292,43.4,6.58,98.91,6.78,129.4,86.64,92.7,Pass,No,None,None,Aug-25,0,0,0,0,0,0,0
B002580,AED,Line 3,2025-08-21,Team A,20.91,38.5,292,43.4,6.58,98.91,6.78,129.4,86.64,92.7,Pass,No,None,None,Aug-25,0,0,0,0,0,0,0
B002581,Antidepressant,Line 3,2025-08-09,Team A,21.51,34.38,327,36.5,7.37,99.3,6.41,120.2,86.44,94.02,Pass,No,None,None,Aug-25,0,0,0,0,0,0,0
B002582,AED,Line 2,2025-10-09,Team B,21.1,54.56,290,36.6,7.6,99.01,7.07,115.9,86.79,93.27,Pass,No,None,None,Oct-25,0,0,0,0,0,0,0
B002583,Antidepressant,Line 1,2024-06-19,Team A,21.01,43.63,320,37.9,6.74,99.1,7.07,130.1,87.28,94.15,Pass,No,None,None,Jun-24,0,0,0,0,0,0,0
B002584,Antidepressant,Line 3,2025-09-17,Team B,22.81,37.88,349,35.6,7.16,98.9,6.52,133.8,83.85,94.4,Pass,No,None,None,Sep-25,0,0,0,0,0,0,0
B002585,antidepressant,line 3,2024-05-08,Team A,21.73,44.31,334,52.3,8.02,98.7,6.9,123.7,85.71,93.17,Pass,No,None,None,May-24,0,0,0,0,0,0,0
B002586,GLP-1 Agonist,Line 3,2024-08-29,team d,19.85,50.95,267,41.2,8.15,98.84,7.32,150.2,82.95,91.39,Failed,No,None,None,Aug-24,0,0,0,0,0,0,0
B002587,GLP-1 Agonist,Line 2,2025-02-10,Team D,21.03,43.1,315,48.8,6.91,98.48,7.01,133.7,85.72,93.23,Pass,No,None,None,Feb-25,0,0,0,0,0,0,0
B002588,Antidepressant,Line 1,2025-06-28,Team A,22.69,28.06,353,43.4,6.55,99.16,6.82,119.2,84.54,94.35,Pass,No,None,None,Jun-25,0,0,0,0,0,0,0
B002589,GLP-1 Agonist,Line 2,2025-02-26,Team C,20.93,53.26,350,50,7.65,98.06,7.09,144.8,82.69,92.32,Pass,No,None,None,Feb-25,0,0,0,0,0,0,0
B002590,GLP-1 Agonist,Line 2,2025-02-12,Team C,22.62,30.75,309,50.4,7.41,99.27,7,146,86.73,92.98,Pass,No,None,None,Feb-25,0,0,0,0,0,0,0
B002591,COX-2 Inhibitor,Line 2,2024-10-02,Team C,21.86,41.97,315,43.2,7.59,99.51,6.84,122.2,87.82,92.79,Pass,No,None,None,Oct-24,0,0,0,0,0,0,0
B002592,AED,Line 3,2025-03-09,Team D,22.18,38.33,323,44,7.97,99.04,6.84,128.6,82.42,94.34,Pass,No,None,None,Mar-25,0,0,0,0,0,0,0
B002593,COX-2 Inhibitor,Line 2,2024-12-13,Team C,,39.3,369,38.5,6.01,99.7,6.48,130.1,87.38,96.74,Pass,No,None,None,Dec-24,1,0,0,0,0,0,1
B002594,Antidepressant,Line 1,2024-12-14,Team C,22.34,43.42,317,40.4,6.83,99.45,6.7,118.3,88.87,94.75,Pass,No,None,None,Dec-24,0,0,0,0,0,0,0
B002595,GLP-1 Agonist,Line 2,2025-03-04,Team A,20.47,29.64,319,55.2,8.67,99.24,6.53,143.6,83.05,93.33,Pass,Yes,Documentation,Major,Mar-25,0,0,0,0,0,0,0
B002596,AED,Line 2,2025-03-14,Team A,21.09,43.55,300,56.5,7.35,98.95,6.99,154.5,83.87,92.33,Pass,No,None,None,Mar-25,0,0,0,0,0,0,0
B002597,Antidepressant,Line 3,2024-08-29,Team C,22.88,47.74,327,36.9,7.64,98.86,6.94,111.8,88.85,92.36,Pass,No,None,None,Aug-24,0,0,0,0,0,0,0
B002598,GLP-1 Agonist,Line 2,2024-04-09,Team D,20.9,35.78,255,36.8,8.17,99.16,6.92,127.3,87.81,93.83,Pass,No,None,None,Apr-24,0,0,0,0,0,0,0
B002599,AED,Line 2,2024-08-06,Team B,22.53,37.05,298,48.1,8.08,99,6.81,142.6,83.95,90.9,Pass,No,None,None,Aug-24,0,0,0,0,0,0,0
B002600,AED,Line 2,2024-10-25,Team C,21.48,43.3,315,50.9,7.61,99.13,7.08,140.1,85.69,93.17,Pass,No,None,None,Oct-24,0,0,0,0,0,0,0
B002601,GLP-1 Agonist,Line 2,2024-04-27,Team A,21.61,38.31,293,58.8,8.86,99.12,6.98,154.8,83.13,90.71,Pass,Yes,Documentation,Major,Apr-24,0,0,0,0,0,0,0
B002602,COX-2 Inhibitor,Line 1,2024-05-09,Team B,21.46,40.02,317,42.1,6.45,99.18,6.6,108.9,92.06,96.6,Pass,No,None,None,May-24,0,0,0,0,0,0,0
B002603,GLP-1 Agonist,Line 3,2025-11-26,Team D,21.04,34.06,291,56.2,9.8,99.31,6.9,149,83.7,92.04,Pass,No,None,None,Nov-25,0,0,0,0,0,0,0
B002604,COX-2 Inhibitor,Line 3,2024-07-23,Team C,21.84,45.6,346,48.6,7.45,99.05,7,125.3,86.78,95.97,Pass,No,None,None,Jul-24,0,0,0,0,0,0,0
B002605,Antidepressant,Line 2,2025-06-24,TEAM A,22.17,44.98,318,49.1,7.88,99.04,6.92,151.6,87,93.5,Pass,No,None,None,Jun-25,0,0,0,0,0,0,0
B002606,Antidepressant,Line 2,2024-04-03,Team D,22.07,36.67,321,46.8,6.97,98.89,6.67,136.9,86.12,92.99,Pass,No,None,None,Apr-24,0,0,0,0,0,0,0
B002607,COX-2 Inhibitor,Line1,2025-12-11,Team D,22.85,38.36,353,29.9,6.59,99.16,6.64,112.2,88.87,92.09,Pass,No,None,None,Dec-25,0,0,0,0,0,0,0
B002608,Antidepressant,Line 2,2024-06-04,team b,21.63,42.68,314,42,7.3,99.69,6.87,128.7,88.72,96.01,Pass,No,None,None,Jun-24,0,0,0,0,0,0,0
B002609,COX-2 Inhibitor,Line 2,2024-10-14,Team B,21.8,38.18,364,39.7,6.15,98.99,6.59,120.8,89.43,93.99,Pass,No,None,None,Oct-24,0,0,0,0,0,0,0
B002610,GLP-1 Agonist,line 3,2025-07-25,Team C,21.64,40.89,282,48,7.62,99.01,6.92,146.7,89.99,92.75,Pass,Yes,Equipment,Minor,Jul-25,0,0,0,0,0,0,0
B002611,AED,Line 1,2024-05-27,Team D,21.03,51.34,350,44.8,7.18,98.76,7.04,122.1,88.67,95.88,Pass,No,None,None,May-24,0,0,0,0,0,0,0
B002612,AED,Line 3,2025-02-05,Team B,22.61,43.7,335,55.1,8.61,98.3,7.11,151.8,86.25,93.36,Pass,No,None,None,Feb-25,0,0,0,0,0,0,0
B002613,GLP-1 Agonist,Line 1,2025-07-28,Team A,21.41,33.93,294,42.8,6.61,99.19,6.97,45,88.51,92.17,Pass,No,None,None,Jul-25,0,0,0,0,0,0,0
B002614,COX-2 Inhibitor,Line 2,2024-01-18,Team A,22.26,44.96,335,42.4,6.55,98.98,6.7,124.1,86.39,93.92,Pass,Yes,Environmental,Minor,Jan-24,0,0,0,0,0,0,0
B002615,Antidepressant,Line 2,2024-01-19,Team D,22.35,41.11,324,43.7,7.78,99.18,6.89,120,84.62,92.4,Pass,No,None,None,Jan-24,0,0,0,0,0,0,0
B002616,GLP-1 Agonist,Line 1,2025-07-30,Team D,21.44,39.25,311,42.3,6.92,99.23,6.96,134.4,84.82,90.41,Pass,No,None,None,Jul-25,0,0,0,0,0,0,0
B002617,Antidepressant,Line 2,2024-07-11,Team D,20.76,44.38,340,36.1,7.48,99.14,6.88,130.9,90.28,94.55,Pass,No,None,None,Jul-24,0,0,0,0,0,0,0
B002618,AED,Line 3,2025-10-26,Team A,21,47.46,291,36.1,6.72,99,7.01,110.8,91.12,93.37,Pass,No,None,None,Oct-25,0,0,0,0,0,0,0
B002619,AED,Line 2,2025-11-08,Team A,22.59,44.18,323,46.7,6.85,98.69,6.68,130.8,88.01,94.34,Pass,No,None,None,Nov-25,0,0,0,0,0,0,0
B002620,AED,Line 1,2025-10-05,Team B,21.86,43.7,277,43.7,7.17,99.18,6.56,116.1,86.88,94.49,Pass,No,None,None,Oct-25,0,0,0,0,0,0,0
B002621,AED,Line 2,2025-12-29,Team A,20.54,54.32,312,39.5,8.14,98.78,7.11,124.8,91.39,92.42,Pass,No,None,None,Dec-25,0,0,0,0,0,0,0
B002622,AED,Line 1,2025-08-24,Team B,22.06,50,341,33.7,6.55,98.32,6.92,109.1,88.06,94.17,Pass,No,None,None,Aug-25,0,0,0,0,0,0,0
B002623,Antidepressant,Line 2,2024-10-07,Team C,21.58,46.17,294,44.4,6.13,99.26,6.67,129.3,84.75,92.23,Pass,No,None,None,Oct-24,0,0,0,0,0,0,0
B002624,AED,Line 2,2025-12-26,Team B,21.14,44.66,286,43,6.46,99.28,6.84,126,87.61,93.35,Pass,No,None,None,Dec-25,0,0,0,0,0,0,0
B002625,COX-2 Inhibitor,Line 1,2024-09-09,Team A,21.64,37.97,344,34.1,6.98,99.68,6.75,122,92.55,94.98,Pass,No,None,None,Sep-24,0,0,0,0,0,0,0
B002626,GLP-1 Agonist,Line 2,2025-03-04,Team B,22.25,45.64,325,42.7,6.87,99.43,7.1,146.5,84.8,92.59,Pass,No,None,None,Mar-25,0,0,0,0,0,0,0
B002627,COX-2 Inhibitor,Line 3,2024-01-05,Team C,21.03,43.72,346,38.2,7.61,99.38,6.82,120.6,84.62,94.91,Pass,No,None,None,Jan-24,0,0,0,0,0,0,0
B002628,GLP-1 Agonist,Line 3,2025-12-04,Team C,20.87,37.11,266,51.1,8.3,99.11,6.98,150.6,84.93,92.09,Pass,No,None,None,Dec-25,0,0,0,0,0,0,0
B002629,GLP-1 Agonist,Line 1,2025-03-08,Team B,21.59,38.78,270,46.2,7.72,99.26,6.84,149.2,88.02,94.11,Pass,No,None,None,Mar-25,0,0,0,0,0,0,0
B002630,Antidepressant,Line 1,2025-11-24,Team B,23.18,37.17,322,34.5,6.9,98.89,6.82,111.4,82.83,92.26,Pass,No,None,None,Nov-25,0,0,0,0,0,0,0
B002631,Antidepressant,Line 2,2024-09-14,Team C,22.42,47.29,299,41.7,6.55,98.52,6.95,138.9,89.91,94.49,Pass,No,None,None,Sep-24,0,0,0,0,0,0,0
B002632,GLP-1 Agonist,Line 1,2024-08-16,Team A,20.87,43.42,302,53.8,8.08,98.77,7.01,141.7,81.96,93.26,Pass,No,None,None,Aug-24,0,0,0,0,0,0,0
B002633,AED,Line 2,2025-01-16,Team D,22.95,44.91,319,45.2,6.65,99.27,6.95,122.5,88.25,93.82,Pass,No,None,None,Jan-25,0,0,0,0,0,0,0
B002634,COX-2 Inhibitor,Line 1,2025-09-23,Team D,21.48,42.79,331,37.4,7.32,99.02,6.81,120.2,84.72,95.4,Pass,No,None,None,Sep-25,0,0,0,0,0,0,0
B002635,GLP-1 Agonist,Line 1,2025-02-05,Team A,21.7,36.6,333,46.2,7.17,99.12,6.83,136.1,83.08,93.73,Pass,No,None,None,Feb-25,0,0,0,0,0,0,0
B002636,GLP-1 Agonist,Line 2,2025-08-02,Team D,21.87,29.35,311,42.1,7.84,99.24,6.94,122.4,88.12,90.45,Pass,No,None,None,Aug-25,0,0,0,0,0,0,0
B002637,GLP-1 Agonist,Line 1,2024-06-05,Team A,20.84,32.94,322,42.9,7.05,99.13,6.93,124.5,89.59,90.97,Pass,No,None,None,Jun-24,0,0,0,0,0,0,0
B002638,Antidepressant,LINE 3,2025-07-21,Team B,22.52,38.29,337,33.4,6.75,98.75,6.74,136.1,88.94,93.07,Pass,No,None,None,Jul-25,0,0,0,0,0,0,0
B002639,AED,Line 1,2025-06-19,Team C,21.41,39.54,312,50.5,7.29,99.15,7.05,136.4,91.28,92.8,Pass,No,None,None,Jun-25,0,0,0,0,0,0,0
B002640,Antidepressant,Line 2,2025-10-17,Team B,22.52,,316,43.5,8.69,98.93,6.67,140.6,85.17,93.84,Pass,No,None,None,Oct-25,0,1,0,0,0,0,1
B002641,COX-2 Inhibitor,Line 2,2024-02-12,Team A,21.12,47.06,335,38.5,6.61,99.6,6.72,115.8,86.34,95.8,Pass,No,None,None,Feb-24,0,0,0,0,0,0,0
B002642,COX-2 Inhibitor,Line 3,2024-10-07,Team A,22.75,42.36,352,41.1,6.61,99.46,6.62,115.4,87.17,93.26,Pass,No,None,None,Oct-24,0,0,0,0,0,0,0
B002643,COX-2 Inhibitor,Line 3,2024-03-05,Team C,22.19,50.04,328,41.4,6.82,98.93,6.86,107.6,87.02,91.56,Pass,No,None,None,Mar-24,0,0,0,0,0,0,0
B002644,AED,Line 2,2024-10-19,Team A,22.66,40.09,346,41,6.33,99.49,7.01,137.1,,95.41,Pass,No,None,None,Oct-24,0,0,0,0,0,1,1
B002645,GLP-1 Agonist,Line 2,2025-07-08,Team B,21.47,39.32,287,45.2,7.61,99.03,6.84,140.9,84.57,94.43,Pass,No,None,None,Jul-25,0,0,0,0,0,0,0
B002646,AED,Line 1,2025-04-12,Team B,22.74,43.75,319,42.4,8.23,98.49,7.32,124.5,88.72,95.42,Pass,No,None,None,Apr-25,0,0,0,0,0,0,0
B002647,COX-2 Inhibitor,Line 2,2025-07-04,Team D,22.88,48.46,336,50.8,7.23,99.04,6.72,121,87.59,91.64,Pass,No,None,None,Jul-25,0,0,0,0,0,0,0
B002648,AED,Line 1,2025-06-23,Team D,21.7,44.53,307,49.6,7.96,99.43,6.98,143.4,89.72,93.59,Pass,No,None,None,Jun-25,0,0,0,0,0,0,0
B002649,COX-2 Inhibitor,Line 2,2025-12-26,Team D,23.09,43.67,379,37.9,6.1,98.9,6.73,117.6,87.63,93.77,Pass,No,None,None,Dec-25,0,0,0,0,0,0,0
B002650,AED,Line 1,2025-10-05,Team C,22.4,35.73,307,51.5,7.42,99.07,6.81,133.1,86.57,93.24,Pass,No,None,None,Oct-25,0,0,0,0,0,0,0
B002651,AED,Line 3,2025-03-04,Team C,22.15,39.5,310,53.3,8.05,98.62,,132.8,86.24,92.05,Pass,No,None,None,Mar-25,0,0,0,1,0,0,1
B002652,GLP-1 Agonist,Line 2,2025-10-02,Team B,19.78,45.48,288,39.4,7.1,98.55,7.18,129.5,87.23,90.76,Pass,No,None,None,Oct-25,0,0,0,0,0,0,0
B002653,AED,Line 2,2024-02-05,Team A,21.06,33.62,316,43.8,7.48,98.9,6.67,135.3,86.45,94.59,Pass,No,None,None,Feb-24,0,0,0,0,0,0,0
B002654,COX-2 Inhibitor,Line 2,2025-06-11,Team D,23.54,49.71,338,36.9,6.9,98.68,6.6,105.7,84.36,94.74,Pass,No,None,None,Jun-25,0,0,0,0,0,0,0
B002655,GLP-1 Agonist,Line 1,2025-01-16,Team B,20.56,42.5,280,51.4,8.22,98.76,,141.1,85.58,95.19,Pass,No,None,None,Jan-25,0,0,0,1,0,0,1
B002656,AED,Line 1,2025-11-30,Team B,22.46,40.26,307,42.8,7.14,99.5,7.05,137,88.71,94.21,Pass,No,None,None,Nov-25,0,0,0,0,0,0,0
B002657,GLP-1 Agonist,Line 3,2025-01-03,Team A,22.03,35.84,311,49,8.78,98.95,7.06,140.3,85.1,90.16,Pass,Yes,Process,Major,Jan-25,0,0,0,0,0,0,0
B002658,COX-2 Inhibitor,Line 3,2024-05-10,Team B,21.96,52.48,358,37,6.77,99.23,6.62,129.2,86.87,92.7,Pass,No,None,None,May-24,0,0,0,0,0,0,0
B002659,Antidepressant,Line 1,2025-06-13,Team C,20.5,49.06,320,46.8,6.98,99.34,7,140.4,83.45,96.54,Pass,No,None,None,Jun-25,0,0,0,0,0,0,0
B002660,Antidepressant,Line 3,2025-11-25,Team B,21.57,41.4,321,34.6,7.88,98.77,6.55,130.3,89.74,92.72,Pass,No,None,None,Nov-25,0,0,0,0,0,0,0
B002661,AED,Line 2,2024-01-12,Team C,23.36,44.67,309,42.6,6.61,98.68,6.94,124.7,87.2,94.07,Pass,No,None,None,Jan-24,0,0,0,0,0,0,0
B002662,GLP-1 Agonist,Line 1,2024-02-16,Team A,20.85,36.77,291,37.9,6.51,99.22,6.78,130.6,90.88,91.99,Pass,No,None,None,Feb-24,0,0,0,0,0,0,0
B002663,GLP-1 Agonist,Line 2,2025-04-28,Team A,20.9,40.67,283,41.3,7.09,98.75,,137.6,83.71,93.96,Pass,No,None,None,Apr-25,0,0,0,1,0,0,1
B002664,Antidepressant,Line 1,2025-02-10,TEAM D,21.25,38.63,292,43.7,7.27,99.37,6.82,122,86.65,92.5,Pass,No,None,None,Feb-25,0,0,0,0,0,0,0
B002665,GLP-1 Agonist,Line 1,2025-02-05,Team B,22.41,39.61,287,49.8,8.57,99.4,7.08,134.8,82.76,95.01,Pass,No,None,None,Feb-25,0,0,0,0,0,0,0
B002666,AED,Line 3,2024-03-06,Team B,21.62,53.05,331,44.8,7.28,98.4,7.03,127.2,88.7,95.38,Pass,No,None,None,Mar-24,0,0,0,0,0,0,0
B002667,AED,Line 1,2025-02-22,Team B,21.33,43.52,307,51.2,8.51,98.89,6.9,157.2,88.61,93.41,Pass,No,None,None,Feb-25,0,0,0,0,0,0,0
B002668,Antidepressant,Line 3,2025-02-19,TEAM C,23.06,36.76,314,50.9,7.68,99.06,6.54,131.2,90.02,93.31,Pass,No,None,None,Feb-25,0,0,0,0,0,0,0
B002669,COX-2 Inhibitor,Line 2,2025-09-12,Team C,22.93,36.17,333,36.6,6.49,99.1,6.49,127.9,,94.54,Pass,No,None,None,Sep-25,0,0,0,0,0,1,1
B002670,GLP-1 Agonist,Line 3,2024-10-12,Team B,20.81,40.64,322,50.9,7.78,98.74,7.09,134.6,86.62,90.82,Pass,No,None,None,Oct-24,0,0,0,0,0,0,0
B002671,COX-2 Inhibitor,Line 2,2024-09-11,Team D,21.58,39.2,323,35.5,7.59,99.1,6.7,132.8,90.11,95.46,Pass,No,None,None,Sep-24,0,0,0,0,0,0,0
B002672,GLP-1 Agonist,Line 3,2024-02-29,Team D,22.37,41.23,305,52.9,8.24,98.86,7,140.5,85.77,92.66,Pass,No,None,None,Feb-24,0,0,0,0,0,0,0
B002673,GLP-1 Agonist,Line 2,2025-02-18,Team A,21.51,31.9,299,41.4,6.84,99.09,7,135.1,86.99,92.66,Pass,No,None,None,Feb-25,0,0,0,0,0,0,0
B002674,GLP-1 Agonist,Line 2,2025-04-18,Team C,20.34,43.45,301,57.9,9.5,99.17,6.87,129.6,85.28,92.29,Pass,Yes,Environmental,Major,Apr-25,0,0,0,0,0,0,0
B002675,COX-2 Inhibitor,Line 2,2024-07-24,Team D,21.16,37.7,344,44.3,7.04,99.26,6.72,133.6,92.28,93.41,Pass,No,None,None,Jul-24,0,0,0,0,0,0,0
B002676,GLP-1 Agonist,Line 3,2025-06-18,Team B,20.66,40.23,301,41.9,8.38,99.24,6.83,148.1,86.98,93.9,Pass,No,None,None,Jun-25,0,0,0,0,0,0,0
B002677,GLP-1 Agonist,Line 1,2025-11-16,Team A,20.57,38.31,314,42.7,8.54,98.83,7.12,123.6,87.01,92.85,Pass,No,None,None,Nov-25,0,0,0,0,0,0,0
B002678,AED,Line 2,2024-05-07,Team A,20.27,52.59,314,47.3,7.72,98.53,7.12,143.4,86.72,94.44,Pass,No,None,None,May-24,0,0,0,0,0,0,0
B002679,COX-2 Inhibitor,Line 3,2025-02-22,Team C,21.68,43.86,371,37.6,7.47,99.06,6.84,108.1,88.14,94.57,Pass,No,None,None,Feb-25,0,0,0,0,0,0,0
B002680,GLP-1 Agonist,Line 2,2025-05-22,Team D,20.81,49.73,301,50,7.9,98.93,7.03,146.3,85.88,94.39,Pass,No,None,None,May-25,0,0,0,0,0,0,0
B002681,AED,Line 3,2024-01-14,Team A,21.45,,284,44.5,8.04,99.15,7.23,129.5,86.08,93.99,Pass,No,None,None,Jan-24,0,1,0,0,0,0,1
B002682,AED,Line 2,2024-05-10,Team C,23.07,51.13,326,53.4,7.57,99.23,7.28,149.1,87.71,92.61,Pass,No,None,None,May-24,0,0,0,0,0,0,0
B002683,Antidepressant,Line 1,2024-10-16,Team B,21.8,40.96,327,42,6.99,99.2,6.84,127.3,90.29,96.4,Pass,No,None,None,Oct-24,0,0,0,0,0,0,0
B002684,COX-2 Inhibitor,Line 2,2024-04-10,Team B,22.37,44.73,341,51.3,7.13,99.34,6.88,136.9,91.07,90.87,Pass,No,None,None,Apr-24,0,0,0,0,0,0,0
B002685,GLP-1 Agonist,Line 2,2024-09-16,Team C,21.88,46.09,295,51.3,7.7,99.21,7.03,152.7,85.05,92.6,Pass,No,None,None,Sep-24,0,0,0,0,0,0,0
B002686,COX-2 Inhibitor,Line 1,2024-04-17,Team D,22.32,47.52,302,30.6,6.62,98.89,6.63,110.2,90.97,93.47,Pass,No,None,None,Apr-24,0,0,0,0,0,0,0
B002687,Antidepressant,Line 1,2025-10-17,Team A,22.3,44.65,285,52.5,7.64,98.99,6.94,132.1,86.66,93.54,Pass,No,None,None,Oct-25,0,0,0,0,0,0,0
B002688,COX-2 Inhibitor,Line 1,2025-03-13,Team A,22.71,41.36,370,44,7.26,99.97,6.58,112.2,88.35,94.78,Pass,No,None,None,Mar-25,0,0,0,0,0,0,0
B002689,Antidepressant,Line 3,2024-08-28,Team B,22.09,41.21,309,45.6,7.83,99.31,6.95,127.2,89.24,93.82,Pass,No,None,None,Aug-24,0,0,0,0,0,0,0
B002690,GLP-1 Agonist,Line 3,2025-07-23,Team B,23.57,45.69,317,52.1,9.39,98.91,7.18,160.6,81.09,91.72,Pass,Yes,Material,Minor,Jul-25,0,0,0,0,0,0,0
B002691,AED,Line 2,2024-01-14,Team C,22.48,50.73,286,38.5,7.65,99.09,7.06,133.4,,93.01,Pass,No,None,None,Jan-24,0,0,0,0,0,1,1
B002692,GLP-1 Agonist,Line 1,2025-03-12,Team C,20.69,37.04,281,38.1,7.34,98.63,6.95,121.7,92.18,92.37,Pass,No,None,None,Mar-25,0,0,0,0,0,0,0
B002693,AED,Line 2,2025-05-14,Team A,22.08,40.28,327,43.8,7.51,98.82,6.99,145,89.92,93.8,Failed,Yes,Process,Minor,May-25,0,0,0,0,0,0,0
B002694,AED,Line 3,2025-08-14,Team B,21.21,39.48,313,53.1,8.71,98.74,6.9,141.6,87.69,93.79,Pass,No,None,None,Aug-25,0,0,0,0,0,0,0
B002695,AED,Line 3,2024-06-11,Team C,22.13,48.15,325,48.7,7.26,98.99,6.94,,87.59,93.99,Pass,No,None,None,Jun-24,0,0,0,0,1,0,1
B002696,Antidepressant,Line 1,2025-03-08,Team B,20.97,37.35,320,51.4,8.44,99.09,6.55,136,85,93.34,Pass,Yes,Process,Minor,Mar-25,0,0,0,0,0,0,0
B002697,AED,Line 1,2025-07-15,Team C,20.97,,311,51.3,7.09,98.96,7.11,138.2,84.22,90.66,Pass,No,None,None,Jul-25,0,1,0,0,0,0,1
B002698,Antidepressant,Line 3,2025-08-05,Team B,22.26,44.73,308,42.6,7.87,98.93,6.88,109.8,85.66,94.11,Pass,No,None,None,Aug-25,0,0,0,0,0,0,0
B002699,GLP-1 Agonist,Line 3,2024-05-08,Team B,22.25,37.27,279,56,8.43,98.47,7.26,156,81.45,92.56,Pass,No,None,None,May-24,0,0,0,0,0,0,0
B002700,AED,Line 1,2025-12-14,Team A,22.18,51.82,340,52.4,7.53,99.1,7.04,114.9,87.76,92.85,Pass,No,None,None,Dec-25,0,0,0,0,0,0,0
B002701,COX-2 Inhibitor,Line 3,2024-07-19,Team A,23.14,35.69,368,39.1,6.27,98.74,6.64,130.3,91.44,95.12,Pass,No,None,None,Jul-24,0,0,0,0,0,0,0
B002702,GLP-1 Agonist,Line 1,2024-10-12,Team A,21.78,48.3,281,46.8,8.26,98.61,7.13,138.1,87.17,93.33,Pass,No,None,None,Oct-24,0,0,0,0,0,0,0
B002703,GLP-1 Agonist,Line 1,2024-05-20,Team C,21.63,41.59,280,48.8,7.12,98.55,7.07,146.1,87.63,93.91,Failed,No,None,None,May-24,0,0,0,0,0,0,0
B002704,AED,Line 3,2024-04-19,Team A,21.42,33.63,309,33.2,6.44,98.86,6.66,125.6,89.16,93.45,Pass,No,None,None,Apr-24,0,0,0,0,0,0,0
B002705,COX2 Inhibitor,Line 2,2024-07-05,Team C,23.11,50.96,346,39.5,7.29,99.08,6.83,129.7,89.67,95.84,Pass,No,None,None,Jul-24,0,0,0,0,0,0,0
B002706,GLP-1 Agonist,Line 2,2024-04-08,Team D,22.27,44.86,297,52,8.92,,7.14,142.1,80.33,91.33,Pass,No,None,None,Apr-24,0,0,1,0,0,0,1
B002707,AED,Line 3,2025-06-19,Team C,21.75,41.86,324,46.3,7.33,98.54,6.86,135.8,86.86,91.81,Pass,No,None,None,Jun-25,0,0,0,0,0,0,0
B002708,Antidepressant,Line 3,2025-03-12,Team C,21.91,,319,45.4,8.02,98.98,6.82,133.4,85.85,94.34,Pass,No,None,None,Mar-25,0,1,0,0,0,0,1
B002709,Antidepressant,Line 1,2024-10-12,Team A,23.19,34.15,318,41.8,7.43,98.7,6.69,141.7,87.95,96.3,Pass,No,None,None,Oct-24,0,0,0,0,0,0,0
B002710,COX-2 Inhibitor,Line2,2025-02-03,Team B,22.48,55.08,383,27,6.17,98.8,6.94,116.9,91.17,91.36,Pass,No,None,None,Feb-25,0,0,0,0,0,0,0
B002711,AED,Line 3,2025-03-17,Team D,21.86,39.38,306,55.6,8.76,99.03,7,128,82.91,91.81,Pass,No,None,None,Mar-25,0,0,0,0,0,0,0
B002712,Antidepressant,Line 2,2024-05-14,Team B,22.36,35.68,350,40,6.84,99.38,6.68,119.7,85.7,97.11,Pass,No,None,None,May-24,0,0,0,0,0,0,0
B002713,Antidepressant,Line 3,2024-08-05,Team D,21.93,43.34,346,40.1,7.57,98.45,6.65,131.5,86.1,93.82,Pass,No,None,None,Aug-24,0,0,0,0,0,0,0
B002714,Antidepressant,Line 3,2025-10-06,Team C,21.38,33.81,329,50,6.94,99.36,6.65,144.3,82.78,95.92,Pass,No,None,None,Oct-25,0,0,0,0,0,0,0
B002715,AED,Line 1,2024-01-09,Team B,22.08,39.09,280,50.4,6.82,98.77,6.76,127.3,83.49,92.6,Pass,No,None,None,Jan-24,0,0,0,0,0,0,0
B002716,Antidepressant,Line 1,2025-11-30,Team A,21.97,46.97,321,42.5,7.66,98.69,6.62,145.5,85.67,94.17,Pass,No,None,None,Nov-25,0,0,0,0,0,0,0
B002717,GLP-1 Agonist,Line 3,2025-12-05,Team A,22.88,42.32,291,52.7,8.62,,6.99,145.3,81.39,91.6,Pass,No,None,None,Dec-25,0,0,1,0,0,0,1
B002718,AED,Line 3,2024-07-04,Team B,22.39,42.07,315,40.1,7.4,99.13,6.92,132.8,88.44,91.63,Pass,No,None,None,Jul-24,0,0,0,0,0,0,0
B002719,Antidepressant,Line 1,2024-08-22,Team B,21.55,42.09,301,41.6,8.03,99.08,6.92,113.4,86.1,92.99,Pass,No,None,None,Aug-24,0,0,0,0,0,0,0
B002720,COX-2 Inhibitor,Line 1,2024-05-31,Team C,23.05,40.79,354,45.1,7.89,98.89,6.55,133,83.62,93.95,Pass,No,None,None,May-24,0,0,0,0,0,0,0
B002721,GLP-1 Agonist,Line 3,2025-02-13,Team C,21.73,39.69,318,45.8,8.31,98.88,6.98,,84.92,93.01,Pass,Yes,Process,Minor,Feb-25,0,0,0,0,1,0,1
B002722,AED,Line 1,2024-06-05,Team B,22.78,40.19,336,39.5,6.31,98.8,7.01,119.4,85.54,92.7,Pass,No,None,None,Jun-24,0,0,0,0,0,0,0
B002723,GLP-1 Agonist,Line 1,2025-07-31,Team C,21.11,37.1,293,47.4,7.72,99.16,6.86,134.7,89.31,93.14,Pass,No,None,None,Jul-25,0,0,0,0,0,0,0
B002724,GLP-1 Agonist,Line 3,2024-10-10,Team D,21.64,36.95,281,50.1,7.76,99.25,6.99,154.3,85.32,94.56,Pass,No,None,None,Oct-24,0,0,0,0,0,0,0
B002725,Antidepressant,Line 3,2025-12-08,Team C,21.93,38.37,326,46.1,7.54,99.4,6.94,134.4,83.43,94.83,Pass,Yes,Process,Minor,Dec-25,0,0,0,0,0,0,0
B002726,COX-2 Inhibitor,Line 3,2025-09-15,Team D,22.54,48.22,372,30.9,6.19,99.05,6.57,107.4,90.93,93.4,Pass,No,None,None,Sep-25,0,0,0,0,0,0,0
B002727,AED,Line 2,2024-10-20,Team B,21.14,47.85,316,31,6.15,99.23,7.02,116.6,89.41,92.22,Failed,No,None,None,Oct-24,0,0,0,0,0,0,0
B002728,Antidepressant,Line 1,2025-03-11,Team D,22.43,,328,47.1,5.93,98.87,6.87,141.2,86.56,92.21,Pass,No,None,None,Mar-25,0,1,0,0,0,0,1
B002729,GLP-1 Agonist,Line 3,2024-01-18,TEAM B,21.81,34.03,296,43.5,8.09,99.49,6.84,135.2,89.67,92.78,Pass,No,None,None,Jan-24,0,0,0,0,0,0,0
B002730,AED,Line 1,2024-02-19,Team A,22.76,43.21,306,41.6,5.92,98.68,7.08,132.7,85.46,93.82,Pass,No,None,None,Feb-24,0,0,0,0,0,0,0
B002731,Antidepressant,LINE 1,2025-01-04,Team A,21.99,52.78,332,30,6.4,98.37,7.04,123.8,92.44,92.41,Pass,No,None,None,Jan-25,0,0,0,0,0,0,0
B002732,GLP-1 Agonist,Line 3,2024-12-11,Team A,21.19,34.86,298,55.1,8.78,99.37,7.11,114.6,83.22,92.02,Failed,No,None,None,Dec-24,0,0,0,0,0,0,0
B002733,COX-2 Inhibitor,Line 3,2024-10-18,Team D,23.09,42.19,347,41.4,6.67,98.93,,134.2,87.74,94.2,Pass,Yes,Equipment,Minor,Oct-24,0,0,0,1,0,0,1
B002734,GLP-1 Agonist,Line 3,2024-03-07,Team A,20.9,40.44,309,51.2,7.67,98.95,7.2,135,83.17,91.17,Pass,No,None,None,Mar-24,0,0,0,0,0,0,0
B002735,Antidepressant,Line 1,2025-09-05,Team D,22.81,41.46,326,42.7,6.99,98.8,6.83,122.2,86.37,96.82,Pass,No,None,None,Sep-25,0,0,0,0,0,0,0
B002736,GLP-1 Agonist,Line 3,2024-10-23,Team D,22.31,37.71,310,38.2,7.35,,6.77,147.4,86.21,92.59,Pass,No,None,None,Oct-24,0,0,1,0,0,0,1
B002737,Antidepressant,Line 2,2024-12-09,Team B,22.94,47.78,305,36.6,6.91,99.48,6.81,135.4,84.49,93.32,Pass,No,None,None,Dec-24,0,0,0,0,0,0,0
B002738,GLP-1 Agonist,Line 2,2024-10-21,Team D,21.78,42.27,284,45.5,7.14,99.32,7.13,141.9,86.91,91.07,Pass,No,None,None,Oct-24,0,0,0,0,0,0,0
B002739,COX-2 Inhibitor,Line 3,2024-12-29,Team D,22.14,47.23,339,35.4,6.8,99.11,6.9,125.1,89.12,91.67,Pass,No,None,None,Dec-24,0,0,0,0,0,0,0
B002740,COX-2 Inhibitor,line 2,2025-04-18,Team D,22.58,45.95,340,36.5,6.36,99.38,6.72,127,85.67,97.27,Pass,No,None,None,Apr-25,0,0,0,0,0,0,0
B002741,Antidepressant,Line 3,2025-07-12,Team B,22.29,46.47,311,43.9,7.41,98.97,7.08,141.6,88.52,93.94,Pass,No,None,None,Jul-25,0,0,0,0,0,0,0
B002742,AED,line 2,2025-02-05,Team B,21.38,51.92,319,50.5,8.39,99.16,7.01,149.1,88.91,94.13,Pass,No,None,None,Feb-25,0,0,0,0,0,0,0
B002743,Antidepressant,Line 3,2024-05-01,Team A,23,48.66,336,35.4,7.23,98.82,6.96,123.7,87.13,92.17,Pass,No,None,None,May-24,0,0,0,0,0,0,0
B002744,COX-2 Inhibitor,Line 3,2025-10-01,Team D,22.94,54.62,361,38.5,7.24,99.39,6.94,114.1,86.59,94.53,Pass,No,None,None,Oct-25,0,0,0,0,0,0,0
B002745,GLP-1 Agonist,Line 3,2024-07-27,Team D,20.83,46.09,325,53.4,8,98.7,6.9,141.9,86.88,92,Pass,No,None,None,Jul-24,0,0,0,0,0,0,0
B002746,AED,Line 1,2024-01-12,Team C,23.21,40.65,291,39.9,7.24,98.89,6.87,127.6,88.8,93.85,Pass,No,None,None,Jan-24,0,0,0,0,0,0,0
B002747,Antidepressant,Line 1,2024-01-29,Team A,22.07,46.24,299,40.9,6.81,98.9,7.15,123.8,87.89,94.91,Pass,No,None,None,Jan-24,0,0,0,0,0,0,0
B002748,Antidepressant,Line 3,2025-07-19,Team D,21.18,45.55,315,45.1,7.47,99.09,6.74,120.4,88.64,92.86,Pass,No,None,None,Jul-25,0,0,0,0,0,0,0
B002749,GLP-1 Agonist,Line 3,2024-10-09,Team B,20.88,49.6,301,49.6,8.56,98.67,7.19,145.4,85.72,91.92,Pass,No,None,None,Oct-24,0,0,0,0,0,0,0
B002750,Antidepressant,Line 3,2024-01-17,Team C,23.12,37.16,316,47.2,7.26,99.25,6.59,116.9,89.61,93.41,Pass,No,None,None,Jan-24,0,0,0,0,0,0,0
B002751,Antidepressant,Line 1,2025-08-16,Team C,23.37,44.79,310,41.5,6.76,98.89,6.73,125.4,88.05,92.88,Pass,No,None,None,Aug-25,0,0,0,0,0,0,0
B002752,COX-2 Inhibitor,Line 2,2024-08-10,Team A,23.26,39.59,335,36.3,6.27,99.41,6.49,119.3,89.95,93.97,Pass,No,None,None,Aug-24,0,0,0,0,0,0,0
B002753,AED,Line 3,2025-12-15,Team A,22.79,46.56,324,39.1,7.16,99.3,7.08,129.3,89.89,92.71,Pass,No,None,None,Dec-25,0,0,0,0,0,0,0
B002754,Antidepressant,Line 3,2025-10-05,Team A,22.91,40.93,296,43.9,7.51,99.08,6.68,136.4,81.68,94.58,Pass,No,None,None,Oct-25,0,0,0,0,0,0,0
B002755,AED,Line 1,2024-02-05,Team D,22.22,46.4,357,45.5,7.12,,7.12,136.9,89.4,96.14,Pass,No,None,None,Feb-24,0,0,1,0,0,0,1
B002756,AED,Line 2,2025-05-19,Team D,22.05,36.95,315,38.5,7.9,99.37,6.76,146.7,86.75,92.53,Pass,No,None,None,May-25,0,0,0,0,0,0,0
B002757,AED,Line 1,2025-03-16,Team B,22.2,47.97,334,48.2,8.89,99.5,7,127.6,87.52,93.98,Pass,No,None,None,Mar-25,0,0,0,0,0,0,0
B002758,COX-2 Inhibitor,Line 2,2024-05-05,Team B,23.05,44.03,330,45,6.53,99.11,6.78,126.6,91.11,91.84,Pass,No,None,None,May-24,0,0,0,0,0,0,0
B002759,COX-2 Inhibitor,Line 1,2024-09-07,Team B,21.94,43.76,350,34.4,6.63,98.71,6.53,117.4,88.98,95.25,Pass,No,None,None,Sep-24,0,0,0,0,0,0,0
B002760,GLP-1 Agonist,Line 1,2024-12-24,Team B,22.05,49.75,302,44,8.23,98.58,7.14,136.7,85.72,92.05,Pass,No,None,None,Dec-24,0,0,0,0,0,0,0
B002761,COX-2 Inhibitor,Line 1,2024-04-16,Team C,23.59,41.09,355,33.8,6.31,99,6.73,103.7,89.64,94.37,Pass,No,None,None,Apr-24,0,0,0,0,0,0,0
B002762,AED,Line 3,2025-06-11,Team B,21.65,45.71,311,36.3,6.8,98.65,7.09,115.6,84.78,92.95,Pass,No,None,None,Jun-25,0,0,0,0,0,0,0
B002763,Antidepressant,Line 3,2024-07-21,Team C,21.77,42.5,348,54.5,8.74,98.45,6.69,,89.98,92.79,Pass,No,None,None,Jul-24,0,0,0,0,1,0,1
B002764,GLP1 Agonist,Line 3,2025-11-16,Team B,21.86,40.99,273,46,8.46,99.17,6.89,124.8,85.66,91.25,Pass,Yes,Process,Minor,Nov-25,0,0,0,0,0,0,0
B002765,Antidepressant,Line2,2025-08-09,Team C,21.51,53.11,337,36.3,6.98,98.41,7.05,119.2,92.35,94.61,Pass,No,None,None,Aug-25,0,0,0,0,0,0,0
B002766,AED,Line 2,2025-04-08,Team D,20.81,44.32,317,38.8,7.88,99.24,7.1,121,87.08,93.08,Pass,No,None,None,Apr-25,0,0,0,0,0,0,0
B002767,GLP-1 agonist,Line 2,2024-03-28,Team A,22.36,37.16,282,45.9,8.15,99.56,6.86,135,86.16,94.6,Pass,No,None,None,Mar-24,0,0,0,0,0,0,0
B002768,COX-2 Inhibitor,Line 2,2024-01-19,Team A,22.16,52.35,375,34.2,6.44,98.8,6.71,126.7,91.47,96.22,Pass,Yes,Process,Minor,Jan-24,0,0,0,0,0,0,0
B002769,AED,Line 2,2024-04-16,Team C,21.81,42.46,348,52.9,7.04,99.09,6.87,127,82.85,94.64,Pass,No,None,None,Apr-24,0,0,0,0,0,0,0
B002770,AED,line 3,2024-12-31,Team A,21.34,35.97,278,39.6,7.19,98.96,6.69,136.5,87.14,91.36,Pass,No,None,None,Dec-24,0,0,0,0,0,0,0
B002771,Antidepressant,Line 3,2025-07-25,Team A,22.96,38.3,323,34,7.73,99.33,6.79,116.7,,93.49,Pass,Yes,Process,Minor,Jul-25,0,0,0,0,0,1,1
B002772,AED,Line 3,2024-04-21,Team D,22.44,37.77,328,49.5,8.18,98.68,6.71,131.6,85.12,91.34,Pass,No,None,None,Apr-24,0,0,0,0,0,0,0
B002773,AED,Line 1,2025-06-01,team b,21.62,,323,43.4,7.14,99.08,6.91,133.1,86.22,95.73,Pass,No,None,None,Jun-25,0,1,0,0,0,0,1
B002774,Antidepressant,Line 2,2024-02-04,Team C,21.12,40.18,347,40.8,7.93,99.45,6.8,,90.37,96.15,Pass,No,None,None,Feb-24,0,0,0,0,1,0,1
B002775,COX-2 Inhibitor,Line 1,2024-07-13,Team D,22.24,42.65,364,41.1,6.62,99.17,6.83,112.1,91.53,96.08,Pass,No,None,None,Jul-24,0,0,0,0,0,0,0
B002776,GLP-1 Agonist,Line 1,2025-03-13,Team A,21.93,45.9,305,48.8,8.37,98.39,6.77,135.2,89.3,93.18,Pass,No,None,None,Mar-25,0,0,0,0,0,0,0
B002777,COX-2 Inhibitor,Line 3,2025-08-28,Team B,22.64,46.15,381,38.2,7.08,99.43,6.55,104.6,86.87,95.56,Pass,No,None,None,Aug-25,0,0,0,0,0,0,0
B002777,COX-2 Inhibitor,Line 3,2025-08-28,Team B,22.64,46.15,381,38.2,7.08,99.43,6.55,104.6,86.87,95.56,Pass,No,None,None,Aug-25,0,0,0,0,0,0,0
B002778,GLP-1 Agonist,Line 2,2025-07-21,Team A,21.58,42.92,317,39.3,8.56,98.52,7.17,136.5,86,91.32,Pass,No,None,None,Jul-25,0,0,0,0,0,0,0
B002779,Antidepressant,Line 3,2025-01-24,Team B,22.16,37.53,314,34.3,7.5,99.15,6.65,94.1,87.74,93.11,Failed,No,None,None,Jan-25,0,0,0,0,0,0,0
B002780,Antidepressant,Line 1,2024-01-27,Team A,22.57,46.42,310,38.1,6.89,99.18,6.69,130.3,90.27,94.2,Pass,No,None,None,Jan-24,0,0,0,0,0,0,0
B002781,Antidepressant,Line 3,2024-08-02,Team D,21.97,48.96,342,37.5,7.1,98.99,6.88,129.8,85.57,91.37,Pass,No,None,None,Aug-24,0,0,0,0,0,0,0
B002782,Antidepressant,Line 3,2025-07-26,Team B,22.34,43.97,306,44,7.41,99.74,6.86,143.2,84.53,93.19,Pass,No,None,None,Jul-25,0,0,0,0,0,0,0
B002783,COX-2 Inhibitor,Line 2,2024-02-29,TEAM A,21.76,45.11,333,28.1,5.85,99.35,6.73,131.9,88.91,96.06,Pass,No,None,None,Feb-24,0,0,0,0,0,0,0
B002784,GLP-1 Agonist,Line 3,2025-05-31,Team A,23.42,33.68,296,46,7.33,98.9,6.93,147.5,83.69,92.81,Pass,No,None,None,May-25,0,0,0,0,0,0,0
B002785,Antidepressant,Line 1,2025-05-29,Team A,21.79,47.27,326,40,7.1,99.19,6.92,,90.3,94.83,Pass,No,None,None,May-25,0,0,0,0,1,0,1
B002786,COX-2 Inhibitor,Line 3,2025-07-03,Team A,22.65,51.9,337,38.3,6.67,99.06,6.88,140.2,90.15,94.9,Pass,No,None,None,Jul-25,0,0,0,0,0,0,0
B002787,COX-2 Inhibitor,Line 3,2024-06-07,Team A,22.92,44.61,316,41.7,6.78,99.11,6.9,112.2,86.68,93.82,Pass,No,None,None,Jun-24,0,0,0,0,0,0,0
B002788,GLP-1 Agonist,line 3,2024-06-27,Team C,21.19,37.03,321,47.7,8.09,,6.92,123.1,85.03,93.23,Pass,No,None,None,Jun-24,0,0,1,0,0,0,1
B002789,AED,Line 3,2024-05-25,Team D,21.81,43.19,308,42.8,7.6,98.83,6.91,147.6,81.2,93.11,Pass,Yes,Process,Minor,May-24,0,0,0,0,0,0,0
B002790,GLP-1 Agonist,Line 2,2024-10-14,Team D,21.5,37.9,336,54.8,8.04,99.02,7.03,149.4,83.46,89.68,Pass,Yes,Environmental,Major,Oct-24,0,0,0,0,0,0,0
B002791,AED,Line 3,2025-01-18,Team D,21.11,42.2,320,44.7,8.6,98.84,6.97,115.3,89.18,94.82,Pass,No,None,None,Jan-25,0,0,0,0,0,0,0
B002792,Antidepressant,Line 3,2024-03-28,Team D,22.33,45.24,343,51.3,8.04,98.48,6.74,121.7,84.6,94.65,Pass,No,None,None,Mar-24,0,0,0,0,0,0,0
B002793,COX-2 Inhibitor,Line 1,2025-02-18,Team B,21.26,44.4,351,36.2,7.7,99.5,6.72,121.7,86.92,93.85,Pass,No,None,None,Feb-25,0,0,0,0,0,0,0
B002794,AED,Line 1,2024-06-23,Team B,23.11,49.02,339,44.9,7.06,98.71,7.06,122.1,90.04,94.02,Pass,Yes,Documentation,Minor,Jun-24,0,0,0,0,0,0,0
B002795,AED,Line 3,2025-02-14,Team C,22.39,45.85,325,45.7,8.11,98.94,6.89,126.4,83.82,95.54,Pass,No,None,None,Feb-25,0,0,0,0,0,0,0
B002796,COX-2 Inhibitor,Line 2,2024-08-09,Team B,22.98,38.68,344,39.3,6.43,98.99,6.59,137.8,91.87,94.13,Pass,No,None,None,Aug-24,0,0,0,0,0,0,0
B002797,COX-2 Inhibitor,Line 2,2025-11-28,Team C,21.2,40.5,360,34.7,6.18,99.02,6.51,136.2,95.65,95.07,Pass,No,None,None,Nov-25,0,0,0,0,0,0,0
B002798,GLP-1 Agonist,Line 3,2024-08-21,Team D,20.91,37.19,345,50,9.4,98.67,6.58,143.1,84.79,97.88,Pass,No,None,None,Aug-24,0,0,0,0,0,0,0
B002799,COX-2 Inhibitor,Line 2,2025-09-28,Team A,23.54,42.07,335,45.4,6.44,99.41,6.66,123,90.1,94.62,Pass,No,None,None,Sep-25,0,0,0,0,0,0,0
B002800,COX-2 Inhibitor,Line 2,2024-05-07,Team D,25.61,51.97,354,43.8,5.57,99.28,6.86,131.4,83.99,94.28,Pass,No,None,None,May-24,0,0,0,0,0,0,0
B002801,AED,Line 2,2024-03-03,Team D,22.7,53.77,315,50.8,7.11,98.8,6.95,130.2,81.89,94.21,Pass,Yes,Process,Major,Mar-24,0,0,0,0,0,0,0
B002802,GLP-1 Agonist,Line 2,2024-05-17,Team C,22.28,44.18,309,40.6,6.44,98.69,7.2,114,85.28,93.08,Pass,No,None,None,May-24,0,0,0,0,0,0,0
B002803,Antidepressant,line 3,2024-11-02,Team B,22.39,42.59,321,37,6.65,98.57,6.68,99.1,,92.82,Pass,Yes,Environmental,Minor,Nov-24,0,0,0,0,0,1,1
B002804,COX-2 Inhibitor,Line 2,2025-10-20,Team B,21.86,36.19,301,38.2,6.13,99.5,6.72,,88.67,93.21,Failed,No,None,None,Oct-25,0,0,0,0,1,0,1
B002805,Antidepressant,Line2,2024-05-08,Team A,22.75,43.1,316,46.2,7.17,98.86,6.87,137.1,86.53,94.65,Pass,No,None,None,May-24,0,0,0,0,0,0,0
B002806,Antidepressant,Line 3,2025-07-27,Team B,21.17,38.05,338,39.6,6.14,98.83,7,125.9,84.98,94.91,Pass,No,None,None,Jul-25,0,0,0,0,0,0,0
B002807,GLP-1 Agonist,Line 3,2025-05-24,Team C,20.59,48.15,286,44.7,8.69,98.82,7.16,145.4,85.72,92.3,Pass,No,None,None,May-25,0,0,0,0,0,0,0
B002808,COX-2 Inhibitor,Line 3,2024-09-08,Team C,21.54,34.97,357,47.2,6.24,99.19,6.42,135,85.33,95.19,Pass,No,None,None,Sep-24,0,0,0,0,0,0,0
B002809,Antidepressant,Line 1,2024-09-02,Team A,22.73,43.92,323,45.8,7.06,98.63,6.96,140.1,85.29,95.98,Pass,No,None,None,Sep-24,0,0,0,0,0,0,0
B002810,Antidepressant,Line 3,2025-11-23,Team C,21.96,37.63,317,48.3,7.39,98.74,6.94,133.5,84.05,94.2,Pass,No,None,None,Nov-25,0,0,0,0,0,0,0
B002811,Antidepressant,Line 2,2025-06-06,Team D,22.08,41.95,336,38.6,7.33,99.18,6.59,126.3,88.74,93.8,Pass,Yes,Documentation,Minor,Jun-25,0,0,0,0,0,0,0
B002812,AED,Line 1,2024-06-23,Team A,21.79,47.33,327,42.1,7.39,98.74,7.06,127.7,85.93,91.58,Pass,No,None,None,Jun-24,0,0,0,0,0,0,0
B002813,COX-2 Inhibitor,Line 3,2025-10-28,Team A,21.66,48.11,348,43.7,7.8,99.22,6.89,122.1,87.36,93.73,Pass,No,None,None,Oct-25,0,0,0,0,0,0,0
B002814,Antidepressant,Line 3,2024-10-24,Team D,21.5,41.7,338,42.1,7.15,99.12,6.77,113.3,83.5,92.35,Pass,No,None,None,Oct-24,0,0,0,0,0,0,0
B002815,antidepressant,Line 2,2024-02-28,Team C,21.53,45.81,324,38.6,6.63,99.33,6.57,134.4,89.41,91.4,Pass,No,None,None,Feb-24,0,0,0,0,0,0,0
B002816,COX-2 Inhibitor,Line 3,2025-08-17,Team C,21.45,39.69,310,33.5,7.02,98.98,6.63,113.8,89.74,94.88,Pass,No,None,None,Aug-25,0,0,0,0,0,0,0
B002817,GLP-1 Agonist,Line 1,2025-09-27,Team D,21.12,41.23,293,44.2,8.23,99,6.92,131.4,86.18,94.47,Pass,No,None,None,Sep-25,0,0,0,0,0,0,0
B002818,COX-2 Inhibitor,Line 1,2024-11-19,Team C,21.69,48.01,308,42.8,7.22,99.3,6.97,116.5,88.49,92.38,Pass,No,None,None,Nov-24,0,0,0,0,0,0,0
B002819,GLP-1 Agonist,Line 2,2025-05-29,Team C,21.93,41.66,312,38.7,7.65,98.71,6.98,120.6,89.43,91.55,Pass,No,None,None,May-25,0,0,0,0,0,0,0
B002820,AED,Line 2,2024-06-20,Team A,22.3,41.35,331,48.5,7.55,99.3,6.84,132.9,82.89,93.59,Pass,No,None,None,Jun-24,0,0,0,0,0,0,0
B002821,GLP-1 Agonist,Line 3,2025-09-13,Team D,20.53,38.6,317,44.6,8.01,98.49,6.88,142.7,86.16,92.32,Pass,No,None,None,Sep-25,0,0,0,0,0,0,0
B002822,COX-2 Inhibitor,Line 3,2024-09-26,Team D,22.28,48.08,349,38.3,7.19,98.83,6.83,114.3,85.47,93.32,Pass,No,None,None,Sep-24,0,0,0,0,0,0,0
B002823,Antidepressant,Line 3,2024-07-14,Team B,23.39,36.54,337,42.7,8.49,98.63,6.72,137.2,87.47,95.88,Pass,No,None,None,Jul-24,0,0,0,0,0,0,0
B002824,AED,Line 1,2025-01-01,Team C,21.06,39.28,287,43.8,7.12,98.86,6.76,125.8,86.65,92.71,Pass,Yes,Process,Minor,Jan-25,0,0,0,0,0,0,0
B002825,AED,Line 2,2024-07-14,Team C,22.12,47.01,313,43.4,7.04,98.86,7.01,116.3,86.93,91.69,Pass,No,None,None,Jul-24,0,0,0,0,0,0,0
B002826,COX-2 Inhibitor,Line 1,2025-03-29,Team A,22.58,40.8,315,35.6,6.27,99.44,6.62,128.7,91.31,93.48,Pass,No,None,None,Mar-25,0,0,0,0,0,0,0
B002827,GLP-1 Agonist,Line 3,2025-06-30,Team A,22.32,32.73,294,45.4,8.27,98.95,6.55,140.3,87.68,93.34,Pass,No,None,None,Jun-25,0,0,0,0,0,0,0
B002828,Antidepressant,Line 1,2024-10-23,Team C,22.22,48.75,349,49.3,6.09,98.83,6.98,137.9,89.08,93.37,Pass,No,None,None,Oct-24,0,0,0,0,0,0,0
B002829,AED,Line 2,2025-07-26,Team C,21.48,38.5,335,44.1,7.2,98.61,6.92,138.6,85.98,93.17,Pass,No,None,None,Jul-25,0,0,0,0,0,0,0
B002830,COX-2 Inhibitor,Line 3,2024-11-11,Team C,22.55,42,352,38.8,7.46,98.81,6.72,112.5,89.8,95.41,Pass,No,None,None,Nov-24,0,0,0,0,0,0,0
B002831,Antidepressant,Line 3,2025-12-10,Team B,22.06,,317,39,6.95,99.2,6.7,120.6,89.06,94.31,Pass,No,None,None,Dec-25,0,1,0,0,0,0,1
B002832,GLP-1 Agonist,Line 1,2024-07-11,Team D,21.43,38.51,282,45.8,7.82,99.21,6.94,145.7,85.59,90.75,Pass,No,None,None,Jul-24,0,0,0,0,0,0,0
B002833,GLP-1 Agonist,Line 1,2025-05-30,Team B,20.51,35.58,303,43.5,8.8,98.92,7,151.3,87.07,93.6,Pass,No,None,None,May-25,0,0,0,0,0,0,0
B002834,AED,Line 2,2025-01-26,Team A,22.73,47.57,335,49.2,7.63,99.22,6.91,134.7,85.65,94.83,Pass,No,None,None,Jan-25,0,0,0,0,0,0,0
B002835,COX-2 Inhibitor,Line 2,2025-11-20,Team A,23.3,43.55,347,32.9,5.19,98.86,6.83,110,92.69,94.16,Pass,No,None,None,Nov-25,0,0,0,0,0,0,0
B002836,COX-2 Inhibitor,Line 1,2024-06-09,Team D,21.72,47.92,311,25.6,5.39,99.01,6.61,124.5,93.01,93.01,Pass,No,None,None,Jun-24,0,0,0,0,0,0,0
B002837,COX-2 Inhibitor,Line 3,2024-05-23,Team C,22.27,39.95,342,39.8,6.88,99.1,6.69,116,87.33,96.8,Pass,No,None,None,May-24,0,0,0,0,0,0,0
B002838,Antidepressant,Line 2,2025-09-26,Team B,21.83,52.67,286,39.5,6.47,99.35,6.96,127.4,87.26,93.47,Pass,Yes,Material,Minor,Sep-25,0,0,0,0,0,0,0
B002839,GLP-1 Agonist,Line 2,2025-10-20,Team A,20.63,30.48,314,43.8,7.71,99.13,6.95,132.4,88.57,92.58,Pass,No,None,None,Oct-25,0,0,0,0,0,0,0
B002840,Antidepressant,Line 1,2025-06-30,Team A,20.6,34.07,308,46,6.98,98.75,6.57,130.2,,94.66,Pass,Yes,Documentation,Minor,Jun-25,0,0,0,0,0,1,1
B002841,AED,Line 2,2024-12-13,TEAM A,21.3,52.77,293,30,7.42,99.1,6.96,112.2,90.1,91.58,Pass,No,None,None,Dec-24,0,0,0,0,0,0,0
B002842,GLP-1 Agonist,Line 1,2024-10-26,Team A,21.23,42.37,315,56.7,7.5,99.43,6.84,140.7,85.89,91.93,Pass,Yes,Material,Major,Oct-24,0,0,0,0,0,0,0
B002843,GLP-1 Agonist,Line 1,2025-05-02,Team C,20.42,41.71,310,52.8,7.85,98.87,6.93,135.7,88,93.02,Pass,No,None,None,May-25,0,0,0,0,0,0,0
B002844,Antidepressant,Line 2,2025-06-30,Team A,22.13,44.16,324,37.5,6.96,98.8,6.86,129,88.12,95.73,Pass,No,None,None,Jun-25,0,0,0,0,0,0,0
B002845,Antidepressant,Line 2,2024-07-20,Team A,22.87,44.86,359,39.5,7.1,99.26,6.63,125.9,88.33,95.21,Pass,No,None,None,Jul-24,0,0,0,0,0,0,0
B002846,COX-2 Inhibitor,Line 3,2024-01-06,Team B,23.13,44.5,351,42.3,7.18,99.65,6.68,131.3,88.7,94.12,Pass,No,None,None,Jan-24,0,0,0,0,0,0,0
B002847,Antidepressant,Line 3,2024-02-23,Team C,21.9,37.17,308,46.4,6.18,99.38,6.8,123.1,85.66,92.66,Pass,No,None,None,Feb-24,0,0,0,0,0,0,0
B002848,antidepressant,Line 1,2024-09-08,Team B,20.62,46.09,329,38.5,6.92,98.62,6.85,120.7,92.37,93.55,Pass,No,None,None,Sep-24,0,0,0,0,0,0,0
B002849,COX-2 Inhibitor,Line 1,2025-05-13,Team A,23.04,46.3,335,28.1,6.17,99.32,6.77,116.7,89.82,94.81,Pass,Yes,Equipment,Major,May-25,0,0,0,0,0,0,0
B002850,GLP-1 Agonist,Line3,2024-11-17,Team C,21.61,47.14,323,61.1,9.08,98.91,6.9,157.3,,89.05,Pass,No,None,None,Nov-24,0,0,0,0,0,1,1
B002851,GLP-1 Agonist,Line 3,2025-03-28,team b,21.82,48.82,305,54.8,8.78,98.5,7.09,,88.4,94.82,Pass,No,None,None,Mar-25,0,0,0,0,1,0,1
B002852,GLP-1 Agonist,Line 3,2024-12-09,Team A,22.95,41.65,307,50.4,8.37,99.21,7,144.9,80.88,92.8,Pass,No,None,None,Dec-24,0,0,0,0,0,0,0
B002853,AED,Line 1,2024-07-02,Team C,21.18,37.86,289,46,7.51,99.21,6.82,123.4,87.3,92.73,Pass,No,None,None,Jul-24,0,0,0,0,0,0,0
B002854,GLP-1 Agonist,Line 1,2025-07-01,Team D,19.34,48.86,301,50.4,8.63,99.23,7.12,147.9,84.11,93.58,Pass,No,None,None,Jul-25,0,0,0,0,0,0,0
B002855,COX-2 Inhibitor,Line 1,2025-06-12,Team C,21.71,37.91,339,41.1,7.34,98.97,6.6,136.9,88.45,94.01,Pass,No,None,None,Jun-25,0,0,0,0,0,0,0
B002856,AED,Line 3,2025-12-04,Team A,22.16,45.69,297,34,7.42,99.02,6.9,101.2,85.72,91.5,Pass,No,None,None,Dec-25,0,0,0,0,0,0,0
B002857,COX-2 Inhibitor,Line 2,2025-08-26,Team B,22.52,41.72,336,35.1,7.68,98.92,6.57,111.2,88.41,92.98,Pass,No,None,None,Aug-25,0,0,0,0,0,0,0
B002858,GLP-1 Agonist,Line 2,2024-10-04,Team C,20.59,37.85,308,45.5,7.37,99.05,7.05,139.8,86.2,92.79,Pass,No,None,None,Oct-24,0,0,0,0,0,0,0
B002859,COX-2 Inhibitor,Line 2,2025-05-30,Team D,21.44,46.82,340,36.1,5.88,99.54,6.63,117.8,89.56,92.46,Pass,No,None,None,May-25,0,0,0,0,0,0,0
B002860,GLP-1 Agonist,Line 1,2024-09-13,TEAM D,21.23,41.22,275,52.2,7.94,98.53,7.01,149.4,87.21,92.35,Pass,Yes,Process,Minor,Sep-24,0,0,0,0,0,0,0
B002861,GLP-1 Agonist,Line 2,2025-09-30,Team D,20.57,42.57,295,37.2,7.21,98.53,7.23,132.3,82.54,90.63,Pass,No,None,None,Sep-25,0,0,0,0,0,0,0
B002862,GLP-1 Agonist,Line 1,2025-03-22,Team D,21.89,35.92,292,40.6,6.18,,7.04,128,87.06,91.89,Pass,No,None,None,Mar-25,0,0,1,0,0,0,1
B002863,GLP-1 Agonist,Line 2,2025-09-02,Team C,21.19,39.13,303,43.3,7.27,98.94,7.02,126.7,86.17,91.78,Pass,No,None,None,Sep-25,0,0,0,0,0,0,0
B002864,Antidepressant,Line 3,2024-07-24,Team C,21.53,38.15,322,44.3,7.62,99.46,6.77,118.3,86.84,94.06,Pass,No,None,None,Jul-24,0,0,0,0,0,0,0
B002865,GLP-1 Agonist,Line 3,2024-01-11,Team C,20.93,39,293,54.1,8.33,98.71,6.94,138,84.38,93.17,Pass,No,None,None,Jan-24,0,0,0,0,0,0,0
B002866,Antidepressant,Line 1,2024-04-13,Team C,22.2,41.41,312,51,6.89,99.12,6.68,126.2,84.56,93.78,Pass,No,None,None,Apr-24,0,0,0,0,0,0,0
B002867,GLP-1 Agonist,Line 3,2025-01-23,Team C,21.53,49.22,301,47.9,8.17,98.96,7.08,143.8,82.01,94.73,Pass,No,None,None,Jan-25,0,0,0,0,0,0,0
B002868,cox-2 inhibitor,Line 3,2025-12-03,Team A,22.65,41.7,357,43.1,7.2,99.21,6.76,122.5,87.97,93.47,Pass,No,None,None,Dec-25,0,0,0,0,0,0,0
B002869,AED,Line 1,2025-04-03,Team D,21.94,33.37,320,48.9,7.83,98.63,6.82,126.9,84.11,94.18,Pass,No,None,None,Apr-25,0,0,0,0,0,0,0
B002870,Antidepressant,Line 1,2025-08-14,team a,21.95,48.98,346,44,6.72,99.79,7,117.3,88.53,95.06,Pass,No,None,None,Aug-25,0,0,0,0,0,0,0
B002871,COX-2 Inhibitor,Line 2,2024-12-09,Team B,21.73,45.25,360,37.9,7.08,99.2,6.9,112.8,86.66,96.55,Pass,No,None,None,Dec-24,0,0,0,0,0,0,0
B002872,GLP-1 Agonist,Line 1,2025-12-01,Team B,20.95,39.34,327,44.8,7.09,98.59,6.94,130.7,88.1,92.4,Pass,No,None,None,Dec-25,0,0,0,0,0,0,0
B002873,Antidepressant,Line 1,2025-11-18,Team D,21.7,39.81,345,35.1,6.48,99.23,6.79,113.5,89.11,94.68,Pass,No,None,None,Nov-25,0,0,0,0,0,0,0
B002874,Antidepressant,Line 1,2024-06-08,Team A,23.55,37.27,348,35.8,7.72,99.25,6.5,126.7,89.15,92.89,Pass,No,None,None,Jun-24,0,0,0,0,0,0,0
B002875,Antidepressant,Line1,2025-09-22,Team B,20.99,51.69,299,42.9,6.47,99.26,7.22,137.9,87.29,94.2,Pass,No,None,None,Sep-25,0,0,0,0,0,0,0
B002876,Antidepressant,Line 2,2024-01-14,Team B,21.69,42.26,332,41.7,6.63,99.35,6.75,115.4,86.86,94.28,Pass,No,None,None,Jan-24,0,0,0,0,0,0,0
B002877,Antidepressant,Line 2,2025-03-09,Team A,22.07,33.31,342,39.7,6.23,99.15,6.75,134.7,87.6,94.84,Pass,No,None,None,Mar-25,0,0,0,0,0,0,0
B002878,GLP-1 Agonist,line 1,2024-11-15,Team A,21.27,41.64,325,51.7,7.47,98.44,6.94,146.8,87.94,91.89,Failed,No,None,None,Nov-24,0,0,0,0,0,0,0
B002879,GLP-1 Agonist,Line 3,2024-08-08,Team B,,46.03,286,48.4,8.24,98.93,7.01,142.3,81.95,92.11,Pass,No,None,None,Aug-24,1,0,0,0,0,0,1
B002880,Antidepressant,Line 1,2025-11-13,Team D,21.77,42.78,332,36,7.18,98.63,6.78,134.5,87.66,93.18,Pass,No,None,None,Nov-25,0,0,0,0,0,0,0
B002881,Antidepressant,Line 1,2025-04-29,Team B,21.82,37.49,321,39.5,6.9,99.51,6.58,121.7,90.77,94.63,Pass,No,None,None,Apr-25,0,0,0,0,0,0,0
B002882,Antidepressant,Line 1,2024-04-11,Team D,22.61,37.04,353,46.5,6.98,98.95,6.43,131.8,88.99,93.12,Pass,No,None,None,Apr-24,0,0,0,0,0,0,0
B002883,GLP-1 Agonist,Line 3,2024-04-11,Team C,22.86,35.41,275,43.9,7.32,99.12,7.04,138.6,89.1,92.81,Pass,No,None,None,Apr-24,0,0,0,0,0,0,0
B002884,GLP-1 Agonist,Line 3,2024-03-26,Team D,22.56,47.61,286,50.7,7.84,98.58,7.15,142.7,84.79,92.38,Pass,No,None,None,Mar-24,0,0,0,0,0,0,0
B002885,GLP-1 Agonist,Line 2,2024-08-10,Team D,21.4,39.64,267,47.7,6.94,98.79,6.85,143.1,82.85,94.24,Pass,No,None,None,Aug-24,0,0,0,0,0,0,0
B002886,Antidepressant,Line 1,2024-02-20,Team C,21.96,33.61,323,37.8,7.26,99,6.73,122.5,86.32,94.3,Pass,No,None,None,Feb-24,0,0,0,0,0,0,0
B002887,Antidepressant,Line 1,2024-07-12,Team C,22.04,43.92,361,40.4,7.39,99.27,6.93,128.1,87.63,96.71,Pass,No,None,None,Jul-24,0,0,0,0,0,0,0
B002888,AED,Line 1,2025-07-13,Team A,21.91,44.71,314,35.4,6.94,98.79,6.86,117.2,90.41,92.9,Pass,No,None,None,Jul-25,0,0,0,0,0,0,0
B002889,Antidepressant,Line 3,2025-09-30,Team C,21.36,39.76,322,43.1,7.63,99.33,6.82,122.4,86.64,92.85,Pass,No,None,None,Sep-25,0,0,0,0,0,0,0
B002890,Antidepressant,Line 1,2025-07-28,Team A,22.7,36.9,330,33.5,7.18,98.99,6.84,113,88.8,93.22,Pass,No,None,None,Jul-25,0,0,0,0,0,0,0
B002891,Antidepressant,Line 3,2024-12-28,Team C,22.15,36.68,318,49.4,7.66,99.08,6.55,129.3,86.94,93.14,Pass,No,None,None,Dec-24,0,0,0,0,0,0,0
B002892,AED,Line 2,2025-05-23,Team C,21.77,49.43,322,43.5,8.01,98.89,7.08,139.3,87.03,92.9,Pass,No,None,None,May-25,0,0,0,0,0,0,0
B002893,COX-2 Inhibitor,Line 2,2025-11-21,Team D,21.55,44.24,347,33.9,5.89,99.2,6.78,112.1,88.48,96.24,Pass,No,None,None,Nov-25,0,0,0,0,0,0,0
B002894,COX-2 Inhibitor,Line 3,2024-02-08,Team C,22.55,45.39,325,45.9,7.03,98.84,6.98,131.8,84.78,93.17,Pass,No,None,None,Feb-24,0,0,0,0,0,0,0
B002895,AED,Line 1,2025-10-23,Team B,20.38,45.22,313,38.3,6.81,99.19,7.02,127.7,90.28,92.57,Failed,No,None,None,Oct-25,0,0,0,0,0,0,0
B002896,Antidepressant,Line 3,2025-06-12,Team B,21.56,43.64,333,38.4,7.58,98.97,6.78,120.9,90.36,94.03,Pass,No,None,None,Jun-25,0,0,0,0,0,0,0
B002897,AED,Line 1,2024-10-09,Team C,21.38,41.66,332,34.9,6.16,99.17,6.86,134.7,86.48,91.63,Pass,Yes,Process,Minor,Oct-24,0,0,0,0,0,0,0
B002898,Antidepressant,Line 3,2024-11-23,Team B,22.22,40.97,343,50.7,8.45,99.07,7.03,140.1,,94.02,Pass,No,None,None,Nov-24,0,0,0,0,0,1,1
B002899,COX-2 Inhibitor,Line 2,2024-11-16,Team B,23.91,48.82,346,48.3,7.27,99.2,,126.4,88.31,94.27,Pass,No,None,None,Nov-24,0,0,0,1,0,0,1
B002900,GLP-1 Agonist,Line 1,2024-04-25,Team B,21.93,47.07,306,38.8,8.44,98.71,7.15,130.8,85.15,92.31,Pass,No,None,None,Apr-24,0,0,0,0,0,0,0
B002901,GLP-1 Agonist,Line 3,2024-06-17,Team C,22.59,,314,45,8.02,98.75,6.85,139.2,86.74,93.39,Pass,No,None,None,Jun-24,0,1,0,0,0,0,1
B002902,AED,Line 1,2024-08-03,Team A,22.28,42.96,304,45.4,7.01,99.1,7.04,116.5,86.21,93.86,Pass,No,None,None,Aug-24,0,0,0,0,0,0,0
B002903,Antidepressant,Line 1,2024-01-05,Team C,22.84,46.2,309,39.2,7.26,98.88,7,115.6,85.83,92.75,Pass,No,None,None,Jan-24,0,0,0,0,0,0,0
B002904,AED,Line 3,2025-01-01,Team B,23.19,53.41,313,46.3,8.26,99.17,7.07,137.5,90.07,93.36,Pass,No,None,None,Jan-25,0,0,0,0,0,0,0
B002905,GLP-1 Agonist,Line 2,2024-12-14,Team B,20.95,48.91,277,47.4,7.38,98.82,7.05,124.5,85.07,92.85,Pass,No,None,None,Dec-24,0,0,0,0,0,0,0
B002906,COX-2 Inhibitor,Line 3,2024-08-28,Team B,21.9,39.02,347,41.7,5.98,98.83,6.6,116.3,88.88,91.96,Pass,No,None,None,Aug-24,0,0,0,0,0,0,0
B002907,AED,Line 2,2024-05-08,Team A,22.3,50.38,334,39.7,6.11,98.68,6.82,124,85.18,92.06,Pass,No,None,None,May-24,0,0,0,0,0,0,0
B002908,Antidepressant,Line 2,2025-12-09,Team C,22,42.29,307,42.1,7.15,98.8,6.82,152.4,91.1,93.29,Pass,No,None,None,Dec-25,0,0,0,0,0,0,0
B002909,AED,Line 1,2025-05-10,Team C,21.97,49.22,323,37.9,7.9,99.19,7.02,131.1,92.57,91.99,Pass,No,None,None,May-25,0,0,0,0,0,0,0
B002910,COX-2 Inhibitor,Line 1,2024-12-13,Team D,22.31,46.94,329,35.7,5.81,99.33,6.68,126.3,86.1,96.63,Pass,No,None,None,Dec-24,0,0,0,0,0,0,0
B002911,COX-2 Inhibitor,Line 3,2025-06-12,team b,22.05,36.68,322,28.9,6.48,99.23,6.4,106.8,89.67,93.93,Pass,No,None,None,Jun-25,0,0,0,0,0,0,0
B002912,Antidepressant,Line 1,2024-09-29,Team C,23.22,44.75,357,39.8,6.73,99.11,6.87,,91.32,95.69,Pass,No,None,None,Sep-24,0,0,0,0,1,0,1
B002913,GLP-1 Agonist,Line 2,2024-06-06,Team C,20.68,45.03,282,44.8,8.75,98.85,7.09,121.2,85.24,93.53,Pass,No,None,None,Jun-24,0,0,0,0,0,0,0
B002914,COX-2 Inhibitor,Line 1,2025-05-07,Team C,23.01,42.9,317,42.2,7.99,99.4,6.76,118,89.15,95.98,Failed,No,None,None,May-25,0,0,0,0,0,0,0
B002915,GLP-1 Agonist,Line 1,2025-07-17,Team C,21.89,38.77,304,46.7,7.99,99.1,6.83,141.6,82.54,93.58,Pass,No,None,None,Jul-25,0,0,0,0,0,0,0
B002916,Antidepressant,Line 2,2025-04-20,Team D,20.82,34.14,325,42.7,7.52,99.43,6.73,113.9,85.84,96.36,Pass,No,None,None,Apr-25,0,0,0,0,0,0,0
B002917,Antidepressant,Line 3,2025-02-18,Team D,21.38,45.42,332,43.4,7.88,98.97,6.83,131.9,87.82,92.8,Pass,No,None,None,Feb-25,0,0,0,0,0,0,0
B002918,AED,Line 3,2024-01-02,Team A,21.3,,351,34.8,6.59,98.76,7.05,129.5,86.94,92.04,Pass,No,None,None,Jan-24,0,1,0,0,0,0,1
B002919,Antidepressant,Line 3,2025-04-11,Team B,22.42,37.39,306,32.5,7.4,99.31,6.61,115.3,88.31,91.59,Pass,No,None,None,Apr-25,0,0,0,0,0,0,0
B002920,COX-2 Inhibitor,Line 1,2025-03-28,Team C,22.22,41.37,330,36.2,5.98,99.64,6.83,109.3,85.98,96.6,Pass,No,None,None,Mar-25,0,0,0,0,0,0,0
B002921,AED,Line 2,2024-10-28,Team C,21.74,44.77,344,46.5,7.26,99.26,7.12,125.8,87.86,94.42,Pass,No,None,None,Oct-24,0,0,0,0,0,0,0
B002922,Antidepressant,Line 1,2024-06-27,Team B,20.91,39.21,337,40.7,7.58,99.61,6.77,121,85.29,96.15,Pass,No,None,None,Jun-24,0,0,0,0,0,0,0
B002923,Antidepressant,Line 3,2025-12-16,Team A,23.74,42.01,334,37.7,7.25,99.07,6.85,121.6,91.55,92.08,Pass,Yes,Environmental,Minor,Dec-25,0,0,0,0,0,0,0
B002924,COX-2 Inhibitor,Line 1,2024-10-01,Team C,22.55,34.25,329,36.7,7.16,99.03,6.68,121.7,87.74,94.55,Pass,No,None,None,Oct-24,0,0,0,0,0,0,0
B002925,Antidepressant,Line 2,2024-07-17,Team C,22.37,48.75,340,40.2,7.65,98.72,,120.1,89.79,92.34,Failed,No,None,None,Jul-24,0,0,0,1,0,0,1
B002926,COX-2 Inhibitor,Line 1,2025-05-31,team a,22.09,43.08,354,41.3,5.75,99.57,6.66,134.7,89.95,95.32,Pass,No,None,None,May-25,0,0,0,0,0,0,0
B002927,COX-2 Inhibitor,Line 3,2024-12-18,TEAM C,22.01,37.5,343,43.5,5.94,98.71,6.65,138.6,85.25,93.47,Pass,No,None,None,Dec-24,0,0,0,0,0,0,0
B002928,COX-2 Inhibitor,Line 3,2025-02-11,Team D,23.93,30.7,329,36.5,7.54,99.71,6.77,121.4,87.41,95.56,Pass,No,None,None,Feb-25,0,0,0,0,0,0,0
B002929,GLP-1 agonist,Line 3,2025-04-18,Team C,20.06,45.15,302,49.2,8.85,98.64,6.9,138.2,84.17,93.06,Pass,No,None,None,Apr-25,0,0,0,0,0,0,0
B002930,COX-2 Inhibitor,Line 1,2024-09-26,Team D,22.71,45.79,370,39.5,6.79,99.66,6.95,114.3,87.87,92.78,Pass,No,None,None,Sep-24,0,0,0,0,0,0,0
B002931,COX-2 Inhibitor,Line 3,2024-04-21,Team B,21.59,44.05,320,41.8,7.3,99.12,6.71,125.9,84.85,92.38,Pass,Yes,Environmental,Minor,Apr-24,0,0,0,0,0,0,0
B002932,Antidepressant,Line 1,2024-05-02,Team A,21.7,46.32,306,51.1,7.81,99.25,6.86,135.8,87.54,93.46,Pass,No,None,None,May-24,0,0,0,0,0,0,0
B002933,COX-2 Inhibitor,Line 1,2025-11-17,Team C,22.02,47.3,329,36.8,7.04,,6.93,115.4,87.69,95.81,Pass,No,None,None,Nov-25,0,0,1,0,0,0,1
B002934,AED,Line 1,2025-01-04,Team A,21.06,44.97,308,51.4,7.36,98.89,7.19,131,85.59,90.79,Pass,No,None,None,Jan-25,0,0,0,0,0,0,0
B002935,COX-2 Inhibitor,Line 1,2024-10-31,Team A,22.53,41.73,340,31.6,6.9,99.09,6.75,116.7,92.36,94.26,Pass,No,None,None,Oct-24,0,0,0,0,0,0,0
B002936,GLP-1 Agonist,Line 2,2024-08-21,Team A,19.57,37.91,317,44.5,7.49,98.81,7.08,137.4,,91.73,Failed,Yes,Equipment,Major,Aug-24,0,0,0,0,0,1,1
B002937,GLP-1 Agonist,Line 1,2025-06-11,Team D,21.26,42.1,308,35.3,7.49,98.64,6.89,123.9,86.93,90.24,Pass,No,None,None,Jun-25,0,0,0,0,0,0,0
B002938,Antidepressant,Line 2,2025-10-29,Team D,21.93,48.99,321,41.8,7.1,98.89,6.84,127.1,90.02,93.95,Pass,Yes,Process,Major,Oct-25,0,0,0,0,0,0,0
B002939,Antidepressant,Line 2,2025-07-16,Team B,20.98,41.49,325,44.6,6.62,98.96,6.63,122.5,88.7,94.43,Pass,No,None,None,Jul-25,0,0,0,0,0,0,0
B002940,Antidepressant,Line 3,2025-01-25,Team C,23.13,,331,29.4,6.5,98.57,6.85,111.8,88.11,91.37,Pass,No,None,None,Jan-25,0,1,0,0,0,0,1
B002941,AED,Line 3,2024-12-13,Team B,21.35,45.87,285,47.5,8.97,98.86,7.03,134.1,84.81,91.23,Pass,No,None,None,Dec-24,0,0,0,0,0,0,0
B002942,Antidepressant,Line 2,2025-09-25,Team A,21.82,43.9,339,44.3,6.59,99.18,6.85,122.7,89.48,94.44,Pass,No,None,None,Sep-25,0,0,0,0,0,0,0
B002943,AED,line 1,2025-09-17,Team D,,56.03,300,47,7.57,98.55,7.32,124.8,88.35,93.74,Pass,No,None,None,Sep-25,1,0,0,0,0,0,1
B002944,Antidepressant,Line 3,2024-10-12,Team D,21.94,50.26,312,36.9,7.49,98.9,7.17,133.3,85.01,92.47,Pass,No,None,None,Oct-24,0,0,0,0,0,0,0
B002945,GLP-1 Agonist,Line 1,2025-12-05,Team B,22.48,48.39,306,51.3,7.88,99.19,7.08,136.7,83.2,92.88,Pass,No,None,None,Dec-25,0,0,0,0,0,0,0
B002946,GLP-1 Agonist,Line 1,2025-08-27,Team B,23.35,36.01,299,47.1,8.14,98.56,6.83,153.9,87.7,93.24,Pass,No,None,None,Aug-25,0,0,0,0,0,0,0
B002947,GLP-1 Agonist,Line 1,2025-09-10,Team D,22.06,50.96,309,50.3,8.06,99.3,7.27,145.2,83.01,93.45,Pass,No,None,None,Sep-25,0,0,0,0,0,0,0
B002948,AED,Line 2,2024-02-11,Team B,22.62,43.59,318,44.3,6.8,98.75,7.08,123.3,88.6,93.84,Pass,No,None,None,Feb-24,0,0,0,0,0,0,0
B002949,AED,Line 2,2024-04-05,Team B,23.09,42.86,310,47.1,7.67,99,6.97,143.1,90.58,94.06,Pass,No,None,None,Apr-24,0,0,0,0,0,0,0
B002950,AED,Line 2,2024-08-05,Team B,21.99,33.2,343,51.1,7.21,99.47,6.85,129,86.42,93.09,Pass,No,None,None,Aug-24,0,0,0,0,0,0,0
B002951,Antidepressant,Line 2,2025-07-10,Team B,23.18,43.63,333,39.9,7.88,,6.89,142.5,86.05,95.31,Pass,No,None,None,Jul-25,0,0,1,0,0,0,1
B002952,COX-2 Inhibitor,Line 2,2024-02-27,TEAM C,23.09,37.58,345,39.6,6.89,99.35,6.52,122.3,88.81,96.76,Pass,No,None,None,Feb-24,0,0,0,0,0,0,0
B002953,Antidepressant,Line 2,2024-03-01,Team A,22.11,44.04,332,48.9,6.86,98.85,6.68,135.9,88.74,93.48,Pass,Yes,Process,Minor,Mar-24,0,0,0,0,0,0,0
B002954,AED,Line 1,2024-01-24,Team B,22.06,38.19,302,44.3,7.46,98.84,6.84,129.8,87.35,93.67,Pass,No,None,None,Jan-24,0,0,0,0,0,0,0
B002955,GLP-1 Agonist,Line 2,2024-05-20,Team B,20.13,48.99,339,41.8,7.07,98.66,7.08,137.3,87.88,90.78,Pass,Yes,Environmental,Minor,May-24,0,0,0,0,0,0,0
B002956,GLP-1 Agonist,Line 2,2025-11-02,Team B,21.72,42.76,280,50.7,8.04,99.41,7.04,139,83.45,93.8,Pass,No,None,None,Nov-25,0,0,0,0,0,0,0
B002957,Antidepressant,Line 2,2025-06-11,Team B,20.84,53.4,322,48.9,7.12,98.83,6.96,122.7,84.87,92.47,Pass,No,None,None,Jun-25,0,0,0,0,0,0,0
B002958,Antidepressant,Line 1,2025-06-08,Team B,20.78,36.88,315,48.1,6.76,99.3,6.52,132.3,88.9,96.62,Pass,No,None,None,Jun-25,0,0,0,0,0,0,0
B002959,Antidepressant,Line 2,2024-08-01,Team B,22.14,49.75,314,45.9,6.68,98.67,6.66,138.2,85.43,97.23,Pass,No,None,None,Aug-24,0,0,0,0,0,0,0
B002960,AED,Line 1,2025-04-01,Team D,20.96,34.99,307,32.1,8.19,98.81,6.88,110.3,83.63,91.94,Pass,No,None,None,Apr-25,0,0,0,0,0,0,0
B002961,AED,Line 1,2025-07-23,Team C,21.79,45.04,301,40.5,7.19,98.97,6.87,140.7,87.14,91.76,Pass,No,None,None,Jul-25,0,0,0,0,0,0,0
B002962,AED,Line 1,2025-01-24,Team C,21.9,40.84,336,41.8,6.95,98.93,6.85,133.2,88.27,94.66,Pass,No,None,None,Jan-25,0,0,0,0,0,0,0
B002963,Antidepressant,Line 2,2025-09-17,Team B,22.14,39.76,298,41.2,6.64,99.04,6.7,121.7,90.16,97.02,Pass,No,None,None,Sep-25,0,0,0,0,0,0,0
B002964,COX-2 Inhibitor,Line 1,2025-02-20,Team D,21.82,40.42,358,47.3,7.18,98.81,6.57,120.4,90.95,92.33,Pass,No,None,None,Feb-25,0,0,0,0,0,0,0
B002965,Antidepressant,Line 3,2024-08-25,Team A,22.67,37.43,332,37.6,6.84,99.1,6.62,141.1,88.39,95.84,Pass,No,None,None,Aug-24,0,0,0,0,0,0,0
B002966,GLP-1 Agonist,Line 1,2025-04-11,Team C,21.43,33.7,293,60.3,7.63,99.47,7,155.1,85.23,89.44,Pass,No,None,None,Apr-25,0,0,0,0,0,0,0
B002967,GLP-1 Agonist,Line 3,2025-11-20,Team A,21.83,37.79,310,46.4,8.08,98.69,6.91,149.5,85.95,91.3,Pass,No,None,None,Nov-25,0,0,0,0,0,0,0
B002968,GLP-1 Agonist,Line 1,2025-08-27,Team D,14,40.58,297,42.8,7.6,99.21,7.05,132.1,87.72,93.22,Pass,Yes,Process,Minor,Aug-25,0,0,0,0,0,0,0
B002969,COX-2 Inhibitor,Line 2,2024-12-30,Team B,22.37,48.82,320,42.6,6.53,98.1,6.89,127.5,87.45,95.58,Pass,No,None,None,Dec-24,0,0,0,0,0,0,0
B002970,Antidepressant,Line 3,2025-03-12,Team B,22.82,43.48,300,48.6,7.09,98.8,6.86,135.2,87.07,93.21,Pass,No,None,None,Mar-25,0,0,0,0,0,0,0
B002971,GLP-1 Agonist,Line 2,2025-12-14,Team A,22.23,45.83,312,50.6,7.68,98.28,7.15,139.4,83.63,93.58,Pass,No,None,None,Dec-25,0,0,0,0,0,0,0
B002972,COX-2 Inhibitor,Line 1,2025-07-01,Team D,21.9,35.61,351,32.8,6.16,99.64,6.61,,94.3,95.84,Pass,No,None,None,Jul-25,0,0,0,0,1,0,1
B002973,Antidepressant,Line 2,2025-01-02,Team B,21.59,39.84,324,44.8,6.76,99.37,6.93,138.1,81.94,95.65,Pass,No,None,None,Jan-25,0,0,0,0,0,0,0
B002974,AED,Line 3,2024-07-24,Team B,21.06,47.56,308,40.8,7.66,98.61,7.08,143.9,88.41,92.51,Pass,No,None,None,Jul-24,0,0,0,0,0,0,0
B002975,GLP-1 Agonist,Line 3,2025-10-24,Team D,21.01,41.72,297,44.1,9.24,98.97,7.11,135.4,86.8,91.58,Pass,Yes,Equipment,Major,Oct-25,0,0,0,0,0,0,0
B002976,AED,Line 1,2025-12-15,Team A,20.75,39.69,309,43.5,7.98,99.4,6.75,117.1,88.09,95.44,Pass,No,None,None,Dec-25,0,0,0,0,0,0,0
B002977,COX-2 Inhibitor,Line 3,2024-02-21,Team B,22.4,47.67,309,35,7.91,99.45,6.82,133.1,86.34,94.96,Pass,No,None,None,Feb-24,0,0,0,0,0,0,0
B002978,COX-2 Inhibitor,line 2,2024-01-24,Team A,22.97,40.34,341,43.8,6.49,99.07,6.45,138.2,83.97,94.86,Pass,No,None,None,Jan-24,0,0,0,0,0,0,0
B002979,COX-2 Inhibitor,Line 1,2024-03-25,Team A,21.91,39.11,349,34.8,7.41,98.63,6.82,119.4,90.91,94.17,Pass,No,None,None,Mar-24,0,0,0,0,0,0,0
B002980,AED,Line 2,2024-10-09,Team A,21.73,46.43,316,43.8,7.38,98.67,6.89,146.5,89.87,94.75,Pass,No,None,None,Oct-24,0,0,0,0,0,0,0
B002981,COX-2 Inhibitor,Line 2,2024-04-26,Team A,22.33,43.03,372,33.2,6.97,99.37,6.66,118.8,90.06,93.1,Pass,No,None,None,Apr-24,0,0,0,0,0,0,0
B002982,Antidepressant,Line 2,2025-10-06,Team D,22.79,39.39,302,46.7,7.42,99.69,6.6,121.3,88.62,94.17,Pass,No,None,None,Oct-25,0,0,0,0,0,0,0
B002983,Antidepressant,Line 3,2025-10-30,Team B,,39.22,308,38.8,7.05,99.1,6.75,113.4,86.96,94.03,Pass,No,None,None,Oct-25,1,0,0,0,0,0,1
B002984,COX-2 Inhibitor,Line 1,2024-05-11,Team D,22.07,37.65,342,44.3,7.22,99.09,6.6,110.5,88.6,94.51,Pass,No,None,None,May-24,0,0,0,0,0,0,0
B002985,Antidepressant,Line 2,2025-08-29,team b,21.37,40.02,324,46.9,7.44,99.8,6.99,129.7,89.52,94.77,Pass,No,None,None,Aug-25,0,0,0,0,0,0,0
B002986,Antidepressant,Line 2,2024-04-13,Team D,21.15,47.5,286,39.5,5.94,99.13,6.99,120.3,87.45,93.12,Pass,No,None,None,Apr-24,0,0,0,0,0,0,0
B002987,Antidepressant,Line 1,2025-07-29,Team A,22.4,43.22,331,41.2,6.9,98.73,6.76,119.2,90.76,95.63,Pass,No,None,None,Jul-25,0,0,0,0,0,0,0
B002988,GLP-1 Agonist,Line 2,2024-09-24,Team A,21.4,44.79,304,45.4,8.19,98.82,6.84,136.4,82.57,93.08,Pass,No,None,None,Sep-24,0,0,0,0,0,0,0
B002989,Antidepressant,Line 3,2024-01-30,Team A,22.04,44.58,282,46.5,7.66,99.3,6.56,138.3,85.24,92.74,Pass,No,None,None,Jan-24,0,0,0,0,0,0,0
B002990,COX-2 Inhibitor,Line 2,2024-11-09,Team D,23.46,39.94,338,36.9,6.82,99.16,6.55,113.5,90.09,93.52,Pass,No,None,None,Nov-24,0,0,0,0,0,0,0
B002991,AED,Line 1,2025-08-24,Team C,22.8,35.75,300,41.7,6.77,99.3,6.65,121.3,91.78,96.06,Pass,No,None,None,Aug-25,0,0,0,0,0,0,0
B002992,AED,Line 3,2025-11-13,Team C,20.57,39.37,307,45.8,7.82,98.59,6.9,128.6,86.3,93.73,Pass,No,None,None,Nov-25,0,0,0,0,0,0,0
B002993,GLP-1 Agonist,Line 3,2024-03-29,Team D,21.99,36.64,276,40.8,7.84,98.54,6.9,143.6,84.42,91.56,Pass,No,None,None,Mar-24,0,0,0,0,0,0,0
B002994,GLP-1 Agonist,Line 3,2025-09-03,Team B,21.67,36.26,307,48.1,8.04,98.75,6.92,139.8,89.52,91.94,Pass,No,None,None,Sep-25,0,0,0,0,0,0,0
B002995,COX-2 Inhibitor,line 2,2024-08-02,Team C,22.15,47.91,372,41.6,6.35,99.01,6.67,124.2,87.78,95.82,Pass,No,None,None,Aug-24,0,0,0,0,0,0,0
B002996,GLP-1 Agonist,Line 2,2024-12-05,Team C,21.75,44.85,305,48.8,8.33,98.94,7.06,153.7,87.03,94.54,Pass,No,None,None,Dec-24,0,0,0,0,0,0,0
B002997,COX-2 Inhibitor,Line 2,2024-03-20,Team C,21.21,54.06,301,43.2,6.97,99.2,6.71,148.5,87.02,95.21,Pass,No,None,None,Mar-24,0,0,0,0,0,0,0
B002998,Antidepressant,Line 3,2025-12-12,Team C,23.1,38.18,325,40.4,7.43,99.78,6.73,132.1,88,94.09,Pass,Yes,Environmental,Minor,Dec-25,0,0,0,0,0,0,0
B002999,AED,Line 3,2025-07-31,Team B,22.19,51.99,311,43,8.71,98.6,7.15,135.9,85.53,94.47,Pass,No,None,None,Jul-25,0,0,0,0,0,0,0
B003000,Antidepressant,Line 3,2025-04-14,Team A,21.35,49.96,300,37.4,7.45,98.87,6.88,113.5,93.2,92.68,Pass,No,None,None,Apr-25,0,0,0,0,0,0,0
Batch_ID,Product,Manufacturing_Line,Batch_Date,Operator_Team,Temperature_C,Humidity_Percent,Mixing_Speed_RPM,Mixing_Time_Minutes,Production_Time_Hours,API_Assay_Percent,pH,Viscosity_cP,Dissolution_30min_Percent,Yield_Percent,Batch_Status,Deviation_Flag,Deviation_Type,Deviation_Severity,Batch_Month,Temperature_Missing,Humidity_Missing,Assay_Missing,pH_Missing,Viscosity_Missing,Dissolution_Missing,Missing_Count