Batch_ID,Product,Manufacturing_Line,Batch_Date,Year,Operator_Team,Temperature_C,Humidity_Percent,Mixing_Speed_RPM,Mixing_Time_Minutes,Production_Time_Hours,API_Assay_Percent,pH,Viscosity_cP,Dissolution_30min_Percent,Yield_Percent,Batch_Status,Failure_Flag,Deviation_Flag,Deviation_Rate_Flag,Deviation_Type,Deviation_Severity
B001613,COX-2 Inhibitor,Line 3,27-Nov-2024,2024,Team D,22.30,45.13,324.00,39.00,6.75,99.25,6.65,112.10,89.88,92.33,Pass,0,No,0,None,None
B000736,COX-2 Inhibitor,Line 3,14-May-2024,2024,Team A,23.21,42.42,358.00,52.90,7.41,99.11,,117.60,86.92,89.45,Pass,0,Yes,1,Equipment,Minor
B001121,COX-2 Inhibitor,Line 3,12-Mar-2024,2024,Team A,22.21,37.84,363.00,53.60,7.18,99.13,6.50,140.30,85.87,89.63,Pass,0,No,0,None,None
B002798,GLP-1 Agonist,Line 3,21-Aug-2024,2024,Team D,20.91,37.19,345.00,50.00,9.40,98.67,6.58,143.10,84.79,97.88,Pass,0,No,0,None,None
B001181,COX-2 Inhibitor,Line 3,14-Apr-2024,2024,Team C,23.44,42.48,320.00,19.80,5.90,98.69,6.70,98.00,92.55,89.81,Pass,0,No,0,None,None
B001219,COX-2 Inhibitor,Line 3,21-Sep-2024,2024,Team B,21.23,46.57,345.00,49.00,6.10,99.61,6.95,120.90,88.57,90.19,Pass,0,No,0,None,None
B001842,COX-2 Inhibitor,Line 2,23-Jul-2024,2024,Team D,21.41,48.70,304.00,29.40,7.33,99.30,6.57,120.60,87.11,90.51,Pass,0,No,0,None,None
B000349,COX-2 Inhibitor,Line 3,11-Sep-2024,2024,Team D,21.74,41.94,326.00,26.90,6.97,99.25,6.75,94.50,92.94,90.55,Pass,0,No,0,None,None
B002463,Antidepressant,Line 1,16-Jan-2024,2024,Team A,22.40,38.00,301.00,42.60,6.22,99.06,6.82,126.60,88.31,97.52,Pass,0,No,0,None,None
B002557,Antidepressant,Line 1,08-Aug-2024,2024,Team C,21.32,36.46,305.00,40.10,6.27,98.73,6.85,119.70,86.19,97.49,Pass,0,No,0,None,None
B001882,COX-2 Inhibitor,Line 2,12-Jul-2025,2025,Team C,22.15,45.68,334.00,50.50,6.97,98.90,6.93,128.10,86.67,90.74,Pass,0,No,0,None,None
B002684,COX-2 Inhibitor,Line 2,10-Apr-2024,2024,Team B,22.37,44.73,341.00,51.30,7.13,99.34,6.88,136.90,91.07,90.87,Pass,0,No,0,None,None
B000121,COX-2 Inhibitor,Line 1,06-Oct-2025,2025,Team C,23.09,35.04,344.00,30.70,6.94,99.12,6.56,111.20,92.24,90.88,Pass,0,No,0,None,None
B002380,COX-2 Inhibitor,Line 3,26-Aug-2025,2025,Team C,22.27,37.76,335.00,42.60,8.42,99.32,6.63,116.50,85.07,91.24,Pass,0,No,0,None,None
B000004,COX-2 Inhibitor,Line 3,19-Jun-2025,2025,Team A,22.76,40.59,339.00,29.50,6.33,98.87,6.63,117.40,89.08,91.32,Pass,0,Yes,1,Equipment,Major
B001689,COX-2 Inhibitor,Line 3,07-Feb-2025,2025,Team B,22.09,38.85,387.00,25.70,6.28,98.83,6.69,110.00,90.57,91.32,Pass,0,Yes,1,Process,Critical
B002710,COX-2 Inhibitor,Line 2,03-Feb-2025,2025,Team B,22.48,55.08,383.00,27.00,6.17,98.80,6.94,116.90,91.17,91.36,Pass,0,No,0,None,None
B002959,Antidepressant,Line 2,01-Aug-2024,2024,Team B,22.14,49.75,314.00,45.90,6.68,98.67,6.66,138.20,85.43,97.23,Pass,0,No,0,None,None
B001844,AED,Line 2,08-Sep-2025,2025,Team D,24.14,39.40,306.00,45.30,7.50,99.13,6.99,125.50,87.38,97.13,Pass,0,No,0,None,None
B000969,COX-2 Inhibitor,Line 2,16-Mar-2025,2025,Team A,24.02,46.60,363.00,31.30,6.99,98.73,6.97,104.10,90.42,91.44,Pass,0,No,0,None,None
B002712,Antidepressant,Line 2,14-May-2024,2024,Team B,22.36,35.68,350.00,40.00,6.84,99.38,6.68,119.70,85.70,97.11,Pass,0,No,0,None,None
B001548,COX-2 Inhibitor,Line 1,14-Jun-2025,2025,Team D,22.81,33.96,368.00,52.90,6.24,99.69,6.64,122.70,87.28,91.51,Pass,0,No,0,None,None
B000742,Antidepressant,Line 1,25-Jan-2024,2024,Team D,20.84,43.66,327.00,44.60,6.95,99.48,6.73,125.90,90.93,97.08,Pass,0,No,0,None,None
B000953,Antidepressant,Line 3,18-Aug-2025,2025,Team D,21.10,49.01,332.00,42.20,6.61,98.89,7.08,142.40,87.56,97.08,Pass,0,No,0,None,None
B002643,COX-2 Inhibitor,Line 3,05-Mar-2024,2024,Team C,22.19,50.04,328.00,41.40,6.82,98.93,6.86,107.60,87.02,91.56,Pass,0,No,0,None,None
B001538,COX-2 Inhibitor,Line 3,18-Jun-2025,2025,Team D,22.23,39.71,359.00,27.00,7.59,99.09,6.68,113.30,92.01,91.59,Failed,1,No,0,None,None
B001611,Antidepressant,Line 3,01-Sep-2025,2025,Team B,20.82,33.14,334.00,40.60,6.84,99.46,6.53,129.30,86.55,97.06,Pass,0,No,0,None,None
B001231,Antidepressant,Line 3,24-Jun-2025,2025,Team C,21.82,37.90,325.00,39.10,8.20,98.81,6.69,134.70,84.13,97.04,Failed,1,No,0,None,None
B002647,COX-2 Inhibitor,Line 2,04-Jul-2025,2025,Team D,22.88,48.46,336.00,50.80,7.23,99.04,6.72,121.00,87.59,91.64,Pass,0,No,0,None,None
B002963,Antidepressant,Line 2,17-Sep-2025,2025,Team B,22.14,39.76,298.00,41.20,6.64,99.04,6.70,121.70,90.16,97.02,Pass,0,No,0,None,None
B000549,COX-2 Inhibitor,Line 1,13-Aug-2024,2024,Team A,22.19,41.04,296.00,28.40,6.06,99.12,6.50,109.80,88.47,91.66,Pass,0,No,0,None,None
B002332,GLP-1 Agonist,Line 3,24-Apr-2025,2025,Team B,,42.86,285.00,48.70,8.43,98.91,7.18,132.90,80.26,96.93,Pass,0,No,0,None,None
B001148,AED,Line 3,24-Nov-2024,2024,Team C,22.39,46.96,314.00,44.80,7.94,98.51,7.00,144.30,85.33,96.91,Pass,0,No,0,None,None
B001344,COX-2 Inhibitor,Line 1,19-May-2025,2025,Team B,21.64,43.43,314.00,43.20,5.46,99.47,6.58,122.90,,91.66,Pass,0,Yes,1,Material,Minor
B002188,COX-2 Inhibitor,Line 2,29-Nov-2024,2024,Team D,22.54,49.39,339.00,45.90,6.10,98.76,6.98,124.30,88.56,91.67,Pass,0,No,0,None,None
B002739,COX-2 Inhibitor,Line 3,29-Dec-2024,2024,Team D,22.14,47.23,339.00,35.40,6.80,99.11,6.90,125.10,89.12,91.67,Pass,0,No,0,None,None
B001790,Antidepressant,Line 3,14-Feb-2024,2024,Team A,22.08,37.43,350.00,41.90,8.52,98.93,6.53,132.30,87.35,96.85,Pass,0,No,0,None,None
B001979,COX-2 Inhibitor,Line 3,25-Mar-2024,2024,Team C,23.00,48.11,346.00,47.00,6.85,98.65,6.90,136.30,89.18,91.74,Pass,0,No,0,None,None
B002735,Antidepressant,Line 1,05-Sep-2025,2025,Team D,22.81,41.46,326.00,42.70,6.99,98.80,6.83,122.20,86.37,96.82,Pass,0,No,0,None,None
B000645,COX-2 Inhibitor,Line 1,12-Nov-2025,2025,Team C,23.02,45.89,335.00,22.80,6.60,99.27,6.82,89.00,91.79,91.75,Pass,0,No,0,None,None
B000466,COX-2 Inhibitor,Line 3,01-Sep-2024,2024,Team D,21.55,42.64,344.00,49.70,7.16,99.15,6.91,127.00,85.46,91.77,Pass,0,No,0,None,None
B001642,Antidepressant,Line 1,27-Jan-2024,2024,Team C,22.00,44.27,359.00,47.80,6.97,99.45,6.93,126.70,86.99,96.79,Pass,0,No,0,None,None
B002758,COX-2 Inhibitor,Line 2,05-May-2024,2024,Team B,23.05,44.03,330.00,45.00,6.53,99.11,6.78,126.60,91.11,91.84,Pass,0,No,0,None,None
B001975,Antidepressant,Line 2,16-Jul-2025,2025,Team D,22.42,45.89,320.00,42.30,6.56,98.89,6.80,133.10,88.11,96.77,Pass,0,No,0,None,None
B000165,COX-2 Inhibitor,Line 2,21-Feb-2025,2025,Team A,22.88,45.83,355.00,54.50,6.40,99.56,,134.60,82.43,91.90,Pass,0,No,0,None,None
B001628,Antidepressant,Line 1,13-Aug-2024,2024,Team A,21.76,42.35,315.00,37.30,5.94,98.97,6.76,129.50,87.84,96.74,Pass,0,No,0,None,None
B002473,COX-2 Inhibitor,Line 3,05-Jul-2025,2025,Team D,22.67,41.38,364.00,28.90,7.05,98.72,6.75,125.90,87.29,91.91,Pass,0,No,0,None,None
B001101,Antidepressant,Line 1,21-Oct-2025,2025,Team B,22.01,42.57,328.00,40.20,7.43,99.09,6.82,127.60,90.14,96.72,Pass,0,No,0,None,None
B002887,Antidepressant,Line 1,12-Jul-2024,2024,Team C,22.04,43.92,361.00,40.40,7.39,99.27,6.93,128.10,87.63,96.71,Pass,0,No,0,None,None
B001147,COX-2 Inhibitor,Line 1,27-Sep-2024,2024,Team B,22.47,45.86,363.00,43.20,7.42,99.80,6.70,135.70,88.66,91.92,Pass,0,No,0,None,None
B002176,COX-2 Inhibitor,Line 1,16-Nov-2024,2024,Team B,23.14,41.47,335.00,40.00,7.46,99.43,6.79,105.90,91.34,91.92,Pass,0,No,0,None,None
B001486,Antidepressant,Line 1,28-Dec-2025,2025,Team A,23.03,40.56,274.00,41.20,7.12,98.96,6.70,110.30,89.64,96.65,Pass,0,No,0,None,None
B000770,COX-2 Inhibitor,Line 2,13-Feb-2024,2024,Team A,20.53,39.70,317.00,47.30,7.65,99.41,6.70,114.80,88.98,91.93,Pass,0,No,0,None,None
B002958,Antidepressant,Line 1,08-Jun-2025,2025,Team B,20.78,36.88,315.00,48.10,6.76,99.30,6.52,132.30,88.90,96.62,Pass,0,No,0,None,None
B000718,Antidepressant,Line 3,07-Sep-2025,2025,Team C,21.87,34.65,318.00,42.20,7.61,98.48,6.72,121.40,87.07,96.61,Pass,0,No,0,None,None
B002906,COX-2 Inhibitor,Line 3,28-Aug-2024,2024,Team B,21.90,39.02,347.00,41.70,5.98,98.83,6.60,116.30,88.88,91.96,Pass,0,No,0,None,None
B001441,Antidepressant,Line 1,24-Nov-2025,2025,Team D,23.04,43.03,369.00,41.30,7.64,99.85,6.86,120.20,87.40,96.61,Pass,0,No,0,None,None
B001346,COX-2 Inhibitor,Line 3,08-Mar-2025,2025,Team C,22.83,41.13,328.00,41.60,7.31,99.05,6.58,120.30,84.64,92.01,Pass,0,No,0,None,None
B001213,COX-2 Inhibitor,Line 2,10-Jul-2025,2025,Team C,21.40,47.38,334.00,45.70,6.97,99.12,6.69,129.40,89.02,92.05,Pass,0,No,0,None,None
B000118,COX-2 Inhibitor,Line 3,16-Sep-2025,2025,Team D,21.00,34.02,315.00,26.10,6.15,,6.60,91.50,86.41,92.09,Pass,0,No,0,None,None
B001133,Antidepressant,Line 2,27-Jan-2024,2024,Team C,21.29,36.94,299.00,44.80,7.08,99.32,6.60,134.70,87.72,96.58,Pass,0,No,0,None,None
B002564,GLP-1 Agonist,Line 1,24-Apr-2024,2024,Team A,22.31,37.50,316.00,46.10,8.95,99.25,7.06,139.70,87.79,96.58,Pass,0,No,0,None,None
B002607,COX-2 Inhibitor,Line 1,11-Dec-2025,2025,Team D,22.85,38.36,353.00,29.90,6.59,99.16,6.64,112.20,88.87,92.09,Pass,0,No,0,None,None
B000375,Antidepressant,Line 2,02-Sep-2024,2024,Team A,23.25,36.48,311.00,43.30,7.78,99.33,6.81,113.30,87.76,96.56,Pass,0,No,0,None,None
B001865,COX-2 Inhibitor,Line 2,26-Nov-2024,2024,Team D,23.12,38.08,359.00,52.50,7.03,98.90,6.60,156.20,85.29,92.11,Pass,0,Yes,1,Process,Minor
B000256,COX-2 Inhibitor,Line 3,21-Oct-2025,2025,Team A,22.36,42.72,360.00,46.60,7.72,99.26,6.87,109.70,91.40,92.18,Pass,0,No,0,None,None
B001910,AED,Line 1,24-May-2024,2024,Team C,23.18,39.19,314.00,45.70,6.32,98.86,6.82,134.90,85.39,96.55,Pass,0,No,0,None,None
B001064,COX-2 Inhibitor,Line 2,23-Sep-2024,2024,Team D,22.92,45.54,343.00,46.70,6.85,99.58,6.68,129.00,88.39,92.21,Pass,0,No,0,None,None
B000468,AED,Line 1,25-Jun-2024,2024,Team A,22.41,45.74,337.00,44.00,6.95,98.78,6.99,122.00,89.13,96.54,Pass,0,No,0,None,None
B002659,Antidepressant,Line 1,13-Jun-2025,2025,Team C,20.50,49.06,320.00,46.80,6.98,99.34,7.00,140.40,83.45,96.54,Pass,0,No,0,None,None
B000180,COX-2 Inhibitor,Line 2,17-Nov-2024,2024,Team C,21.65,43.80,333.00,36.00,6.59,98.86,6.54,116.10,86.43,92.22,Pass,0,No,0,None,None
B001463,Antidepressant,Line 1,30-Jan-2025,2025,Team C,23.39,38.60,326.00,42.80,7.17,99.00,6.71,113.00,85.13,96.53,Pass,0,No,0,None,None
B000408,AED,Line 1,14-Apr-2025,2025,Team A,23.03,41.84,322.00,40.70,7.40,99.09,6.88,136.00,89.94,96.51,Pass,0,No,0,None,None
B001014,AED,Line 1,02-Feb-2025,2025,Team D,20.39,44.05,343.00,42.80,7.69,99.15,7.25,132.40,86.46,96.51,Pass,0,No,0,None,None
B000483,COX-2 Inhibitor,Line 3,26-Jul-2025,2025,Team A,21.87,33.82,374.00,31.10,6.93,98.99,6.47,105.40,90.81,92.23,Pass,0,No,0,None,None
B000435,Antidepressant,Line 1,12-Jun-2024,2024,Team B,21.82,41.38,305.00,43.30,6.66,98.72,6.68,128.80,88.54,96.48,Pass,0,No,0,None,None
B000636,Antidepressant,Line 1,26-Apr-2025,2025,Team C,23.51,42.85,306.00,45.40,6.96,98.98,6.86,143.90,87.15,96.48,Pass,0,No,0,None,None
B000523,Antidepressant,Line 1,21-Jun-2025,2025,Team B,21.23,48.10,307.00,52.20,7.76,99.02,6.86,122.40,88.40,96.47,Pass,0,No,0,None,None
B000552,Antidepressant,Line 2,08-Nov-2024,2024,Team C,22.12,35.03,313.00,35.00,7.11,99.33,6.79,129.40,92.46,96.47,Pass,0,No,0,None,None
B000006,AED,Line 3,17-May-2024,2024,Team C,22.84,47.88,304.00,42.80,6.70,98.11,6.90,128.70,88.12,96.45,Pass,0,No,0,None,None
B000223,COX-2 Inhibitor,Line 3,13-Feb-2024,2024,Team C,22.22,41.94,370.00,48.90,6.99,99.00,6.72,116.90,92.13,92.28,Pass,0,No,0,None,None
B000382,AED,Line 3,24-Jan-2024,2024,Team D,21.70,35.69,298.00,44.70,8.07,99.03,6.78,125.80,87.34,96.44,Pass,0,No,0,None,None
B002392,COX-2 Inhibitor,Line 2,23-Dec-2024,2024,Team D,21.85,37.66,334.00,39.80,6.36,99.11,6.66,,90.53,92.29,Pass,0,No,0,None,None
B002124,Antidepressant,Line 2,27-Jun-2024,2024,Team A,22.43,54.96,320.00,36.70,7.07,99.07,6.77,92.10,89.84,96.43,Pass,0,No,0,None,None
B000217,Antidepressant,Line 2,17-Oct-2024,2024,Team A,22.36,34.74,327.00,42.50,6.92,99.21,6.77,133.10,87.96,96.42,Pass,0,No,0,None,None
B002329,COX-2 Inhibitor,Line 2,15-Sep-2025,2025,Team A,22.12,40.08,330.00,29.00,6.06,98.82,6.74,106.50,92.85,92.30,Failed,1,No,0,None,None
B002964,COX-2 Inhibitor,Line 1,20-Feb-2025,2025,Team D,21.82,40.42,358.00,47.30,7.18,98.81,6.57,120.40,90.95,92.33,Pass,0,No,0,None,None
B001505,AED,Line 1,11-Aug-2025,2025,Team A,21.93,53.40,268.00,46.80,7.41,98.60,7.21,115.00,86.64,96.41,Pass,0,No,0,None,None
B002514,Antidepressant,Line 1,16-Jul-2024,2024,Team B,20.02,33.04,307.00,40.60,7.08,98.92,6.49,131.00,91.44,96.40,Pass,0,No,0,None,None
B002683,Antidepressant,Line 1,16-Oct-2024,2024,Team B,21.80,40.96,327.00,42.00,6.99,99.20,6.84,127.30,90.29,96.40,Pass,0,No,0,None,None
B000236,AED,Line 1,15-May-2025,2025,Team A,21.00,48.30,314.00,43.60,7.99,99.23,6.94,147.90,91.66,96.39,Pass,0,No,0,None,None
B001841,Antidepressant,Line 3,17-Jun-2024,2024,Team C,22.36,38.31,325.00,41.70,7.14,98.80,6.86,124.50,85.98,96.39,Pass,0,No,0,None,None
B001930,GLP-1 Agonist,Line 1,22-Apr-2025,2025,Team A,21.78,35.77,313.00,45.80,7.30,98.86,6.60,140.10,88.78,96.39,Pass,0,No,0,None,None
B001832,AED,Line 1,28-Aug-2025,2025,Team D,21.71,46.26,340.00,49.00,7.34,99.13,6.93,134.70,85.36,96.37,Pass,0,No,0,None,None
B001917,COX-2 Inhibitor,Line 3,31-Jan-2025,2025,Team A,20.90,39.33,335.00,48.90,6.90,99.31,6.65,120.60,87.09,92.34,Pass,0,No,0,None,None
B002916,Antidepressant,Line 2,20-Apr-2025,2025,Team D,20.82,34.14,325.00,42.70,7.52,99.43,6.73,113.90,85.84,96.36,Pass,0,No,0,None,None
B001044,COX-2 Inhibitor,Line 3,11-Jul-2024,2024,Team B,22.36,46.46,327.00,40.50,7.00,98.93,6.58,114.20,87.71,92.37,Pass,0,Yes,1,Equipment,Major
B001461,COX-2 Inhibitor,Line 2,19-Apr-2024,2024,Team C,21.96,47.54,381.00,27.40,5.17,98.94,6.68,97.80,88.64,92.37,Pass,0,No,0,None,None
B002428,COX-2 Inhibitor,Line 3,07-Jun-2025,2025,Team C,23.83,42.38,346.00,32.60,7.35,99.25,6.69,118.80,85.55,92.38,Pass,0,No,0,None,None
B002818,COX-2 Inhibitor,Line 1,19-Nov-2024,2024,Team C,21.69,48.01,308.00,42.80,7.22,99.30,6.97,116.50,88.49,92.38,Pass,0,No,0,None,None
B002931,COX-2 Inhibitor,Line 3,21-Apr-2024,2024,Team B,21.59,44.05,320.00,41.80,7.30,99.12,6.71,125.90,84.85,92.38,Pass,0,Yes,1,Environmental,Minor
B001985,COX-2 Inhibitor,Line 1,18-Oct-2025,2025,Team D,22.62,39.87,332.00,42.20,7.09,99.56,6.76,131.60,82.92,92.40,Pass,0,No,0,None,None
B000492,COX-2 Inhibitor,Line 1,02-Mar-2025,2025,Team A,21.49,44.68,329.00,33.30,6.63,98.94,6.80,110.60,88.28,92.42,Pass,0,No,0,None,None
B000159,COX-2 Inhibitor,Line 3,19-Aug-2025,2025,Team A,22.19,39.76,330.00,29.20,7.32,99.18,6.86,115.60,91.42,92.46,Pass,0,No,0,None,None
B002709,Antidepressant,Line 1,12-Oct-2024,2024,Team A,23.19,34.15,318.00,41.80,7.43,98.70,6.69,141.70,87.95,96.30,Pass,0,No,0,None,None
B002162,Antidepressant,Line 3,02-Mar-2025,2025,Team D,21.82,52.06,348.00,41.50,7.38,98.79,7.02,125.20,88.70,96.29,Pass,0,No,0,None,None
B002531,COX-2 Inhibitor,Line 2,27-Jun-2025,2025,Team A,21.15,41.13,337.00,42.60,7.76,99.09,6.48,115.50,87.41,92.46,Pass,0,No,0,None,None
B000410,AED,Line 1,08-Nov-2024,2024,Team A,21.01,36.46,302.00,44.80,7.47,98.55,6.56,111.90,86.45,96.28,Pass,0,Yes,1,Environmental,Minor
B002859,COX-2 Inhibitor,Line 2,30-May-2025,2025,Team D,21.44,46.82,340.00,36.10,5.88,99.54,6.63,117.80,89.56,92.46,Pass,0,No,0,None,None
B000411,COX-2 Inhibitor,Line 2,16-Jul-2025,2025,Team D,22.69,43.00,321.00,28.50,6.54,99.07,6.86,100.60,92.47,92.47,Pass,0,No,0,None,None
B001331,COX-2 Inhibitor,Line 1,22-Oct-2024,2024,Team C,,45.62,308.00,34.00,6.74,98.65,6.72,108.10,87.25,92.47,Pass,0,No,0,None,None
B002571,Antidepressant,Line 1,09-Apr-2024,2024,Team A,21.54,47.57,296.00,43.70,8.12,98.93,6.70,136.60,86.01,96.25,Pass,0,No,0,None,None
B002083,COX-2 Inhibitor,Line 2,21-Feb-2025,2025,Team A,22.34,39.45,304.00,32.50,5.73,99.12,6.61,116.20,89.76,92.47,Pass,0,Yes,1,Equipment,Minor
B000755,COX-2 Inhibitor,Line 2,05-Feb-2024,2024,Team C,22.08,51.39,338.00,35.10,6.59,98.95,6.64,107.90,87.41,92.49,Pass,0,No,0,None,None
B000422,Antidepressant,Line 2,13-Nov-2024,2024,Team A,21.50,38.85,316.00,43.50,7.45,99.07,6.84,129.20,85.06,96.23,Pass,0,No,0,None,None
B001308,COX-2 Inhibitor,Line 2,09-Oct-2025,2025,Team C,22.23,37.28,364.00,25.70,6.80,98.94,6.52,120.70,91.78,92.51,Pass,0,Yes,1,Documentation,Minor
B002568,Antidepressant,Line 1,03-Jul-2024,2024,Team A,21.62,47.04,309.00,42.00,7.14,99.22,6.93,130.00,87.72,96.23,Pass,0,No,0,None,None
B002579,Antidepressant,Line 3,22-Sep-2025,2025,Team D,21.62,41.67,330.00,41.50,7.42,99.19,6.91,126.30,89.04,96.23,Pass,0,No,0,None,None
B001031,COX-2 Inhibitor,Line 2,04-Mar-2025,2025,Team A,22.17,35.19,340.00,48.30,7.44,99.06,6.67,138.80,86.74,92.54,Pass,0,No,0,None,None
B001449,COX-2 Inhibitor,Line 2,28-May-2024,2024,Team B,22.90,50.81,359.00,26.10,6.40,98.82,6.74,100.90,91.44,92.54,Pass,0,No,0,None,None
B001328,COX-2 Inhibitor,Line 3,11-Jun-2024,2024,Team D,22.13,32.52,331.00,40.00,6.73,99.35,6.53,130.60,88.85,92.55,Pass,0,No,0,None,None
B001810,Antidepressant,Line 2,12-Nov-2025,2025,Team B,22.45,50.32,303.00,44.00,5.45,98.99,7.16,127.20,84.52,96.20,Pass,0,No,0,None,None
B001556,COX-2 Inhibitor,Line 3,30-Jun-2025,2025,Team C,21.98,43.01,314.00,30.70,6.12,99.38,6.70,106.70,86.89,92.55,Pass,0,No,0,None,None
B001500,COX-2 Inhibitor,Line 3,08-Feb-2024,2024,Team C,22.21,47.14,321.00,47.30,7.68,99.42,6.74,124.00,81.04,92.64,Pass,0,Yes,1,Process,Minor
B001306,AED,Line 1,23-Feb-2025,2025,Team C,21.86,46.69,278.00,44.40,8.24,,7.15,129.90,89.61,96.19,Pass,0,No,0,None,None
B000228,COX-2 Inhibitor,Line 1,30-Oct-2024,2024,Team D,22.55,34.05,349.00,43.80,7.87,99.03,6.68,119.60,89.87,92.65,Pass,0,No,0,None,None
B000318,COX-2 Inhibitor,Line 1,14-Apr-2024,2024,Team A,,43.05,355.00,47.00,6.40,99.24,6.74,117.50,82.59,92.66,Pass,0,No,0,None,None
B000460,COX-2 Inhibitor,Line 3,21-Apr-2024,2024,Team B,24.93,39.17,327.00,46.40,7.04,99.57,6.67,132.90,86.64,92.69,Pass,0,No,0,None,None
B000728,Antidepressant,Line 1,31-Dec-2024,2024,Team A,22.08,44.71,305.00,40.90,7.88,99.53,6.69,111.60,86.40,96.17,Failed,1,No,0,None,None
B001544,Antidepressant,Line 2,24-Apr-2024,2024,Team C,22.63,49.93,378.00,44.50,6.80,98.83,6.88,113.80,89.61,96.17,Pass,0,No,0,None,None
B000848,COX-2 Inhibitor,Line 3,24-Feb-2025,2025,Team D,22.11,41.88,332.00,41.30,7.05,98.92,6.87,148.30,89.34,92.70,Pass,0,No,0,None,None
B000862,COX-2 Inhibitor,Line 1,04-Aug-2024,2024,Team B,23.71,37.30,315.00,22.60,5.77,99.55,6.55,92.40,90.83,92.70,Pass,0,No,0,None,None
B002658,COX-2 Inhibitor,Line 3,10-May-2024,2024,Team B,21.96,52.48,358.00,37.00,6.77,99.23,6.62,129.20,86.87,92.70,Pass,0,No,0,None,None
B000939,AED,Line 2,15-Oct-2024,2024,Team D,20.85,43.91,310.00,46.10,6.39,,6.89,132.90,86.45,96.16,Pass,0,Yes,1,Material,Minor
B000151,AED,Line 1,07-Nov-2025,2025,Team A,19.91,47.75,286.00,45.60,7.66,98.94,6.88,136.80,86.47,96.15,Pass,0,No,0,None,None
B000595,Antidepressant,Line 1,11-Oct-2025,2025,Team D,22.67,39.83,342.00,44.20,7.08,98.96,6.79,135.30,85.85,96.15,Pass,0,No,0,None,None
B001063,Antidepressant,Line 1,20-May-2025,2025,Team B,21.58,42.61,318.00,37.90,7.02,99.15,6.59,141.90,87.67,96.15,Pass,0,No,0,None,None
B002774,Antidepressant,Line 2,04-Feb-2024,2024,Team C,21.12,40.18,347.00,40.80,7.93,99.45,6.80,,90.37,96.15,Pass,0,No,0,None,None
B002922,Antidepressant,Line 1,27-Jun-2024,2024,Team B,20.91,39.21,337.00,40.70,7.58,99.61,6.77,121.00,85.29,96.15,Pass,0,No,0,None,None
B002755,AED,Line 1,05-Feb-2024,2024,Team D,22.22,46.40,357.00,45.50,7.12,,7.12,136.90,89.40,96.14,Pass,0,No,0,None,None
B000117,COX-2 Inhibitor,Line 1,28-Mar-2025,2025,Team A,23.25,41.31,371.00,28.20,6.61,99.49,6.74,112.00,91.02,92.71,Pass,0,No,0,None,None
B000140,Antidepressant,Line 2,14-Dec-2025,2025,Team A,21.48,37.15,311.00,39.70,6.53,99.37,6.72,99.10,91.33,96.13,Pass,0,No,0,None,None
B000267,GLP-1 Agonist,Line 1,01-Apr-2025,2025,Team B,22.99,44.66,319.00,48.40,7.19,98.41,6.96,138.50,84.01,96.13,Pass,0,No,0,None,None
B000822,COX-2 Inhibitor,Line 2,20-Dec-2025,2025,Team A,23.00,39.46,364.00,28.20,6.03,98.82,6.60,123.10,93.07,92.71,Pass,0,No,0,None,None
B002429,COX-2 Inhibitor,Line 3,09-Oct-2024,2024,Team C,21.81,44.26,348.00,41.50,6.99,99.33,6.81,154.10,84.43,92.72,Pass,0,No,0,None,None
B002062,Antidepressant,Line 1,14-Apr-2025,2025,Team A,23.80,44.29,349.00,41.70,6.89,99.29,6.75,125.20,84.77,96.13,Pass,0,No,0,None,None
B000920,COX-2 Inhibitor,Line 2,18-Nov-2025,2025,Team C,22.25,39.60,309.00,33.70,6.28,,6.60,120.10,88.80,92.75,Pass,0,No,0,None,None
B001088,COX-2 Inhibitor,Line 2,30-Nov-2024,2024,Team C,20.95,49.39,352.00,35.70,5.95,98.90,6.82,118.00,88.16,92.77,Pass,0,No,0,None,None
B002930,COX-2 Inhibitor,Line 1,26-Sep-2024,2024,Team D,22.71,45.79,370.00,39.50,6.79,99.66,6.95,114.30,87.87,92.78,Pass,0,No,0,None,None
B000012,AED,Line 3,21-Jun-2025,2025,Team B,22.41,38.59,289.00,46.60,8.06,99.39,6.95,128.30,87.71,96.11,Pass,0,No,0,None,None
B001677,COX-2 Inhibitor,Line 1,10-Mar-2024,2024,Team B,23.02,40.11,322.00,42.30,7.30,99.73,6.62,116.50,87.90,92.79,Pass,0,No,0,None,None
B000292,Antidepressant,Line 3,04-Jul-2024,2024,Team C,21.80,38.71,280.00,46.30,7.78,98.92,6.77,131.90,87.32,96.08,Pass,0,No,0,None,None
B001334,AED,Line 2,18-May-2025,2025,Team D,22.40,42.50,272.00,42.30,7.20,99.67,7.13,131.10,89.99,96.08,Pass,0,No,0,None,None
B002591,COX-2 Inhibitor,Line 2,02-Oct-2024,2024,Team C,21.86,41.97,315.00,43.20,7.59,99.51,6.84,122.20,87.82,92.79,Pass,0,No,0,None,None
B001820,COX-2 Inhibitor,Line 2,12-May-2025,2025,Team B,22.42,43.99,346.00,44.00,7.60,99.20,6.60,128.00,86.43,92.82,Pass,0,No,0,None,None
B001292,COX-2 Inhibitor,Line 1,02-Mar-2025,2025,Team A,22.34,41.65,365.00,31.00,7.69,99.22,6.69,116.80,93.08,92.83,Pass,0,No,0,None,None
B002991,AED,Line 1,24-Aug-2025,2025,Team C,22.80,35.75,300.00,41.70,6.77,99.30,6.65,121.30,91.78,96.06,Pass,0,No,0,None,None
B002302,COX-2 Inhibitor,Line 2,23-Aug-2024,2024,Team C,22.22,32.24,328.00,46.90,5.99,99.38,6.47,120.80,89.78,92.84,Pass,0,No,0,None,None
B001428,Antidepressant,Line 1,19-Mar-2025,2025,Team C,20.62,39.94,344.00,39.80,6.57,100.06,6.64,107.80,85.81,96.05,Pass,0,No,0,None,None
B000837,COX-2 Inhibitor,Line 3,19-Aug-2025,2025,Team A,20.46,45.76,344.00,41.60,7.09,99.17,6.73,113.00,89.94,92.85,Pass,0,No,0,None,None
B000511,Antidepressant,Line 3,03-Feb-2024,2024,Team C,21.91,42.67,317.00,44.90,7.16,99.39,6.63,138.10,85.33,96.04,Pass,0,No,0,None,None
B001165,Antidepressant,Line 2,15-Aug-2024,2024,Team C,19.92,38.00,312.00,46.60,7.64,99.34,6.58,118.40,85.09,96.04,Pass,0,No,0,None,None
B002343,COX-2 Inhibitor,Line 3,28-Jan-2024,2024,Team B,22.19,40.24,344.00,42.90,5.86,99.07,6.64,125.40,86.71,92.85,Pass,0,No,0,None,None
B001202,COX-2 Inhibitor,Line 3,25-May-2024,2024,Team A,21.12,50.57,361.00,33.80,6.63,99.15,,123.40,90.98,92.86,Pass,0,No,0,None,None
B000698,COX-2 Inhibitor,Line 1,06-Jun-2024,2024,Team B,21.78,36.70,304.00,31.50,6.97,99.58,6.70,114.70,88.58,92.87,Pass,0,No,0,None,None
B001940,Antidepressant,Line 1,20-Sep-2024,2024,Team C,21.15,42.15,341.00,41.20,7.67,99.89,6.96,122.30,88.05,96.03,Pass,0,Yes,1,Environmental,Minor
B002553,COX-2 Inhibitor,Line 2,05-Jan-2025,2025,Team A,21.47,42.30,329.00,39.80,6.31,99.32,6.74,118.20,87.01,92.87,Pass,0,No,0,None,None
B001996,COX-2 Inhibitor,Line 1,30-Oct-2025,2025,Team B,20.60,41.36,324.00,30.80,6.13,99.19,6.53,104.00,90.84,92.88,Pass,0,No,0,None,None
B002608,Antidepressant,Line 2,04-Jun-2024,2024,Team B,21.63,42.68,314.00,42.00,7.30,99.69,6.87,128.70,88.72,96.01,Pass,0,No,0,None,None
B000112,Antidepressant,Line 1,03-Nov-2025,2025,Team A,20.85,42.51,299.00,44.70,6.86,98.90,6.78,124.80,83.65,96.00,Pass,0,No,0,None,None
B001953,COX-2 Inhibitor,Line 1,09-Jan-2025,2025,Team C,22.69,43.95,366.00,36.00,5.82,99.82,6.91,118.70,88.93,92.89,Pass,0,No,0,None,None
B001054,Antidepressant,Line 2,09-Oct-2024,2024,Team B,22.40,33.92,352.00,42.20,6.98,99.34,6.72,143.70,84.38,96.00,Pass,0,No,0,None,None
B002318,COX-2 Inhibitor,Line 3,16-Feb-2025,2025,Team A,22.41,44.99,323.00,36.40,7.27,98.96,6.88,127.10,88.39,92.91,Pass,0,No,0,None,None
B000638,COX-2 Inhibitor,Line 1,12-Dec-2025,2025,Team B,22.49,44.66,368.00,26.40,5.80,99.18,6.79,104.30,88.88,92.92,Pass,0,No,0,None,None
B000923,COX-2 Inhibitor,Line 2,28-Jul-2024,2024,Team A,21.57,41.90,373.00,45.60,7.01,99.28,6.66,139.20,87.19,92.92,Pass,0,No,0,None,None
B002809,Antidepressant,Line 1,02-Sep-2024,2024,Team A,22.73,43.92,323.00,45.80,7.06,98.63,6.96,140.10,85.29,95.98,Pass,0,No,0,None,None
B000201,COX-2 Inhibitor,Line 3,27-Jan-2024,2024,Team C,23.05,42.27,359.00,45.10,7.10,98.59,6.64,137.20,83.98,92.95,Pass,0,No,0,None,None
B000772,COX-2 Inhibitor,Line 3,19-Sep-2024,2024,Team D,22.36,47.27,316.00,32.10,6.23,99.35,6.70,118.50,93.51,92.98,Pass,0,No,0,None,None
B001525,COX-2 Inhibitor,Line 3,02-Jul-2025,2025,Team C,21.75,43.88,373.00,44.00,6.39,99.44,6.86,132.60,91.47,92.98,Pass,0,No,0,None,None
B002857,COX-2 Inhibitor,Line 2,26-Aug-2025,2025,Team B,22.52,41.72,336.00,35.10,7.68,98.92,6.57,111.20,88.41,92.98,Pass,0,No,0,None,None
B000049,COX-2 Inhibitor,Line 3,01-Aug-2024,2024,Team A,21.37,36.18,323.00,33.10,7.18,98.78,6.62,115.20,89.85,92.99,Pass,0,No,0,None,None
B002113,Antidepressant,Line 3,12-Sep-2024,2024,Team B,21.40,45.62,357.00,45.30,7.27,98.53,6.97,122.60,85.20,95.96,Pass,0,No,0,None,None
B000644,Antidepressant,Line 1,26-Feb-2025,2025,Team B,,35.87,326.00,43.00,7.58,99.04,6.81,141.30,86.52,95.95,Pass,0,No,0,None,None
B000816,AED,Line 2,28-Aug-2025,2025,Team A,22.35,44.89,302.00,44.80,7.67,99.37,6.85,130.10,84.32,95.95,Pass,0,No,0,None,None
B002550,GLP-1 Agonist,Line 2,08-May-2025,2025,Team C,21.71,47.29,311.00,44.20,7.24,99.10,6.98,123.50,86.31,95.95,Pass,0,No,0,None,None
B000677,AED,Line 1,03-Sep-2024,2024,Team B,21.66,40.68,303.00,49.00,7.00,99.62,6.83,133.70,85.03,95.94,Pass,0,No,0,None,None
B001247,COX-2 Inhibitor,Line 3,09-Oct-2025,2025,Team A,21.71,34.38,324.00,50.40,8.02,99.37,6.43,119.60,88.66,93.01,Pass,0,No,0,None,None
B002836,COX-2 Inhibitor,Line 1,09-Jun-2024,2024,Team D,21.72,47.92,311.00,25.60,5.39,99.01,6.61,124.50,93.01,93.01,Pass,0,No,0,None,None
B002362,Antidepressant,Line 1,09-Apr-2024,2024,Team B,22.81,25.88,341.00,43.80,7.42,99.47,6.59,127.30,86.37,95.93,Pass,0,Yes,1,Equipment,Major
B002714,Antidepressant,Line 3,06-Oct-2025,2025,Team C,21.38,33.81,329.00,50.00,6.94,99.36,6.65,144.30,82.78,95.92,Pass,0,No,0,None,None
B000795,Antidepressant,Line 2,13-May-2024,2024,Team B,22.43,44.29,313.00,37.80,7.93,98.69,6.87,128.10,90.56,95.91,Pass,0,No,0,None,None
B002432,COX-2 Inhibitor,Line 2,20-Jan-2024,2024,Team A,23.42,47.38,363.00,32.40,5.85,98.98,6.73,116.10,87.94,93.02,Pass,0,Yes,1,Material,Major
B002466,COX-2 Inhibitor,Line 3,03-Oct-2024,2024,Team A,22.80,35.87,348.00,31.50,6.89,99.62,6.58,115.30,88.40,93.02,Pass,0,No,0,None,None
B001493,COX-2 Inhibitor,Line 3,19-Dec-2024,2024,Team B,22.06,37.22,334.00,25.10,7.08,98.85,6.53,113.80,93.05,93.04,Pass,0,Yes,1,Environmental,Minor
B000163,Antidepressant,Line 1,14-May-2025,2025,Team A,20.99,44.07,314.00,51.90,6.96,98.93,6.86,130.30,88.47,95.90,Pass,0,No,0,None,None
B001843,Antidepressant,Line 1,12-Jan-2024,2024,Team A,21.83,42.07,297.00,35.20,6.53,99.41,6.95,112.20,89.56,95.90,Pass,0,No,0,None,None
B001903,AED,Line 1,09-Mar-2025,2025,Team C,22.34,35.59,303.00,41.10,7.57,99.09,6.77,,87.46,95.90,Pass,0,No,0,None,None
B001980,Antidepressant,Line 3,02-Jun-2025,2025,Team A,22.26,41.44,285.00,49.10,8.06,98.62,6.79,116.80,85.43,95.90,Pass,0,No,0,None,None
B002405,AED,Line 2,29-Dec-2024,2024,Team D,21.47,47.39,324.00,44.50,6.52,98.73,6.98,133.40,88.84,95.90,Pass,0,No,0,None,None
B001694,COX-2 Inhibitor,Line 3,03-Apr-2025,2025,Team A,21.91,37.72,341.00,43.90,7.26,99.40,6.45,145.00,82.18,93.04,Pass,0,No,0,None,None
B000775,Antidepressant,Line 3,22-Sep-2024,2024,Team A,21.06,36.02,294.00,37.60,7.12,99.20,6.76,123.50,91.18,95.89,Failed,1,No,0,None,None
B001097,Antidepressant,Line 2,04-Aug-2024,2024,Team A,21.57,38.82,301.00,44.10,6.42,99.09,6.80,127.70,92.48,95.89,Pass,0,No,0,None,None
B001729,Antidepressant,Line 2,04-Oct-2024,2024,Team B,21.11,46.27,302.00,34.80,7.41,99.71,6.82,116.50,91.50,95.89,Pass,0,No,0,None,None
B000495,AED,Line 1,19-Sep-2025,2025,Team C,22.86,33.43,306.00,44.80,7.87,98.97,6.88,138.10,83.85,95.88,Pass,0,No,0,None,None
B002010,COX-2 Inhibitor,Line 2,12-May-2025,2025,Team D,23.35,34.21,342.00,32.10,5.85,99.49,6.31,130.50,90.73,93.04,Pass,0,No,0,None,None
B002297,COX-2 Inhibitor,Line 3,30-Oct-2024,2024,Team B,22.01,43.67,356.00,43.40,8.02,99.30,6.69,101.50,87.02,93.04,Pass,0,Yes,1,Documentation,Minor
B001700,COX-2 Inhibitor,Line 3,07-Feb-2024,2024,Team D,22.19,42.22,323.00,41.20,7.18,99.26,6.68,130.90,84.15,93.05,Pass,0,No,0,None,None
B002611,AED,Line 1,27-May-2024,2024,Team D,21.03,51.34,350.00,44.80,7.18,98.76,7.04,122.10,88.67,95.88,Pass,0,No,0,None,None
B002823,Antidepressant,Line 3,14-Jul-2024,2024,Team B,23.39,36.54,337.00,42.70,8.49,98.63,6.72,137.20,87.47,95.88,Pass,0,No,0,None,None
B001114,AED,Line 2,25-Feb-2025,2025,Team D,,35.15,327.00,45.20,7.61,,6.86,116.90,89.58,95.87,Pass,0,No,0,None,None
B002196,AED,Line 3,19-Apr-2025,2025,Team B,23.18,37.73,319.00,41.10,7.51,99.42,6.72,124.50,85.99,95.87,Pass,0,No,0,None,None
B001884,COX-2 Inhibitor,Line 2,12-Aug-2024,2024,Team B,23.03,44.56,281.00,41.20,7.20,98.75,6.63,113.10,89.41,93.05,Pass,0,No,0,None,None
B002490,COX-2 Inhibitor,Line 3,18-Feb-2025,2025,Team B,23.50,39.03,323.00,41.20,7.28,99.26,6.85,127.50,87.25,93.06,Pass,0,No,0,None,None
B000338,COX-2 Inhibitor,Line 3,07-Apr-2025,2025,Team B,22.48,43.71,332.00,33.70,6.06,99.06,6.69,106.60,89.15,93.10,Pass,0,No,0,None,None
B000875,COX-2 Inhibitor,Line 3,19-Jul-2025,2025,Team D,22.09,41.57,345.00,38.90,7.20,98.99,6.67,120.80,89.00,93.10,Pass,0,No,0,None,None
B001304,Antidepressant,Line 2,15-Jan-2025,2025,Team D,21.62,43.82,320.00,38.20,6.84,98.65,6.60,126.90,91.22,95.84,Pass,0,No,0,None,None
B002981,COX-2 Inhibitor,Line 2,26-Apr-2024,2024,Team A,22.33,43.03,372.00,33.20,6.97,99.37,6.66,118.80,90.06,93.10,Pass,0,No,0,None,None
B000991,COX-2 Inhibitor,Line 3,28-Mar-2024,2024,Team A,22.41,47.48,365.00,27.60,6.28,98.84,6.75,116.50,89.85,93.11,Pass,0,No,0,None,None
B002965,Antidepressant,Line 3,25-Aug-2024,2024,Team A,22.67,37.43,332.00,37.60,6.84,99.10,6.62,141.10,88.39,95.84,Pass,0,No,0,None,None
B000814,COX-2 Inhibitor,Line 1,28-Mar-2025,2025,Team D,22.58,46.99,362.00,42.00,7.83,98.92,6.71,134.70,88.61,93.13,Pass,0,Yes,1,Material,Minor
B001897,COX-2 Inhibitor,Line 1,04-Aug-2024,2024,Team D,21.41,44.24,296.00,44.20,6.98,98.69,6.82,119.40,89.27,93.14,Pass,0,No,0,None,None
B000376,Antidepressant,Line 2,07-May-2025,2025,Team B,22.35,38.90,310.00,45.40,6.47,98.76,6.93,124.00,87.46,95.83,Pass,0,No,0,None,None
B001211,COX-2 Inhibitor,Line 3,30-Dec-2024,2024,Team A,22.63,46.96,316.00,48.50,7.30,99.10,6.62,115.80,88.00,93.15,Pass,0,No,0,None,None
B002450,COX-2 Inhibitor,Line 2,05-Jan-2025,2025,Team C,22.61,39.79,359.00,38.80,7.28,99.07,6.64,108.50,94.10,93.15,Pass,0,No,0,None,None
B002566,GLP-1 Agonist,Line 1,01-Dec-2025,2025,Team A,21.99,45.75,321.00,47.30,7.22,,7.02,139.70,88.53,95.83,Pass,0,No,0,None,None
B001901,COX-2 Inhibitor,Line 2,22-Dec-2025,2025,Team D,23.44,42.71,315.00,34.40,6.52,98.99,6.68,125.00,90.19,93.17,Pass,0,No,0,None,None
B002894,COX-2 Inhibitor,Line 3,08-Feb-2024,2024,Team C,22.55,45.39,325.00,45.90,7.03,98.84,6.98,131.80,84.78,93.17,Pass,0,No,0,None,None
B001029,COX-2 Inhibitor,Line 2,11-Jun-2024,2024,Team A,22.29,40.25,340.00,34.30,6.92,,6.77,107.10,90.05,93.18,Pass,0,No,0,None,None
B002273,COX-2 Inhibitor,Line 3,19-Apr-2025,2025,Team C,24.77,49.48,334.00,40.70,6.13,98.71,6.89,128.40,88.20,93.18,Pass,0,No,0,None,None
B001726,Antidepressant,Line 1,20-Dec-2024,2024,Team A,20.48,30.78,299.00,45.80,6.74,99.70,6.69,118.70,87.21,95.81,Pass,0,No,0,None,None
B000930,COX-2 Inhibitor,Line 3,27-Apr-2024,2024,Team C,22.54,40.57,357.00,27.00,6.72,98.75,6.76,102.10,91.41,93.20,Pass,0,No,0,None,None
B002804,COX-2 Inhibitor,Line 2,20-Oct-2025,2025,Team B,21.86,36.19,301.00,38.20,6.13,99.50,6.72,,88.67,93.21,Failed,1,No,0,None,None
B000976,COX-2 Inhibitor,Line 1,23-Nov-2025,2025,Team C,21.59,44.66,341.00,45.50,6.87,99.72,6.61,120.50,87.76,93.22,Pass,0,No,0,None,None
B001215,Antidepressant,Line 2,27-Nov-2025,2025,Team A,22.62,46.43,325.00,42.70,6.79,99.39,6.88,122.40,87.42,95.80,Pass,0,No,0,None,None
B001899,Antidepressant,Line 3,27-Aug-2024,2024,Team D,21.09,46.89,349.00,42.50,8.04,98.95,7.02,121.90,91.16,95.80,Pass,0,No,0,None,None
B001174,COX-2 Inhibitor,Line 1,17-Nov-2025,2025,Team A,23.31,35.29,342.00,48.50,6.67,99.39,6.70,119.00,86.96,93.23,Pass,0,No,0,None,None
B000812,Antidepressant,Line 1,17-May-2024,2024,Team C,22.49,34.80,310.00,48.40,7.94,99.43,6.30,116.80,84.40,95.79,Pass,0,No,0,None,None
B002293,COX-2 Inhibitor,Line 3,08-Apr-2025,2025,Team A,22.18,45.67,356.00,42.80,7.16,99.31,6.73,127.60,88.34,93.23,Pass,0,No,0,None,None
B001978,AED,Line 1,07-Aug-2025,2025,Team A,22.49,49.79,326.00,47.70,6.21,99.17,6.90,121.10,86.08,95.78,Pass,0,Yes,1,Process,Minor
B002133,AED,Line 1,07-May-2025,2025,Team D,21.55,45.81,310.00,44.70,7.04,98.33,6.84,132.30,83.98,95.78,Pass,0,No,0,None,None
B002254,COX-2 Inhibitor,Line 3,09-Aug-2024,2024,Team B,22.68,38.97,323.00,44.00,7.76,99.58,6.43,125.20,85.87,93.24,Pass,0,No,0,None,None
B001342,AED,Line 1,06-Dec-2025,2025,Team B,21.74,47.08,307.00,42.60,7.13,98.70,7.13,136.80,86.49,95.77,Pass,0,No,0,None,None
B002257,AED,Line 2,05-Jul-2024,2024,Team D,21.80,42.72,313.00,44.70,6.49,98.63,6.63,113.70,88.89,95.77,Pass,0,No,0,None,None
B000484,GLP-1 Agonist,Line 2,30-Nov-2024,2024,Team A,21.82,46.36,279.00,47.50,7.50,98.76,7.07,150.30,90.43,95.76,Pass,0,No,0,None,None
B000735,Antidepressant,Line 1,25-Oct-2025,2025,Team A,21.83,40.64,320.00,45.10,6.84,99.55,6.84,131.20,85.93,95.76,Pass,0,No,0,None,None
B001932,COX-2 Inhibitor,Line 2,03-Jan-2025,2025,Team C,23.37,44.08,348.00,31.60,6.04,98.70,6.87,112.40,87.69,93.26,Pass,0,No,0,None,None
B001386,Antidepressant,Line 3,24-Mar-2024,2024,Team D,20.42,36.95,326.00,43.50,7.50,99.38,6.71,136.50,88.26,95.76,Pass,0,No,0,None,None
B002642,COX-2 Inhibitor,Line 3,07-Oct-2024,2024,Team A,22.75,42.36,352.00,41.10,6.61,99.46,6.62,115.40,87.17,93.26,Pass,0,No,0,None,None
B001410,COX-2 Inhibitor,Line 1,07-Aug-2024,2024,Team B,21.83,38.19,358.00,29.70,6.38,99.66,6.55,117.30,88.23,93.28,Pass,0,No,0,None,None
B001420,AED,Line 2,03-Dec-2025,2025,Team A,21.68,39.72,307.00,44.50,7.42,98.85,6.87,132.10,84.56,95.75,Pass,0,No,0,None,None
B001673,COX-2 Inhibitor,Line 1,06-Aug-2024,2024,Team B,23.28,50.93,337.00,32.50,6.48,98.86,6.57,117.60,,93.28,Pass,0,No,0,None,None
B000023,AED,Line 2,27-May-2025,2025,Team D,22.12,45.62,288.00,44.70,7.87,99.16,6.92,126.30,84.72,95.74,Pass,0,No,0,None,None
B000281,Antidepressant,Line 2,05-Mar-2024,2024,Team C,22.62,38.57,317.00,40.90,7.78,99.35,6.75,140.30,85.75,95.74,Pass,0,No,0,None,None
B000245,COX-2 Inhibitor,Line 1,28-Nov-2024,2024,Team A,23.07,32.58,362.00,36.10,6.92,98.82,6.42,130.60,91.98,93.29,Pass,0,No,0,None,None
B000917,Antidepressant,Line 2,02-Nov-2024,2024,Team D,22.27,52.34,321.00,38.80,6.77,98.76,6.94,129.00,87.31,95.73,Pass,0,No,0,None,None
B000329,COX-2 Inhibitor,Line 2,13-Dec-2024,2024,Team B,22.45,46.61,348.00,42.70,5.87,99.06,6.70,116.00,89.91,93.29,Pass,0,No,0,None,None
B000906,COX-2 Inhibitor,Line 2,10-Oct-2025,2025,Team B,22.80,43.65,327.00,34.90,6.42,99.30,6.65,120.40,86.24,93.29,Pass,0,No,0,None,None
B002031,Antidepressant,Line 1,08-Jan-2024,2024,Team D,22.18,48.72,342.00,44.70,7.38,98.36,6.74,123.00,85.85,95.73,Pass,0,No,0,None,None
B002408,GLP-1 Agonist,Line 1,08-Sep-2024,2024,Team D,21.05,42.01,305.00,51.60,8.50,98.71,6.93,130.70,83.00,95.73,Pass,0,No,0,None,None
B002773,AED,Line 1,01-Jun-2025,2025,Team B,21.62,,323.00,43.40,7.14,99.08,6.91,133.10,86.22,95.73,Pass,0,No,0,None,None
B002844,Antidepressant,Line 2,30-Jun-2025,2025,Team A,22.13,44.16,324.00,37.50,6.96,98.80,6.86,129.00,88.12,95.73,Pass,0,No,0,None,None
B000055,COX-2 Inhibitor,Line 2,19-May-2025,2025,Team C,23.47,47.73,335.00,44.50,7.15,99.07,6.69,130.30,87.82,93.30,Pass,0,No,0,None,None
B000659,COX-2 Inhibitor,Line 3,25-Feb-2025,2025,Team A,21.88,44.13,322.00,44.80,7.22,98.82,6.74,128.70,,93.30,Pass,0,No,0,None,None
B001963,COX-2 Inhibitor,Line 2,30-Aug-2025,2025,Team A,22.45,49.90,338.00,44.60,7.74,,6.88,,88.42,93.30,Pass,0,No,0,None,None
B000628,Antidepressant,Line 3,02-Jul-2024,2024,Team A,21.84,49.24,301.00,36.40,7.30,98.92,7.01,,87.82,95.71,Pass,0,No,0,None,None
B000988,Antidepressant,Line 2,23-Sep-2025,2025,Team A,22.47,42.01,317.00,37.70,7.09,99.44,6.86,116.30,89.46,95.71,Pass,0,No,0,None,None
B000745,GLP-1 Agonist,Line 1,31-Dec-2025,2025,Team B,21.37,45.39,296.00,44.40,8.47,98.97,7.01,109.00,87.24,95.70,Pass,0,No,0,None,None
B001581,AED,Line 3,18-Dec-2025,2025,Team B,22.10,39.79,304.00,47.90,7.79,99.21,6.82,129.60,82.92,95.70,Pass,0,No,0,None,None
B002573,COX-2 Inhibitor,Line 2,20-Jun-2024,2024,Team B,21.69,45.35,336.00,44.10,6.26,98.67,6.76,111.50,87.26,93.30,Pass,0,No,0,None,None
B000597,COX-2 Inhibitor,Line 3,03-Feb-2024,2024,Team D,22.70,48.92,350.00,32.30,7.09,99.12,6.77,119.50,88.28,93.31,Pass,0,No,0,None,None
B000669,GLP-1 Agonist,Line 2,31-Aug-2024,2024,Team D,21.24,39.79,308.00,53.60,7.61,98.78,6.83,146.40,85.38,95.69,Pass,0,No,0,None,None
B000706,COX-2 Inhibitor,Line 1,28-Feb-2025,2025,Team D,23.02,43.81,349.00,39.20,7.47,99.26,6.90,114.20,86.03,93.32,Pass,0,No,0,None,None
B002912,Antidepressant,Line 1,29-Sep-2024,2024,Team C,23.22,44.75,357.00,39.80,6.73,99.11,6.87,,91.32,95.69,Pass,0,No,0,None,None
B001466,COX-2 Inhibitor,Line 1,06-Nov-2025,2025,Team D,22.79,37.75,380.00,28.50,6.80,99.06,6.85,114.40,90.94,93.32,Pass,0,No,0,None,None
B001605,Antidepressant,Line 3,17-Nov-2025,2025,Team B,22.40,42.18,301.00,41.90,7.49,99.08,6.84,127.30,86.70,95.68,Pass,0,No,0,None,None
B002822,COX-2 Inhibitor,Line 3,26-Sep-2024,2024,Team D,22.28,48.08,349.00,38.30,7.19,98.83,6.83,114.30,85.47,93.32,Pass,0,No,0,None,None
B001190,COX-2 Inhibitor,Line 2,02-Feb-2024,2024,Team D,21.72,37.58,338.00,38.80,6.92,98.94,6.61,114.70,85.57,93.33,Pass,0,No,0,None,None
B001512,Antidepressant,Line 2,26-May-2024,2024,Team A,22.94,38.30,338.00,44.50,6.44,99.86,6.69,136.60,89.04,95.66,Pass,0,No,0,None,None
B001662,COX-2 Inhibitor,Line 3,20-May-2024,2024,Team B,21.89,39.25,337.00,44.60,7.07,99.68,6.81,115.60,89.97,93.33,Pass,0,No,0,None,None
B001862,AED,Line 3,06-Jan-2024,2024,Team A,22.42,43.08,334.00,53.90,6.80,99.25,6.87,141.40,87.50,95.66,Pass,0,No,0,None,None
B000828,Antidepressant,Line 1,30-Sep-2025,2025,Team D,22.17,38.52,308.00,48.80,6.41,99.16,6.69,133.20,85.81,95.65,Pass,0,No,0,None,None
B002973,Antidepressant,Line 2,02-Jan-2025,2025,Team B,21.59,39.84,324.00,44.80,6.76,99.37,6.93,138.10,81.94,95.65,Pass,0,No,0,None,None
B000929,COX-2 Inhibitor,Line 1,23-Dec-2024,2024,Team A,22.84,47.99,346.00,42.10,6.83,99.22,6.79,129.90,88.05,93.34,Pass,0,No,0,None,None
B001299,COX-2 Inhibitor,Line 2,16-Oct-2025,2025,Team A,21.18,34.95,362.00,30.90,6.82,99.52,6.85,100.80,91.62,93.35,Pass,0,No,0,None,None
B000475,Antidepressant,Line 2,01-Jan-2024,2024,Team D,23.76,37.71,329.00,45.00,7.37,99.36,6.70,118.70,88.48,95.64,Pass,0,No,0,None,None
B002192,COX-2 Inhibitor,Line 3,18-Jul-2025,2025,Team B,22.40,49.40,363.00,31.20,6.66,98.62,6.93,107.30,86.71,93.35,Pass,0,No,0,None,None
B000890,COX-2 Inhibitor,Line 1,12-Mar-2025,2025,Team A,23.53,41.76,326.00,40.90,6.25,98.78,6.89,118.50,90.20,93.36,Pass,0,No,0,None,None
B001303,COX-2 Inhibitor,Line 3,09-Jun-2024,2024,Team C,22.66,48.23,363.00,41.60,7.11,98.87,6.69,118.40,87.71,93.36,Pass,0,No,0,None,None
B002987,Antidepressant,Line 1,29-Jul-2025,2025,Team A,22.40,43.22,331.00,41.20,6.90,98.73,6.76,119.20,90.76,95.63,Pass,0,No,0,None,None
B000415,Antidepressant,Line 1,30-Apr-2025,2025,Team A,21.65,40.60,286.00,39.10,7.17,98.98,6.77,126.60,89.72,95.62,Pass,0,No,0,None,None
B002102,Antidepressant,Line 1,20-Mar-2025,2025,Team D,21.92,46.94,310.00,41.40,7.37,98.74,6.92,134.10,86.37,95.62,Pass,0,No,0,None,None
B000781,Antidepressant,Line 1,27-Feb-2024,2024,Team B,22.69,43.21,331.00,44.20,6.67,99.17,6.84,117.10,87.59,95.61,Pass,0,No,0,None,None
B001163,AED,Line 3,21-May-2025,2025,Team D,22.40,40.16,308.00,41.80,7.37,98.88,6.72,118.60,85.62,95.61,Pass,0,No,0,None,None
B000568,Antidepressant,Line 2,12-Jun-2024,2024,Team A,21.06,43.93,310.00,43.90,6.95,99.03,6.70,126.90,84.02,95.60,Pass,0,No,0,None,None
B001170,Antidepressant,Line 2,02-Apr-2024,2024,Team B,20.68,45.46,313.00,45.40,7.75,98.93,6.90,125.80,86.37,95.60,Pass,0,No,0,None,None
B001374,AED,Line 1,30-Sep-2024,2024,Team D,20.49,45.03,295.00,49.70,7.40,98.49,7.04,121.80,84.26,95.60,Pass,0,No,0,None,None
B002064,Antidepressant,Line 1,28-Jan-2024,2024,Team A,21.80,40.63,319.00,38.70,6.67,99.05,6.80,124.20,88.87,95.60,Pass,0,No,0,None,None
B001799,COX-2 Inhibitor,Line 3,08-Oct-2025,2025,Team C,22.26,39.11,347.00,42.10,6.23,99.14,6.53,111.40,86.94,93.36,Pass,0,No,0,None,None
B002430,COX-2 Inhibitor,Line 2,03-Jan-2024,2024,Team D,21.95,50.99,334.00,36.80,6.51,99.19,6.90,115.20,89.92,93.37,Pass,0,No,0,None,None
B001307,COX-2 Inhibitor,Line 2,14-Jan-2025,2025,Team C,23.30,40.70,333.00,29.80,5.65,99.57,,121.00,91.94,93.38,Pass,0,No,0,None,None
B000019,AED,Line 1,23-Jan-2024,2024,Team A,22.06,,318.00,42.00,6.23,98.92,6.93,126.60,87.33,95.57,Pass,0,No,0,None,None
B001230,Antidepressant,Line 1,02-Apr-2024,2024,Team D,21.85,42.33,337.00,44.70,7.07,98.87,6.86,140.70,83.98,95.57,Pass,0,No,0,None,None
B000389,Antidepressant,Line 2,14-Oct-2024,2024,Team D,21.73,48.62,277.00,43.70,7.84,98.84,6.93,129.00,82.51,95.56,Pass,0,No,0,None,None
B001880,COX-2 Inhibitor,Line 2,05-May-2024,2024,Team B,23.33,37.75,347.00,27.10,6.12,99.24,6.51,105.30,89.08,93.38,Pass,0,No,0,None,None
B001184,Antidepressant,Line 2,17-Feb-2024,2024,Team C,20.40,30.42,316.00,40.70,6.90,99.34,6.79,126.40,84.78,95.56,Pass,0,No,0,None,None
B001473,Antidepressant,Line 2,21-Dec-2025,2025,Team A,21.96,39.27,306.00,40.20,6.14,98.94,6.87,128.90,88.28,95.56,Pass,0,No,0,None,None
B002726,COX-2 Inhibitor,Line 3,15-Sep-2025,2025,Team D,22.54,48.22,372.00,30.90,6.19,99.05,6.57,107.40,90.93,93.40,Pass,0,No,0,None,None
B002675,COX-2 Inhibitor,Line 2,24-Jul-2024,2024,Team D,21.16,37.70,344.00,44.30,7.04,99.26,6.72,133.60,92.28,93.41,Pass,0,No,0,None,None
B000699,COX-2 Inhibitor,Line 1,02-Feb-2024,2024,Team C,22.78,37.65,367.00,43.00,6.18,99.36,6.76,121.20,85.19,93.42,Pass,0,No,0,None,None
B001965,COX-2 Inhibitor,Line 1,23-Feb-2025,2025,Team C,23.75,49.01,359.00,50.30,7.02,99.15,6.82,111.10,86.19,93.42,Pass,0,No,0,None,None
B001019,Antidepressant,Line 1,18-Apr-2024,2024,Team D,22.17,46.20,304.00,38.60,6.66,98.88,6.90,121.20,89.15,95.55,Pass,0,No,0,None,None
B001413,AED,Line 3,08-Jun-2025,2025,Team B,21.38,42.08,297.00,37.20,7.44,98.94,6.91,124.60,85.16,95.55,Pass,0,No,0,None,None
B000968,Antidepressant,Line 1,12-Dec-2025,2025,Team C,23.30,36.30,340.00,47.50,6.97,99.27,6.57,128.00,83.34,95.54,Pass,0,No,0,None,None
B001237,Antidepressant,Line 2,22-Jun-2024,2024,Team D,21.78,37.08,362.00,43.70,6.05,99.04,6.64,119.20,82.66,95.54,Pass,0,No,0,None,None
B001366,GLP-1 Agonist,Line 1,07-Jan-2025,2025,Team C,22.28,43.31,271.00,48.20,8.52,99.42,6.83,117.60,86.25,95.54,Pass,0,No,0,None,None
B001781,Antidepressant,Line 1,28-Feb-2024,2024,Team B,22.79,42.86,356.00,43.70,6.54,99.24,6.90,138.40,85.28,95.54,Pass,0,No,0,None,None
B001361,COX-2 Inhibitor,Line 1,06-Sep-2025,2025,Team C,21.97,42.08,321.00,42.60,8.16,99.12,6.71,122.30,85.97,93.44,Pass,0,No,0,None,None
B002108,AED,Line 1,03-Jun-2025,2025,Team B,21.61,43.21,313.00,44.90,7.52,99.67,6.92,124.60,88.97,95.54,Pass,0,Yes,1,Documentation,Minor
B002795,AED,Line 3,14-Feb-2025,2025,Team C,22.39,45.85,325.00,45.70,8.11,98.94,6.89,126.40,83.82,95.54,Pass,0,No,0,None,None
B001722,Antidepressant,Line 2,05-May-2024,2024,Team A,22.37,39.65,305.00,43.50,7.09,99.13,6.57,122.20,87.29,95.53,Pass,0,No,0,None,None
B002686,COX-2 Inhibitor,Line 1,17-Apr-2024,2024,Team D,22.32,47.52,302.00,30.60,6.62,98.89,6.63,110.20,90.97,93.47,Pass,0,No,0,None,None
B001766,Antidepressant,Line 1,20-Mar-2024,2024,Team B,21.31,39.84,330.00,42.00,6.74,,6.84,118.00,87.78,95.52,Pass,0,No,0,None,None
B002868,COX-2 Inhibitor,Line 3,03-Dec-2025,2025,Team A,22.65,41.70,357.00,43.10,7.20,99.21,6.76,122.50,87.97,93.47,Pass,0,No,0,None,None
B002927,COX-2 Inhibitor,Line 3,18-Dec-2024,2024,Team C,22.01,37.50,343.00,43.50,5.94,98.71,6.65,138.60,85.25,93.47,Pass,0,No,0,None,None
B001382,Antidepressant,Line 1,03-May-2025,2025,Team B,21.96,43.45,336.00,40.60,6.64,98.96,6.67,125.70,86.60,95.51,Pass,0,No,0,None,None
B002826,COX-2 Inhibitor,Line 1,29-Mar-2025,2025,Team A,22.58,40.80,315.00,35.60,6.27,99.44,6.62,128.70,91.31,93.48,Pass,0,No,0,None,None
B000120,COX-2 Inhibitor,Line 1,15-Oct-2025,2025,Team D,21.09,41.72,357.00,46.60,7.47,99.32,6.63,134.20,89.06,93.50,Pass,0,No,0,None,None
B000393,COX-2 Inhibitor,Line 3,14-Aug-2024,2024,Team B,23.29,45.97,365.00,34.30,7.21,99.17,6.67,117.30,88.51,93.50,Failed,1,No,0,None,None
B001530,Antidepressant,Line 2,01-May-2025,2025,Team B,22.30,,356.00,39.10,6.93,,7.01,115.60,86.66,95.49,Pass,0,No,0,None,None
B001162,COX-2 Inhibitor,Line 1,02-Jun-2024,2024,Team D,23.28,40.91,371.00,27.80,6.31,98.94,6.75,92.70,93.30,93.51,Pass,0,No,0,None,None
B000100,AED,Line 1,06-Jan-2024,2024,Team C,21.37,54.53,322.00,48.80,7.75,99.02,7.06,136.70,84.81,95.48,Pass,0,No,0,None,None
B000179,AED,Line 1,24-Aug-2024,2024,Team A,22.07,44.10,307.00,44.20,7.16,99.11,6.68,129.70,83.43,95.48,Pass,0,No,0,None,None
B002539,Antidepressant,Line 2,31-Mar-2025,2025,Team C,22.06,42.23,299.00,38.90,7.63,99.30,6.98,123.40,91.42,95.48,Pass,0,No,0,None,None
B001596,COX-2 Inhibitor,Line 3,22-Jul-2024,2024,Team A,21.99,45.74,311.00,39.10,6.89,99.14,7.10,119.20,88.65,93.51,Pass,0,No,0,None,None
B002990,COX-2 Inhibitor,Line 2,09-Nov-2024,2024,Team D,23.46,39.94,338.00,36.90,6.82,99.16,6.55,113.50,90.09,93.52,Pass,0,No,0,None,None
B002280,COX-2 Inhibitor,Line 3,11-Jan-2024,2024,Team A,23.30,31.65,357.00,31.40,6.41,99.41,6.67,135.30,88.09,93.53,Pass,0,No,0,None,None
B000790,COX-2 Inhibitor,Line 3,07-Oct-2024,2024,Team C,23.50,47.39,354.00,36.80,7.40,98.58,6.90,117.60,90.08,93.54,Pass,0,No,0,None,None
B002061,AED,Line 1,13-Mar-2025,2025,Team D,22.58,38.35,288.00,45.20,7.27,99.13,6.98,129.80,83.97,95.47,Pass,0,No,0,None,None
B000162,AED,Line 3,07-Jul-2024,2024,Team A,22.52,46.67,297.00,45.50,6.71,99.15,7.13,132.80,85.45,95.46,Pass,0,No,0,None,None
B001465,COX-2 Inhibitor,Line 1,24-Mar-2025,2025,Team D,22.93,44.77,358.00,35.50,7.40,99.19,6.83,106.50,92.50,93.54,Pass,0,No,0,None,None
B002427,Antidepressant,Line 3,07-Mar-2024,2024,Team D,23.32,40.37,306.00,40.60,7.08,98.71,6.76,122.50,90.16,95.46,Pass,0,No,0,None,None
B001805,COX-2 Inhibitor,Line 3,10-May-2025,2025,Team C,21.99,41.67,355.00,40.50,6.87,98.82,6.77,122.20,88.04,93.54,Pass,0,No,0,None,None
B002422,Antidepressant,Line 2,09-Jun-2025,2025,Team C,22.48,36.59,318.00,42.80,6.85,99.20,6.80,137.30,84.50,95.45,Pass,0,No,0,None,None
B002976,AED,Line 1,15-Dec-2025,2025,Team A,20.75,39.69,309.00,43.50,7.98,99.40,6.75,117.10,88.09,95.44,Pass,0,No,0,None,None
B000420,AED,Line 3,01-May-2025,2025,Team D,21.47,39.34,323.00,39.80,6.88,98.84,6.70,128.60,86.28,95.43,Pass,0,No,0,None,None
B002206,COX-2 Inhibitor,Line 1,06-Aug-2024,2024,Team C,22.90,45.54,338.00,47.70,7.28,99.21,6.93,124.50,91.02,93.55,Pass,0,No,0,None,None
B001783,Antidepressant,Line 3,24-Mar-2024,2024,Team B,21.72,32.46,330.00,43.60,7.68,99.39,6.74,121.00,83.66,95.43,Pass,0,No,0,None,None
B000034,GLP-1 Agonist,Line 1,28-Sep-2025,2025,Team A,21.42,46.72,326.00,48.80,8.17,98.72,7.02,130.40,87.96,95.42,Pass,0,No,0,None,None
B002646,AED,Line 1,12-Apr-2025,2025,Team B,22.74,43.75,319.00,42.40,8.23,98.49,7.32,124.50,88.72,95.42,Pass,0,No,0,None,None
B000207,Antidepressant,Line 1,01-Nov-2024,2024,Team B,20.77,41.36,320.00,43.90,7.05,98.86,6.63,128.00,86.72,95.41,Pass,0,No,0,None,None
B001156,Antidepressant,Line 1,26-Jun-2024,2024,Team D,21.93,26.91,320.00,37.70,6.93,99.54,6.42,122.20,85.80,95.41,Pass,0,Yes,1,Process,Minor
B002194,Antidepressant,Line 3,27-Apr-2025,2025,Team B,21.28,34.91,352.00,40.70,7.38,99.30,6.62,128.90,85.83,95.41,Pass,0,No,0,None,None
B002424,Antidepressant,Line 1,05-Apr-2024,2024,Team D,21.77,44.60,332.00,38.00,6.33,99.11,6.84,140.80,86.13,95.41,Pass,0,No,0,None,None
B002644,AED,Line 2,19-Oct-2024,2024,Team A,22.66,40.09,346.00,41.00,6.33,99.49,7.01,137.10,,95.41,Pass,0,No,0,None,None
B000491,COX-2 Inhibitor,Line 2,24-May-2025,2025,Team C,21.55,41.89,328.00,29.80,5.89,99.11,6.57,,87.77,93.56,Pass,0,Yes,1,Environmental,Major
B000271,Antidepressant,Line 3,02-Jun-2025,2025,Team D,22.67,44.76,304.00,43.30,7.30,99.07,6.68,136.00,84.18,95.40,Pass,0,No,0,None,None
B000829,AED,Line 3,03-Nov-2025,2025,Team C,20.76,44.97,339.00,41.30,7.54,98.90,6.71,131.70,87.90,95.40,Pass,0,No,0,None,None
B001266,AED,Line 2,08-Aug-2025,2025,Team D,21.81,40.81,320.00,45.20,6.87,98.89,6.67,130.80,87.34,95.40,Pass,0,No,0,None,None
B001679,AED,Line 1,25-Oct-2024,2024,Team D,21.73,43.12,339.00,41.80,6.72,98.76,6.77,121.10,84.47,95.40,Pass,0,No,0,None,None
B000574,COX-2 Inhibitor,Line 2,21-May-2025,2025,Team C,22.00,46.23,361.00,38.30,5.84,98.99,6.71,128.60,88.11,93.56,Pass,0,No,0,None,None
B000421,COX-2 Inhibitor,Line 3,06-Jan-2024,2024,Team C,22.47,33.87,341.00,39.60,7.31,99.15,6.69,124.40,86.12,93.57,Pass,0,No,0,None,None
B002040,COX-2 Inhibitor,Line 3,18-Mar-2024,2024,Team C,22.06,42.66,367.00,33.60,5.95,98.97,6.92,115.30,88.87,93.57,Pass,0,No,0,None,None
B000693,Antidepressant,Line 1,28-Mar-2024,2024,Team D,21.97,,355.00,45.30,6.57,99.04,6.93,137.80,87.03,95.39,Pass,0,No,0,None,None
B001482,Antidepressant,Line 2,13-Feb-2024,2024,Team C,21.68,38.91,325.00,41.50,6.62,98.88,6.62,130.70,88.58,95.39,Pass,0,No,0,None,None
B002030,COX-2 Inhibitor,Line 1,15-Oct-2024,2024,Team A,22.20,38.68,312.00,30.60,6.65,99.11,6.54,280.00,92.63,93.58,Pass,0,Yes,1,Documentation,Minor
B000202,AED,Line 3,30-Dec-2025,2025,Team C,19.76,38.37,314.00,39.70,6.65,99.23,,120.60,91.34,95.38,Pass,0,No,0,None,None
B000561,Antidepressant,Line 3,26-Feb-2024,2024,Team B,23.19,36.07,329.00,44.30,7.04,98.80,,132.80,84.01,95.38,Pass,0,No,0,None,None
B001562,COX-2 Inhibitor,Line 1,11-Dec-2024,2024,Team B,21.13,39.32,335.00,32.70,7.33,99.39,6.49,115.50,86.86,93.59,Pass,0,No,0,None,None
B001712,GLP-1 Agonist,Line 1,04-Aug-2025,2025,Team B,21.31,45.11,325.00,43.20,7.14,99.26,6.93,125.50,89.20,95.38,Pass,0,No,0,None,None
B001984,Antidepressant,Line 1,12-Nov-2025,2025,Team B,21.97,47.49,324.00,41.10,6.98,99.38,6.82,120.10,87.50,95.38,Pass,0,No,0,None,None
B002399,Antidepressant,Line 3,18-Jun-2024,2024,Team D,21.42,38.39,336.00,41.30,7.44,98.88,6.63,135.80,89.65,95.38,Pass,0,No,0,None,None
B002666,AED,Line 3,06-Mar-2024,2024,Team B,21.62,53.05,331.00,44.80,7.28,98.40,7.03,127.20,88.70,95.38,Pass,0,No,0,None,None
B000741,Antidepressant,Line 1,19-Sep-2025,2025,Team B,22.17,49.04,329.00,38.10,5.38,99.02,6.79,133.10,,95.37,Pass,0,Yes,1,Material,Minor
B000893,Antidepressant,Line 2,23-Jun-2025,2025,Team A,22.02,44.08,298.00,45.60,7.55,99.10,7.08,108.30,87.53,95.37,Pass,0,No,0,None,None
B001391,AED,Line 1,19-Apr-2024,2024,Team A,21.43,40.08,284.00,42.40,7.67,99.18,6.80,120.20,90.36,95.37,Pass,0,No,0,None,None
B001640,COX-2 Inhibitor,Line 1,09-Nov-2024,2024,Team D,23.39,46.16,360.00,29.20,6.38,98.56,6.88,122.30,90.82,93.59,Pass,0,No,0,None,None
B001960,COX-2 Inhibitor,Line 3,15-Aug-2025,2025,Team C,22.99,49.86,357.00,36.60,6.91,98.76,7.04,124.70,88.73,93.59,Pass,0,No,0,None,None
B000204,Antidepressant,Line 2,20-Dec-2025,2025,Team A,23.07,39.91,334.00,44.60,8.37,98.85,6.87,129.50,86.77,95.35,Pass,0,No,0,None,None
B000843,GLP-1 Agonist,Line 2,08-May-2025,2025,Team C,21.63,35.56,327.00,49.90,8.25,99.01,6.84,139.00,85.88,95.35,Pass,0,No,0,None,None
B001049,AED,Line 2,17-Nov-2024,2024,Team A,21.86,41.16,324.00,42.00,7.72,99.00,6.94,124.70,84.95,95.35,Pass,0,No,0,None,None
B001419,AED,Line 1,30-Jul-2024,2024,Team B,21.69,35.88,330.00,48.30,7.58,,6.71,142.60,84.94,95.35,Pass,0,No,0,None,None
B001721,Antidepressant,Line 2,10-Aug-2025,2025,Team B,21.59,39.09,319.00,42.70,8.41,99.31,6.60,,85.66,95.35,Pass,0,No,0,None,None
B002460,GLP-1 Agonist,Line 1,22-Sep-2024,2024,Team D,20.89,31.06,295.00,45.40,8.16,98.98,6.52,134.60,88.83,95.35,Pass,0,No,0,None,None
B001189,Antidepressant,Line 1,17-Nov-2024,2024,Team D,21.98,37.46,315.00,38.10,6.96,99.64,6.71,117.80,88.61,95.34,Pass,0,No,0,None,None
B000434,AED,Line 1,29-Jan-2025,2025,Team C,21.11,40.95,289.00,42.20,6.83,99.25,7.02,127.80,89.50,95.33,Pass,0,No,0,None,None
B000035,GLP-1 Agonist,Line 3,07-Dec-2024,2024,Team B,22.07,38.61,287.00,50.60,8.26,99.16,7.08,139.30,84.78,95.32,Pass,0,No,0,None,None
B000432,COX-2 Inhibitor,Line 2,03-Feb-2024,2024,Team A,22.47,48.34,346.00,38.00,6.73,99.06,6.85,113.20,87.87,93.61,Pass,0,No,0,None,None
B001532,Antidepressant,Line 1,06-Dec-2025,2025,Team C,21.74,51.65,325.00,42.20,7.54,,6.97,122.20,91.92,95.32,Pass,0,No,0,None,None
B001859,Antidepressant,Line 1,27-Feb-2025,2025,Team A,22.05,34.43,327.00,33.50,6.13,,6.75,120.30,,95.32,Pass,0,No,0,None,None
B002201,Antidepressant,Line 1,24-Sep-2025,2025,Team D,22.48,45.18,309.00,49.50,7.38,98.88,7.01,111.00,87.23,95.32,Pass,0,No,0,None,None
B002267,COX-2 Inhibitor,Line 1,06-Nov-2025,2025,Team D,22.60,51.19,325.00,44.30,6.69,99.03,7.08,117.00,90.07,93.61,Pass,0,No,0,None,None
B001194,AED,Line 3,26-Feb-2024,2024,Team A,21.80,43.08,321.00,42.10,7.81,98.84,6.70,140.20,87.81,95.31,Failed,1,No,0,None,None
B002951,Antidepressant,Line 2,10-Jul-2025,2025,Team B,23.18,43.63,333.00,39.90,7.88,,6.89,142.50,86.05,95.31,Pass,0,No,0,None,None
B001873,AED,Line 3,24-Jul-2024,2024,Team A,22.52,53.27,292.00,40.40,7.21,98.78,6.94,116.80,87.48,95.30,Pass,0,Yes,1,Environmental,Minor
B000689,COX-2 Inhibitor,Line 2,08-May-2025,2025,Team B,24.43,47.21,347.00,24.80,7.00,99.04,6.92,111.60,90.73,93.62,Pass,0,No,0,None,None
B001707,Antidepressant,Line 1,24-Jun-2025,2025,Team B,21.76,44.64,323.00,42.30,7.70,98.86,6.69,138.70,90.28,95.29,Pass,0,No,0,None,None
B002104,AED,Line 2,19-Apr-2025,2025,Team A,23.46,40.57,345.00,41.70,6.39,99.29,6.74,129.60,84.86,95.29,Pass,0,No,0,None,None
B002459,Antidepressant,Line 1,26-Nov-2025,2025,Team D,22.05,43.28,335.00,41.90,7.30,99.15,6.87,121.90,87.85,95.29,Pass,0,Yes,1,Process,Major
B001035,GLP-1 Agonist,Line 1,10-May-2024,2024,Team D,21.41,41.36,308.00,48.80,7.57,98.96,7.03,135.30,,95.28,Pass,0,Yes,1,Equipment,Critical
B001433,Antidepressant,Line 3,16-Jun-2025,2025,Team C,21.29,45.73,328.00,43.70,7.69,99.18,6.95,116.70,84.16,95.28,Pass,0,No,0,None,None
B000123,Antidepressant,Line 1,23-Feb-2024,2024,Team D,21.04,31.66,337.00,38.50,7.04,99.64,6.63,110.50,91.96,95.27,Pass,0,No,0,None,None
B001166,AED,Line 1,26-Feb-2024,2024,Team C,23.10,38.52,295.00,47.20,8.58,98.81,6.81,131.40,84.96,95.27,Pass,0,No,0,None,None
B001849,GLP-1 Agonist,Line 1,17-Apr-2024,2024,Team C,22.14,34.79,274.00,50.40,7.60,98.77,6.68,,83.30,95.27,Pass,0,No,0,None,None
B001218,COX-2 Inhibitor,Line 1,15-Mar-2025,2025,Team A,21.32,43.67,332.00,42.60,6.59,99.33,6.71,130.10,87.55,93.62,Pass,0,No,0,None,None
B001039,GLP-1 Agonist,Line 2,25-Feb-2025,2025,Team B,20.43,48.23,310.00,49.20,8.05,99.09,7.06,143.00,84.59,95.26,Pass,0,No,0,None,None
B000766,Antidepressant,Line 3,28-Aug-2024,2024,Team C,22.44,47.61,325.00,35.40,7.87,98.92,6.94,128.80,88.38,95.25,Pass,0,No,0,None,None
B001265,COX-2 Inhibitor,Line 3,13-Jan-2024,2024,Team C,23.25,40.07,336.00,42.90,6.95,98.84,6.54,,87.74,93.62,Pass,0,No,0,None,None
B002085,COX-2 Inhibitor,Line 3,29-Jul-2024,2024,Team B,21.11,43.28,341.00,34.30,7.09,99.35,6.52,132.10,91.63,93.62,Pass,0,No,0,None,None
B002139,COX-2 Inhibitor,Line 1,23-May-2024,2024,Team A,22.53,42.28,337.00,41.30,6.08,99.62,6.62,128.70,88.45,93.62,Pass,0,No,0,None,None
B002522,COX-2 Inhibitor,Line 1,11-Mar-2025,2025,Team D,22.88,36.76,346.00,30.30,6.71,99.01,6.66,116.30,89.90,93.62,Pass,0,No,0,None,None
B000925,Antidepressant,Line 1,24-Jul-2024,2024,Team B,,40.59,321.00,42.30,6.48,99.15,6.86,132.60,86.66,95.24,Pass,0,No,0,None,None
B000600,COX-2 Inhibitor,Line 2,17-Jul-2024,2024,Team D,22.45,39.47,352.00,42.90,5.67,99.32,6.62,119.40,92.54,93.63,Pass,0,No,0,None,None
B002159,GLP-1 Agonist,Line 2,07-Jan-2024,2024,Team B,20.05,40.75,296.00,47.80,6.96,98.78,6.88,129.10,87.14,95.24,Pass,0,No,0,None,None
B002298,Antidepressant,Line 1,02-Dec-2024,2024,Team C,21.45,39.92,341.00,42.00,7.13,99.21,6.89,124.70,86.74,95.24,Pass,0,No,0,None,None
B000339,Antidepressant,Line 1,10-Apr-2025,2025,Team A,22.45,42.21,327.00,51.70,6.98,99.13,6.97,124.70,84.74,95.23,Pass,0,No,0,None,None
B000835,COX-2 Inhibitor,Line 1,30-Jan-2025,2025,Team B,22.43,51.58,316.00,27.00,6.96,99.23,6.79,118.30,88.26,93.64,Pass,0,No,0,None,None
B000427,Antidepressant,Line 1,11-Jul-2024,2024,Team C,20.93,39.74,316.00,40.20,7.72,98.39,6.75,136.00,87.50,95.22,Pass,0,No,0,None,None
B001478,AED,Line 1,03-May-2025,2025,Team D,22.13,46.75,337.00,40.90,6.24,99.07,6.92,131.00,84.84,95.22,Pass,0,No,0,None,None
B002043,COX-2 Inhibitor,Line 1,27-Jun-2024,2024,Team C,21.81,52.15,357.00,48.80,6.79,98.51,7.01,117.10,88.92,93.65,Pass,0,No,0,None,None
B000834,COX-2 Inhibitor,Line 2,08-Oct-2025,2025,Team B,22.85,34.55,323.00,39.70,7.15,99.62,6.53,121.10,85.71,93.66,Pass,0,No,0,None,None
B000346,AED,Line 3,14-Nov-2025,2025,Team B,21.67,40.05,341.00,41.90,7.37,98.58,6.97,140.50,90.52,95.21,Pass,0,No,0,None,None
B001745,COX-2 Inhibitor,Line 1,18-Jul-2024,2024,Team B,22.60,40.41,367.00,45.20,7.12,98.93,6.54,123.30,89.26,93.66,Pass,0,No,0,None,None
B000993,AED,Line 1,07-Sep-2024,2024,Team C,22.00,56.42,333.00,42.30,6.92,98.52,7.07,136.30,89.07,95.21,Pass,0,No,0,None,None
B002845,Antidepressant,Line 2,20-Jul-2024,2024,Team A,22.87,44.86,359.00,39.50,7.10,99.26,6.63,125.90,88.33,95.21,Pass,0,No,0,None,None
B001801,COX-2 Inhibitor,Line 2,11-Nov-2024,2024,Team B,21.17,43.18,320.00,40.50,6.81,99.65,6.84,109.40,83.80,93.66,Pass,0,No,0,None,None
B000008,AED,Line 1,20-Nov-2024,2024,Team A,22.67,43.86,316.00,42.20,7.62,99.04,7.10,115.00,90.95,95.20,Pass,0,No,0,None,None
B000852,Antidepressant,Line 1,21-May-2024,2024,Team A,21.73,36.63,308.00,39.10,6.99,99.13,6.74,127.50,91.09,95.20,Pass,0,No,0,None,None
B000538,Antidepressant,Line 2,15-Dec-2025,2025,Team A,22.27,51.64,339.00,35.20,6.77,98.52,6.91,122.90,90.67,95.19,Pass,0,No,0,None,None
B000749,AED,Line 1,02-Dec-2024,2024,Team D,23.56,46.52,292.00,46.50,6.97,99.04,6.77,135.60,86.58,95.19,Pass,0,No,0,None,None
B000849,Antidepressant,Line 1,26-Feb-2024,2024,Team B,21.17,32.22,356.00,40.90,6.12,99.14,6.55,110.70,87.66,95.19,Pass,0,No,0,None,None
B000909,Antidepressant,Line 2,15-Mar-2025,2025,Team B,21.95,32.57,323.00,44.20,6.99,99.31,6.58,125.80,86.92,95.19,Pass,0,No,0,None,None
B001994,Antidepressant,Line 2,26-Apr-2024,2024,Team C,,38.43,311.00,44.40,6.78,99.28,6.74,115.00,87.80,95.19,Pass,0,No,0,None,None
B002655,GLP-1 Agonist,Line 1,16-Jan-2025,2025,Team B,20.56,42.50,280.00,51.40,8.22,98.76,,141.10,85.58,95.19,Pass,0,No,0,None,None
B001379,COX-2 Inhibitor,Line 3,31-Oct-2024,2024,Team B,22.53,42.49,332.00,46.20,7.90,99.28,,129.20,87.28,93.68,Pass,0,Yes,1,Equipment,Minor
B000404,Antidepressant,Line 3,21-Jan-2025,2025,Team B,22.01,46.02,348.00,42.90,7.17,99.29,6.96,125.20,85.78,95.18,Pass,0,No,0,None,None
B000981,AED,Line 1,15-May-2024,2024,Team B,22.65,49.82,290.00,47.80,8.36,98.63,,143.20,88.58,95.18,Pass,0,No,0,None,None
B001158,Antidepressant,Line 1,16-Dec-2025,2025,Team D,21.71,43.65,316.00,41.30,6.85,99.11,6.84,,85.08,95.18,Pass,0,No,0,None,None
B001185,Antidepressant,Line 3,17-Mar-2024,2024,Team B,21.89,34.30,320.00,42.30,7.34,99.19,6.70,126.60,87.90,95.18,Pass,0,No,0,None,None
B001264,AED,Line 3,21-Oct-2025,2025,Team A,21.79,42.53,315.00,40.80,7.59,99.01,6.76,118.20,87.00,95.18,Pass,0,No,0,None,None
B001608,Antidepressant,Line 1,05-Dec-2024,2024,Team B,22.28,43.20,333.00,35.40,7.16,99.19,6.70,119.40,84.84,95.18,Pass,0,No,0,None,None
B001713,AED,Line 2,23-Mar-2024,2024,Team D,21.32,45.02,335.00,49.30,8.85,99.07,6.86,125.20,85.98,95.18,Pass,0,No,0,None,None
B000017,COX-2 Inhibitor,Line 3,01-Jul-2025,2025,Team B,21.94,44.05,319.00,35.20,7.52,99.03,6.84,123.00,89.39,93.70,Pass,0,No,0,None,None
B001800,COX-2 Inhibitor,Line 3,04-Aug-2025,2025,Team D,22.55,38.92,341.00,33.90,7.49,99.46,6.68,106.10,88.39,93.70,Pass,0,No,0,None,None
B001976,Antidepressant,Line 2,16-Feb-2024,2024,Team A,21.64,44.71,291.00,45.90,7.55,,6.83,115.60,90.01,95.18,Pass,0,No,0,None,None
B002274,AED,Line 3,09-Jul-2024,2024,Team A,22.03,39.51,273.00,48.00,7.89,99.19,6.86,124.20,88.25,95.18,Pass,0,No,0,None,None
B002289,Antidepressant,Line 1,30-May-2024,2024,Team D,22.26,31.48,338.00,34.80,6.14,99.41,6.62,129.20,88.45,95.18,Pass,0,Yes,1,Environmental,Minor
B000732,Antidepressant,Line 3,05-Dec-2024,2024,Team B,21.72,50.02,320.00,36.30,6.83,98.96,7.01,144.20,90.53,95.17,Pass,0,No,0,None,None
B001949,Antidepressant,Line 2,23-Apr-2024,2024,Team B,21.02,47.31,351.00,40.90,7.25,98.85,6.73,,87.35,95.17,Pass,0,Yes,1,Equipment,Minor
B000817,AED,Line 2,14-Jan-2024,2024,Team B,22.63,45.38,305.00,46.10,6.78,98.98,7.00,130.80,89.19,95.16,Pass,0,No,0,None,None
B001468,Antidepressant,Line 2,20-Mar-2025,2025,Team D,,37.55,316.00,35.80,6.66,98.66,6.75,100.60,86.80,95.16,Pass,0,No,0,None,None
B000711,AED,Line 3,03-Aug-2025,2025,Team D,20.28,48.50,334.00,49.90,8.01,98.83,7.06,129.90,85.72,95.15,Pass,0,No,0,None,None
B001576,Antidepressant,Line 1,30-Oct-2025,2025,Team C,23.26,42.48,320.00,36.70,6.24,99.18,6.83,123.90,92.78,95.15,Pass,0,No,0,None,None
B002244,Antidepressant,Line 1,15-Mar-2025,2025,Team A,23.96,36.80,305.00,40.00,6.44,99.57,6.79,144.40,89.96,95.15,Pass,0,No,0,None,None
B001140,COX-2 Inhibitor,Line 3,17-Dec-2025,2025,Team D,22.60,46.09,314.00,41.20,5.90,99.09,6.80,125.90,90.94,93.71,Pass,0,Yes,1,Material,Minor
B001244,Antidepressant,Line 2,27-Feb-2025,2025,Team B,23.57,46.68,356.00,44.20,6.39,99.30,6.96,122.60,90.01,95.14,Pass,0,No,0,None,None
B000135,COX-2 Inhibitor,Line 3,28-Apr-2025,2025,Team D,21.62,42.17,375.00,36.10,6.29,99.43,6.57,131.20,90.05,93.72,Pass,0,No,0,None,None
B000371,COX-2 Inhibitor,Line 3,22-May-2025,2025,Team A,21.95,36.51,359.00,34.10,7.40,99.60,6.59,116.80,90.93,93.72,Pass,0,No,0,None,None
B001377,COX-2 Inhibitor,Line 3,29-Dec-2024,2024,Team B,22.15,41.70,318.00,42.10,6.77,99.10,6.51,120.00,92.04,93.73,Pass,0,No,0,None,None
B002228,Antidepressant,Line 1,21-Feb-2024,2024,Team C,21.87,41.45,343.00,35.20,7.27,99.12,6.74,107.50,86.93,95.14,Pass,0,No,0,None,None
B002813,COX-2 Inhibitor,Line 3,28-Oct-2025,2025,Team A,21.66,48.11,348.00,43.70,7.80,99.22,6.89,122.10,87.36,93.73,Pass,0,No,0,None,None
B001200,COX-2 Inhibitor,Line 1,11-Nov-2025,2025,Team B,23.53,40.57,372.00,36.50,6.83,98.87,6.84,124.90,87.99,93.74,Pass,0,No,0,None,None
B002441,AED,Line 1,02-Dec-2024,2024,Team B,21.17,42.20,319.00,48.40,8.48,98.68,7.10,110.60,88.95,95.13,Pass,0,No,0,None,None
B002237,Antidepressant,Line 1,02-Sep-2025,2025,Team D,23.07,54.40,277.00,47.20,7.68,99.20,7.02,136.50,87.05,95.12,Pass,0,Yes,1,Process,Major
B001095,COX-2 Inhibitor,Line 1,19-Jun-2024,2024,Team A,22.86,45.31,340.00,43.40,7.71,98.83,6.59,135.90,87.81,93.75,Pass,0,No,0,None,None
B000284,Antidepressant,Line 1,30-Oct-2025,2025,Team A,22.79,44.28,323.00,40.80,6.38,99.16,6.91,135.50,87.33,95.11,Pass,0,No,0,None,None
B000363,Antidepressant,Line 2,27-Apr-2025,2025,Team D,21.19,41.36,331.00,45.30,6.63,98.96,6.90,135.90,87.52,95.11,Pass,0,No,0,None,None
B000185,COX-2 Inhibitor,Line 1,05-Nov-2025,2025,Team A,21.66,43.28,316.00,36.50,7.12,99.04,6.55,108.50,89.04,93.76,Pass,0,No,0,None,None
B001159,GLP-1 Agonist,Line 2,09-Apr-2025,2025,Team A,22.38,32.58,320.00,50.40,8.90,98.90,6.84,128.00,84.62,95.11,Pass,0,No,0,None,None
B000534,COX-2 Inhibitor,Line 1,15-Jun-2025,2025,Team A,22.11,46.24,362.00,26.60,7.15,99.58,6.84,110.00,90.41,93.77,Pass,0,No,0,None,None
B001234,COX-2 Inhibitor,Line 3,01-Mar-2025,2025,Team B,22.09,54.44,360.00,43.90,6.93,99.22,6.81,136.60,87.63,93.77,Pass,0,No,0,None,None
B002284,COX-2 Inhibitor,Line 2,24-Dec-2025,2025,Team C,23.66,44.75,333.00,37.80,6.70,98.78,6.87,120.30,89.04,93.77,Pass,0,No,0,None,None
B002649,COX-2 Inhibitor,Line 2,26-Dec-2025,2025,Team D,23.09,43.67,379.00,37.90,6.10,98.90,6.73,117.60,87.63,93.77,Pass,0,No,0,None,None
B000368,COX-2 Inhibitor,Line 2,13-Sep-2025,2025,Team C,23.76,39.34,332.00,35.10,7.01,99.19,6.63,124.90,87.75,93.78,Pass,0,No,0,None,None
B001134,COX-2 Inhibitor,Line 2,03-Apr-2024,2024,Team C,22.93,48.29,295.00,41.50,7.74,98.95,6.88,110.40,87.96,93.78,Pass,0,No,0,None,None
B001358,GLP-1 Agonist,Line 1,29-Jan-2025,2025,Team A,23.46,51.31,307.00,47.70,8.52,98.61,7.16,133.20,,95.09,Pass,0,No,0,None,None
B002094,Antidepressant,Line 2,29-Jun-2025,2025,Team B,21.31,34.85,315.00,45.30,7.46,99.68,6.47,134.50,86.85,95.09,Pass,0,No,0,None,None
B002437,COX-2 Inhibitor,Line 3,07-Mar-2024,2024,Team D,22.84,41.05,343.00,30.40,7.38,98.90,6.68,112.60,89.36,93.78,Pass,0,No,0,None,None
B000156,COX-2 Inhibitor,Line 1,21-Jan-2024,2024,Team B,23.81,42.94,318.00,32.00,6.10,99.53,6.63,130.90,86.49,93.79,Pass,0,Yes,1,Process,Minor
B000093,GLP-1 Agonist,Line 3,10-Dec-2024,2024,Team D,20.74,45.76,315.00,47.20,8.41,98.68,7.00,138.10,83.64,95.08,Pass,0,No,0,None,None
B000737,Antidepressant,Line 1,08-Sep-2025,2025,Team B,21.94,40.79,346.00,44.90,6.19,99.80,7.10,119.80,88.22,95.08,Pass,0,No,0,None,None
B001188,AED,Line 1,24-Dec-2025,2025,Team D,21.30,42.23,331.00,43.80,6.17,99.40,7.05,120.30,84.83,95.08,Pass,0,No,0,None,None
B000390,AED,Line 1,29-Jun-2024,2024,Team A,22.56,,294.00,45.10,5.94,98.78,7.13,120.60,85.88,95.07,Pass,0,No,0,None,None
B000654,Antidepressant,Line 1,31-Jul-2025,2025,Team D,21.04,45.43,319.00,39.00,7.50,99.27,6.92,110.40,85.93,95.07,Pass,0,No,0,None,None
B002105,COX-2 Inhibitor,Line 3,05-Jul-2024,2024,Team C,22.51,49.36,353.00,45.30,6.90,98.89,6.83,137.60,88.05,93.80,Pass,0,No,0,None,None
B002326,AED,Line 1,26-Dec-2025,2025,Team C,21.99,46.01,291.00,43.60,6.57,99.04,7.00,151.60,88.71,95.07,Pass,0,No,0,None,None
B000365,COX-2 Inhibitor,Line 1,15-Feb-2025,2025,Team B,,33.72,325.00,29.20,6.75,99.42,6.32,108.10,89.02,93.82,Pass,0,No,0,None,None
B000527,AED,Line 1,10-May-2025,2025,Team B,21.40,43.81,320.00,38.70,7.19,99.01,6.94,112.50,88.69,95.06,Pass,0,No,0,None,None
B001618,COX-2 Inhibitor,Line 2,28-Sep-2024,2024,Team B,22.61,,324.00,45.80,6.67,99.20,6.92,116.10,83.30,93.82,Pass,0,No,0,None,None
B002787,COX-2 Inhibitor,Line 3,07-Jun-2024,2024,Team A,22.92,44.61,316.00,41.70,6.78,99.11,6.90,112.20,86.68,93.82,Pass,0,No,0,None,None
B001681,COX-2 Inhibitor,Line 3,15-Dec-2024,2024,Team C,22.72,43.64,358.00,34.90,7.10,99.36,6.73,116.10,90.41,93.83,Pass,0,Yes,1,Material,Minor
B002870,Antidepressant,Line 1,14-Aug-2025,2025,Team A,21.95,48.98,346.00,44.00,6.72,99.79,7.00,117.30,88.53,95.06,Pass,0,No,0,None,None
B002292,COX-2 Inhibitor,Line 2,04-Oct-2024,2024,Team C,23.06,38.07,360.00,40.60,6.77,99.28,6.67,107.40,87.34,93.83,Pass,0,No,0,None,None
B000832,COX-2 Inhibitor,Line 2,17-Dec-2025,2025,Team A,22.66,39.09,316.00,44.60,7.07,99.36,6.65,134.70,85.18,93.85,Pass,0,No,0,None,None
B001850,COX-2 Inhibitor,Line 3,07-Sep-2024,2024,Team B,23.56,39.56,330.00,46.60,7.50,99.41,6.75,131.90,85.71,93.85,Pass,0,Yes,1,Equipment,Minor
B001107,Antidepressant,Line 3,04-Jul-2025,2025,Team D,21.91,44.07,317.00,49.10,7.59,99.16,6.74,154.00,88.60,95.04,Pass,0,No,0,None,None
B001632,AED,Line 2,04-Feb-2025,2025,Team A,21.32,37.44,300.00,47.00,7.20,99.10,6.81,124.00,88.44,95.04,Pass,0,No,0,None,None
B001887,Antidepressant,Line 1,07-Dec-2024,2024,Team B,22.08,39.44,316.00,41.30,7.16,99.20,,129.30,88.61,95.04,Pass,0,No,0,None,None
B002793,COX-2 Inhibitor,Line 1,18-Feb-2025,2025,Team B,21.26,44.40,351.00,36.20,7.70,99.50,6.72,121.70,86.92,93.85,Pass,0,No,0,None,None
B001683,COX-2 Inhibitor,Line 3,04-Jun-2024,2024,Team C,23.37,41.79,336.00,45.20,6.66,99.03,6.84,118.00,90.24,93.86,Pass,0,No,0,None,None
B000575,AED,Line 1,01-Nov-2025,2025,Team A,20.25,44.75,301.00,44.50,8.40,99.11,6.90,151.60,83.66,95.03,Pass,0,No,0,None,None
B000998,Antidepressant,Line 2,18-Jun-2024,2024,Team B,22.15,41.62,312.00,47.50,7.14,99.41,6.69,136.10,87.05,95.03,Pass,0,No,0,None,None
B001143,AED,Line 1,24-May-2024,2024,Team A,21.60,43.85,296.00,48.60,7.55,99.05,,122.10,85.85,95.03,Pass,0,No,0,None,None
B001891,Antidepressant,Line 1,20-Jul-2025,2025,Team D,21.72,48.00,326.00,44.20,7.28,99.43,6.86,123.50,85.82,95.03,Pass,0,No,0,None,None
B002209,Antidepressant,Line 1,03-Dec-2024,2024,Team D,21.82,41.44,316.00,44.90,7.60,99.07,6.98,115.40,84.18,95.03,Pass,0,No,0,None,None
B000178,AED,Line 2,27-Mar-2025,2025,Team B,21.58,47.17,301.00,41.80,7.51,98.32,6.86,138.10,88.72,95.02,Pass,0,No,0,None,None
B001056,COX-2 Inhibitor,Line 3,17-Jun-2025,2025,Team A,23.06,42.12,317.00,47.10,7.63,99.03,6.72,147.30,88.55,93.87,Pass,0,No,0,None,None
B001359,COX-2 Inhibitor,Line 2,25-Jul-2024,2024,Team A,22.64,39.93,335.00,41.30,7.29,99.50,6.61,128.20,90.03,93.87,Pass,0,No,0,None,None
B000819,COX-2 Inhibitor,Line 3,26-Apr-2024,2024,Team A,23.68,37.84,332.00,35.20,7.19,98.69,6.75,128.90,88.89,93.88,Pass,0,No,0,None,None
B001819,GLP-1 Agonist,Line 2,14-May-2025,2025,Team C,21.82,47.83,317.00,50.00,8.15,98.97,7.17,136.90,,95.01,Pass,0,No,0,None,None
B002665,GLP-1 Agonist,Line 1,05-Feb-2025,2025,Team B,22.41,39.61,287.00,49.80,8.57,99.40,7.08,134.80,82.76,95.01,Pass,0,No,0,None,None
B000577,AED,Line 3,13-May-2025,2025,Team B,22.37,37.57,303.00,48.20,7.07,99.24,6.62,136.90,85.43,95.00,Pass,0,No,0,None,None
B001316,COX-2 Inhibitor,Line 2,05-Jun-2024,2024,Team D,21.07,51.13,369.00,34.50,5.96,99.23,6.98,107.00,88.30,93.88,Pass,0,No,0,None,None
B001195,AED,Line 1,01-Sep-2025,2025,Team D,22.52,44.29,323.00,48.00,8.13,99.02,7.05,136.10,87.83,95.00,Pass,0,No,0,None,None
B001051,COX-2 Inhibitor,Line 3,28-Jul-2025,2025,Team A,22.32,37.12,318.00,45.80,7.88,98.84,6.63,,83.54,93.89,Pass,0,No,0,None,None
B002341,Antidepressant,Line 1,02-Mar-2024,2024,Team A,20.76,39.03,325.00,35.50,7.19,99.07,,115.80,,95.00,Pass,0,No,0,None,None
B000353,COX-2 Inhibitor,Line 1,16-Jul-2024,2024,Team C,21.16,38.03,355.00,32.10,5.73,99.06,6.69,129.50,90.88,93.90,Pass,0,No,0,None,None
B002570,AED,Line 3,15-Jun-2025,2025,Team D,20.32,54.90,301.00,40.00,7.63,98.64,7.23,126.80,89.33,94.99,Pass,0,No,0,None,None
B001866,AED,Line 1,06-Oct-2025,2025,Team C,22.85,43.89,293.00,44.70,7.01,98.72,6.91,141.20,89.35,94.98,Pass,0,No,0,None,None
B002240,GLP-1 Agonist,Line 2,15-Jun-2025,2025,Team C,22.61,40.93,321.00,45.80,7.70,98.83,7.16,132.40,84.24,94.98,Pass,0,No,0,None,None
B002021,COX-2 Inhibitor,Line 3,29-Aug-2024,2024,Team C,22.68,40.57,337.00,33.90,6.88,99.20,6.76,,89.49,93.90,Pass,0,No,0,None,None
B001310,AED,Line 2,01-Apr-2025,2025,Team C,21.38,43.80,328.00,40.90,7.86,98.99,6.82,132.40,89.84,94.97,Pass,0,No,0,None,None
B000461,COX-2 Inhibitor,Line 2,26-Jul-2025,2025,Team B,23.41,46.30,344.00,33.90,6.17,98.89,6.89,112.20,85.89,93.91,Pass,0,No,0,None,None
B000351,COX-2 Inhibitor,Line 1,08-Feb-2024,2024,Team A,22.89,45.95,320.00,42.30,6.95,99.60,6.79,108.00,87.15,93.92,Pass,0,No,0,None,None
B002508,AED,Line 2,29-Aug-2025,2025,Team C,21.21,35.71,323.00,43.60,7.45,98.92,6.97,131.70,88.77,94.97,Pass,0,No,0,None,None
B002614,COX-2 Inhibitor,Line 2,18-Jan-2024,2024,Team A,22.26,44.96,335.00,42.40,6.55,98.98,6.70,124.10,86.39,93.92,Pass,0,Yes,1,Environmental,Minor
B001653,Antidepressant,Line 1,16-Sep-2025,2025,Team C,20.71,42.11,319.00,43.10,7.15,99.35,6.80,117.40,85.39,94.96,Pass,0,No,0,None,None
B002068,AED,Line 2,12-Nov-2025,2025,Team A,22.29,37.33,341.00,42.70,6.77,99.56,6.83,128.30,86.13,94.96,Pass,0,No,0,None,None
B002174,Antidepressant,Line 1,12-Apr-2024,2024,Team C,23.22,45.37,308.00,35.90,6.30,99.50,6.89,122.30,90.82,94.96,Pass,0,No,0,None,None
B002911,COX-2 Inhibitor,Line 3,12-Jun-2025,2025,Team B,22.05,36.68,322.00,28.90,6.48,99.23,6.40,106.80,89.67,93.93,Pass,0,No,0,None,None
B001017,COX-2 Inhibitor,Line 1,22-Oct-2024,2024,Team C,22.21,40.06,339.00,30.50,6.44,,6.83,110.50,99.35,93.94,Pass,0,No,0,None,None
B001742,Antidepressant,Line 1,04-Nov-2024,2024,Team C,21.69,46.86,305.00,45.30,7.40,99.32,6.72,121.20,84.28,94.95,Pass,0,No,0,None,None
B001485,COX-2 Inhibitor,Line 3,09-May-2024,2024,Team B,22.29,48.87,358.00,43.10,6.93,99.06,6.59,130.80,88.24,93.94,Failed,1,Yes,1,Material,Minor
B002406,Antidepressant,Line 3,02-Jun-2024,2024,Team A,21.58,46.11,353.00,36.10,7.38,98.68,6.92,114.70,89.85,94.95,Pass,0,No,0,None,None
B002331,COX-2 Inhibitor,Line 3,24-Dec-2024,2024,Team A,21.83,36.39,329.00,40.70,7.59,99.53,6.77,125.90,84.43,93.94,Pass,0,Yes,1,Equipment,Major
B001293,COX-2 Inhibitor,Line 1,05-Nov-2025,2025,Team A,23.84,44.29,364.00,43.40,6.93,98.78,6.74,126.80,90.44,93.95,Pass,0,No,0,None,None
B000352,Antidepressant,Line 1,21-Jan-2025,2025,Team D,22.72,42.60,320.00,43.90,7.05,99.14,6.65,133.80,,94.94,Pass,0,No,0,None,None
B000485,Antidepressant,Line 3,07-Mar-2025,2025,Team B,21.76,,332.00,40.40,6.19,99.24,6.74,122.40,86.44,94.94,Pass,0,Yes,1,Process,Minor
B000516,Antidepressant,Line 3,21-Jan-2024,2024,Team A,22.03,50.47,327.00,38.00,7.44,99.18,6.94,135.90,89.57,94.94,Pass,0,No,0,None,None
B000541,AED,Line 3,18-Nov-2024,2024,Team D,21.39,47.47,337.00,46.20,6.65,99.03,6.86,139.20,83.51,94.94,Pass,0,No,0,None,None
B001001,Antidepressant,Line 3,29-Dec-2025,2025,Team C,22.33,39.74,293.00,42.60,7.88,99.30,6.72,134.60,86.40,94.94,Pass,0,No,0,None,None
B001575,Antidepressant,Line 3,11-Oct-2024,2024,Team C,21.09,36.85,361.00,42.30,7.59,99.04,6.50,132.10,88.83,94.94,Pass,0,No,0,None,None
B001858,GLP-1 Agonist,Line 2,05-Dec-2025,2025,Team B,21.03,45.57,323.00,48.80,8.28,98.75,7.23,124.90,86.68,94.94,Pass,0,No,0,None,None
B002115,Antidepressant,Line 1,30-Sep-2025,2025,Team D,22.53,35.32,295.00,42.00,7.32,,6.95,141.60,85.95,94.94,Pass,0,No,0,None,None
B002266,Antidepressant,Line 1,04-Jan-2024,2024,Team A,23.33,,327.00,36.50,6.31,98.95,6.85,120.80,89.03,94.94,Pass,0,No,0,None,None
B001094,Antidepressant,Line 1,06-Jun-2025,2025,Team A,21.83,42.26,312.00,45.20,5.77,99.19,6.63,126.90,86.49,94.93,Pass,0,No,0,None,None
B001390,Antidepressant,Line 2,22-Oct-2025,2025,Team B,20.91,36.99,332.00,42.90,7.10,99.35,6.73,137.00,86.16,94.93,Pass,0,No,0,None,None
B001918,COX-2 Inhibitor,Line 2,24-Apr-2025,2025,Team B,21.99,44.71,349.00,30.70,7.09,99.13,6.79,109.30,88.44,93.95,Pass,0,No,0,None,None
B002366,COX-2 Inhibitor,Line 3,21-Jul-2025,2025,Team C,22.60,52.79,328.00,36.10,6.22,98.82,6.88,119.80,88.58,93.95,Pass,0,No,0,None,None
B002496,GLP-1 Agonist,Line 1,18-Sep-2025,2025,Team A,20.66,38.42,297.00,48.60,7.92,98.95,6.87,118.30,86.89,94.93,Pass,0,No,0,None,None
B000196,Antidepressant,Line 2,29-May-2025,2025,Team C,22.96,40.70,309.00,36.70,7.46,99.16,6.80,144.00,88.76,94.92,Pass,0,No,0,None,None
B000419,Antidepressant,Line 1,04-Sep-2024,2024,Team A,19.55,37.83,296.00,39.40,6.81,99.08,6.49,125.60,88.33,94.92,Pass,0,No,0,None,None
B000753,Antidepressant,Line 2,27-Jan-2024,2024,Team B,22.00,41.88,335.00,49.40,7.77,99.13,6.67,118.30,84.31,94.92,Pass,0,No,0,None,None
B002561,COX-2 Inhibitor,Line 3,04-Aug-2024,2024,Team A,22.28,40.31,332.00,42.40,6.52,99.23,6.82,141.80,88.28,93.95,Pass,0,No,0,None,None
B002569,COX-2 Inhibitor,Line 1,15-Dec-2024,2024,Team A,21.59,46.80,335.00,40.50,6.06,99.21,6.91,118.90,84.84,93.95,Pass,0,No,0,None,None
B002720,COX-2 Inhibitor,Line 1,31-May-2024,2024,Team C,23.05,40.79,354.00,45.10,7.89,98.89,6.55,133.00,83.62,93.95,Pass,0,No,0,None,None
B001951,AED,Line 1,10-Oct-2024,2024,Team D,21.63,40.89,346.00,52.90,6.86,99.20,6.86,130.20,81.90,94.91,Pass,0,No,0,None,None
B000336,COX-2 Inhibitor,Line 2,25-Sep-2024,2024,Team B,22.81,43.41,328.00,46.80,6.77,98.40,6.85,128.00,89.56,93.96,Pass,0,No,0,None,None
B002747,Antidepressant,Line 1,29-Jan-2024,2024,Team A,22.07,46.24,299.00,40.90,6.81,98.90,7.15,123.80,87.89,94.91,Pass,0,No,0,None,None
B002806,Antidepressant,Line 3,27-Jul-2025,2025,Team B,21.17,38.05,338.00,39.60,6.14,98.83,7.00,125.90,84.98,94.91,Pass,0,No,0,None,None
B000199,Antidepressant,Line 1,21-Oct-2024,2024,Team B,21.25,36.46,308.00,37.90,7.07,99.30,6.66,137.00,89.27,94.90,Pass,0,No,0,None,None
B002348,AED,Line 3,13-May-2024,2024,Team C,21.59,47.69,342.00,51.90,7.79,99.04,7.08,146.10,83.00,94.90,Pass,0,No,0,None,None
B002353,Antidepressant,Line 2,26-Jan-2024,2024,Team B,22.32,29.48,296.00,40.40,8.21,99.59,6.72,144.80,87.87,94.90,Pass,0,No,0,None,None
B000895,COX-2 Inhibitor,Line 3,09-Jan-2024,2024,Team C,21.93,49.48,326.00,44.10,7.21,98.87,6.83,126.90,85.67,93.97,Pass,0,No,0,None,None
B000240,Antidepressant,Line 1,09-Sep-2025,2025,Team A,22.52,39.36,324.00,38.90,6.75,99.21,6.85,119.80,92.18,94.89,Pass,0,No,0,None,None
B000270,Antidepressant,Line 1,26-Mar-2024,2024,Team B,22.48,40.67,322.00,41.50,7.04,98.83,6.74,123.20,86.59,94.89,Pass,0,No,0,None,None
B000918,Antidepressant,Line 2,17-Mar-2024,2024,Team C,21.84,42.82,316.00,44.60,7.50,99.19,6.95,122.70,86.56,94.89,Pass,0,No,0,None,None
B001788,COX-2 Inhibitor,Line 3,27-May-2025,2025,Team A,,44.76,322.00,46.00,7.66,99.24,6.68,115.20,87.57,93.97,Pass,0,No,0,None,None
B001616,Antidepressant,Line 1,02-May-2025,2025,Team D,21.72,35.42,350.00,39.30,7.32,99.18,6.72,124.20,88.46,94.89,Pass,0,No,0,None,None
B002337,AED,Line 3,02-Aug-2024,2024,Team B,21.16,40.65,312.00,46.60,7.69,99.00,6.72,142.10,87.95,94.89,Pass,0,No,0,None,None
B000445,Antidepressant,Line 3,06-Jul-2024,2024,Team B,22.35,39.41,323.00,38.50,6.73,99.44,6.72,128.10,85.51,94.88,Pass,0,Yes,1,Equipment,Major
B000525,Antidepressant,Line 2,01-Jul-2025,2025,Team C,22.55,37.89,322.00,45.20,6.91,99.06,6.63,113.00,85.79,94.88,Pass,0,Yes,1,Process,Minor
B000535,Antidepressant,Line 3,31-Mar-2024,2024,Team A,23.63,44.79,319.00,38.10,7.40,98.82,6.88,128.30,88.92,94.88,Pass,0,Yes,1,Environmental,Minor
B002510,COX-2 Inhibitor,Line 2,10-Apr-2024,2024,Team C,23.35,44.55,295.00,47.50,7.95,99.09,6.71,138.60,84.91,93.97,Pass,0,No,0,None,None
B002066,AED,Line 2,23-May-2024,2024,Team A,22.32,44.51,323.00,44.50,7.54,98.57,6.89,,90.60,94.88,Pass,0,No,0,None,None
B002752,COX-2 Inhibitor,Line 2,10-Aug-2024,2024,Team A,23.26,39.59,335.00,36.30,6.27,99.41,6.49,119.30,89.95,93.97,Pass,0,No,0,None,None
B002367,Antidepressant,Line 2,13-Aug-2024,2024,Team B,21.10,40.91,273.00,39.60,6.61,99.41,6.81,133.40,88.54,94.88,Pass,0,No,0,None,None
B002420,AED,Line 2,12-Sep-2024,2024,Team C,22.53,,321.00,47.40,7.21,99.07,6.86,130.30,85.26,94.88,Pass,0,No,0,None,None
B000212,COX-2 Inhibitor,Line 3,21-Dec-2025,2025,Team D,21.66,,357.00,47.20,6.86,99.42,6.85,126.40,90.24,93.99,Pass,0,No,0,None,None
B001572,COX-2 Inhibitor,Line 3,02-May-2024,2024,Team C,21.90,34.48,356.00,47.10,7.21,99.41,6.71,123.30,82.51,93.99,Pass,0,No,0,None,None
B000168,AED,Line 1,31-Jul-2025,2025,Team A,22.58,41.69,294.00,45.80,6.58,99.27,6.88,123.30,84.13,94.87,Pass,0,No,0,None,None
B000758,AED,Line 1,10-Dec-2025,2025,Team B,20.56,38.38,337.00,37.50,6.11,98.54,6.88,138.70,86.60,94.87,Pass,0,No,0,None,None
B001246,Antidepressant,Line 1,03-Jun-2025,2025,Team A,20.79,53.98,320.00,45.50,7.46,99.04,7.02,139.00,89.53,94.87,Pass,0,No,0,None,None
B002208,GLP-1 Agonist,Line 3,23-Dec-2025,2025,Team A,23.03,41.38,330.00,52.00,9.14,99.06,7.00,152.50,83.44,94.87,Pass,0,No,0,None,None
B002387,AED,Line 1,06-May-2025,2025,Team A,21.84,41.57,317.00,44.30,7.68,98.94,6.85,113.80,82.01,94.87,Pass,0,No,0,None,None
B002277,COX-2 Inhibitor,Line 2,09-Jan-2024,2024,Team B,22.11,44.54,344.00,40.40,7.45,99.57,6.70,121.00,86.98,93.99,Pass,0,No,0,None,None
B002609,COX-2 Inhibitor,Line 2,14-Oct-2024,2024,Team B,21.80,38.18,364.00,39.70,6.15,98.99,6.59,120.80,89.43,93.99,Pass,0,No,0,None,None
B002501,Antidepressant,Line 1,14-Jan-2025,2025,Team C,23.43,43.32,275.00,43.00,7.57,99.04,6.59,120.20,85.99,94.86,Pass,0,No,0,None,None
B001825,COX-2 Inhibitor,Line 2,19-Sep-2024,2024,Team C,22.88,37.49,305.00,35.40,6.43,98.98,6.41,123.20,91.90,94.01,Failed,1,No,0,None,None
B001117,Antidepressant,Line 2,13-Oct-2025,2025,Team C,21.96,45.05,347.00,36.80,7.82,99.09,6.86,124.90,88.88,94.85,Pass,0,Yes,1,Process,Minor
B001253,Antidepressant,Line 1,29-Oct-2024,2024,Team D,22.38,38.03,308.00,43.60,6.65,99.68,6.68,130.10,88.76,94.85,Pass,0,No,0,None,None
B002018,Antidepressant,Line 2,22-Nov-2025,2025,Team A,21.73,39.29,316.00,43.60,6.82,99.17,6.71,138.80,87.80,94.85,Pass,0,No,0,None,None
B002339,COX-2 Inhibitor,Line 3,26-Jun-2024,2024,Team B,,45.94,353.00,45.10,7.03,99.18,6.66,107.60,86.60,94.01,Pass,0,No,0,None,None
B002855,COX-2 Inhibitor,Line 1,12-Jun-2025,2025,Team C,21.71,37.91,339.00,41.10,7.34,98.97,6.60,136.90,88.45,94.01,Pass,0,No,0,None,None
B000465,COX-2 Inhibitor,Line 3,19-Apr-2024,2024,Team D,21.81,38.63,341.00,38.10,6.05,99.23,6.59,133.50,86.27,94.03,Pass,0,No,0,None,None
B001972,AED,Line 1,04-Sep-2025,2025,Team C,21.89,47.39,292.00,51.50,7.50,98.72,7.00,129.20,85.77,94.84,Pass,0,No,0,None,None
B002020,GLP-1 Agonist,Line 2,20-Sep-2025,2025,Team C,21.62,44.22,319.00,46.80,7.21,98.67,6.84,143.90,84.78,94.84,Pass,0,Yes,1,Documentation,Minor
B002472,AED,Line 1,19-Jul-2024,2024,Team D,22.00,50.34,322.00,43.00,7.51,98.70,7.09,132.10,85.53,94.84,Pass,0,No,0,None,None
B002877,Antidepressant,Line 2,09-Mar-2025,2025,Team A,22.07,33.31,342.00,39.70,6.23,99.15,6.75,134.70,87.60,94.84,Pass,0,No,0,None,None
B000578,COX-2 Inhibitor,Line 1,30-Jan-2025,2025,Team B,23.50,41.42,350.00,48.50,6.10,99.36,6.66,114.20,86.73,94.03,Pass,0,No,0,None,None
B001931,COX-2 Inhibitor,Line 3,26-Feb-2025,2025,Team D,23.09,40.34,342.00,46.50,7.93,99.30,6.63,126.30,83.65,94.03,Pass,0,No,0,None,None
B000970,Antidepressant,Line 1,15-Jul-2025,2025,Team D,22.38,42.24,330.00,46.50,7.04,99.39,6.94,145.50,86.35,94.83,Pass,0,No,0,None,None
B002725,Antidepressant,Line 3,08-Dec-2025,2025,Team C,21.93,38.37,326.00,46.10,7.54,99.40,6.94,134.40,83.43,94.83,Pass,0,Yes,1,Process,Minor
B002785,Antidepressant,Line 1,29-May-2025,2025,Team A,21.79,47.27,326.00,40.00,7.10,99.19,6.92,,90.30,94.83,Pass,0,No,0,None,None
B002834,AED,Line 2,26-Jan-2025,2025,Team A,22.73,47.57,335.00,49.20,7.63,99.22,6.91,134.70,85.65,94.83,Pass,0,No,0,None,None
B000539,Antidepressant,Line 1,19-Nov-2025,2025,Team A,20.60,43.26,298.00,44.10,7.36,99.22,6.69,117.00,85.26,94.82,Pass,0,No,0,None,None
B000394,COX-2 Inhibitor,Line 1,20-Aug-2024,2024,Team D,23.68,41.58,348.00,42.60,7.04,98.61,6.70,136.10,89.54,94.04,Pass,0,No,0,None,None
B001815,AED,Line 2,06-Aug-2024,2024,Team D,21.73,43.54,302.00,42.90,7.72,98.93,6.84,113.10,85.23,94.82,Pass,0,No,0,None,None
B002287,AED,Line 3,19-May-2024,2024,Team B,23.62,39.30,349.00,47.60,7.90,98.89,6.71,132.10,83.23,94.82,Pass,0,No,0,None,None
B001129,COX-2 Inhibitor,Line 3,18-Nov-2024,2024,Team C,22.12,42.15,355.00,32.40,6.21,99.75,6.63,125.20,89.25,94.04,Pass,0,No,0,None,None
B002500,GLP-1 Agonist,Line 1,02-Feb-2025,2025,Team C,20.28,39.71,277.00,46.40,7.95,99.28,6.98,129.40,85.13,94.82,Pass,0,No,0,None,None
B002791,AED,Line 3,18-Jan-2025,2025,Team D,21.11,42.20,320.00,44.70,8.60,98.84,6.97,115.30,89.18,94.82,Pass,0,No,0,None,None
B002851,GLP-1 Agonist,Line 3,28-Mar-2025,2025,Team B,21.82,48.82,305.00,54.80,8.78,98.50,7.09,,88.40,94.82,Pass,0,No,0,None,None
B001297,Antidepressant,Line 2,11-Apr-2024,2024,Team D,23.04,38.02,332.00,47.80,7.09,99.20,6.72,139.80,86.49,94.81,Pass,0,No,0,None,None
B001672,COX-2 Inhibitor,Line 1,15-May-2025,2025,Team A,22.12,48.45,311.00,41.50,7.04,98.69,6.87,103.30,91.90,94.04,Pass,0,No,0,None,None
B002507,AED,Line 1,31-May-2024,2024,Team B,21.62,41.36,320.00,43.50,7.20,99.03,6.87,133.40,88.27,94.81,Pass,0,No,0,None,None
B001938,COX-2 Inhibitor,Line 3,16-Jan-2025,2025,Team C,22.41,43.77,324.00,44.30,6.61,98.84,6.76,118.60,87.28,94.04,Pass,0,No,0,None,None
B000176,Antidepressant,Line 1,30-Dec-2025,2025,Team A,22.75,43.68,296.00,43.00,6.20,99.33,6.74,132.80,86.55,94.80,Pass,0,No,0,None,None
B001641,COX-2 Inhibitor,Line 1,10-Dec-2025,2025,Team B,23.28,31.90,317.00,46.90,6.48,99.04,6.43,119.50,91.75,94.05,Pass,0,Yes,1,Material,Minor
B001990,Antidepressant,Line 1,18-Mar-2025,2025,Team D,21.85,51.41,322.00,40.40,6.18,99.36,7.10,134.70,87.55,94.80,Pass,0,No,0,None,None
B001995,GLP-1 Agonist,Line 2,14-Apr-2024,2024,Team C,22.27,38.47,312.00,46.20,7.41,98.90,7.12,128.50,88.51,94.80,Pass,0,No,0,None,None
B000184,GLP-1 Agonist,Line 1,24-Oct-2025,2025,Team A,20.62,45.47,309.00,48.10,8.21,98.62,7.05,155.80,87.76,94.79,Pass,0,No,0,None,None
B000548,Antidepressant,Line 3,27-Nov-2025,2025,Team A,21.34,41.08,314.00,43.10,8.33,99.41,7.00,125.10,86.53,94.79,Pass,0,No,0,None,None
B000760,GLP-1 Agonist,Line 1,24-Nov-2025,2025,Team B,21.15,37.19,272.00,43.70,7.63,98.73,7.15,143.60,81.12,94.79,Pass,0,No,0,None,None
B002395,COX-2 Inhibitor,Line 2,07-Dec-2024,2024,Team B,22.29,39.63,313.00,39.20,7.65,99.33,6.61,113.10,86.69,94.05,Pass,0,No,0,None,None
B001474,GLP-1 Agonist,Line 1,07-Nov-2025,2025,Team A,20.43,40.80,321.00,41.80,7.91,99.20,7.04,137.90,91.88,94.79,Pass,0,No,0,None,None
B002577,COX-2 Inhibitor,Line 3,07-Nov-2024,2024,Team B,21.64,41.57,303.00,45.70,6.29,99.73,6.51,120.60,85.57,94.05,Pass,0,No,0,None,None
B000182,AED,Line 1,28-Sep-2024,2024,Team A,20.80,45.68,285.00,44.10,6.88,98.97,7.18,129.60,86.88,94.78,Pass,0,No,0,None,None
B001137,GLP-1 Agonist,Line 2,16-Sep-2025,2025,Team C,21.23,28.34,284.00,47.50,8.14,98.57,6.78,142.20,83.14,94.78,Pass,0,No,0,None,None
B001214,GLP-1 Agonist,Line 1,09-Jul-2024,2024,Team D,21.29,37.18,299.00,47.00,7.44,98.92,6.93,150.00,79.06,94.78,Pass,0,No,0,None,None
B002190,AED,Line 2,26-Feb-2024,2024,Team C,21.82,35.14,298.00,47.00,7.53,98.90,6.89,155.30,88.85,94.78,Pass,0,No,0,None,None
B000637,COX-2 Inhibitor,Line 3,23-Sep-2024,2024,Team D,21.93,37.70,344.00,35.30,7.42,99.00,6.57,121.50,91.10,94.06,Pass,0,No,0,None,None
B000307,GLP-1 Agonist,Line 1,15-Dec-2025,2025,Team D,21.30,36.10,299.00,51.90,8.26,98.86,,136.40,88.99,94.77,Pass,0,No,0,None,None
B000793,GLP-1 Agonist,Line 1,05-Dec-2024,2024,Team B,22.06,46.01,294.00,45.70,7.33,98.90,7.01,146.60,84.12,94.77,Pass,0,No,0,None,None
B002270,AED,Line 2,19-Mar-2024,2024,Team B,22.12,47.69,358.00,44.10,7.21,98.69,6.88,128.10,86.54,94.77,Pass,0,No,0,None,None
B002551,GLP-1 Agonist,Line 1,18-Feb-2024,2024,Team A,20.84,44.34,288.00,48.50,7.37,98.71,6.92,130.50,84.72,94.77,Pass,0,No,0,None,None
B002985,Antidepressant,Line 2,29-Aug-2025,2025,Team B,21.37,40.02,324.00,46.90,7.44,99.80,6.99,129.70,89.52,94.77,Pass,0,No,0,None,None
B000802,GLP-1 Agonist,Line 1,19-Sep-2024,2024,Team A,20.97,44.22,301.00,46.00,8.57,98.97,6.91,132.30,87.61,94.76,Pass,0,No,0,None,None
B000936,Antidepressant,Line 1,12-Sep-2025,2025,Team C,20.68,51.34,299.00,44.40,6.71,99.37,6.85,120.70,90.57,94.76,Pass,0,No,0,None,None
B001434,Antidepressant,Line 2,14-Sep-2025,2025,Team C,21.96,40.27,297.00,42.20,6.74,99.15,6.86,146.50,92.01,94.76,Pass,0,No,0,None,None
B001517,Antidepressant,Line 2,30-Apr-2025,2025,Team B,21.60,45.86,301.00,45.90,7.51,98.71,6.91,109.90,90.56,94.76,Pass,0,No,0,None,None
B002350,Antidepressant,Line 1,03-Apr-2024,2024,Team B,22.31,38.74,323.00,39.80,7.54,99.42,6.69,126.10,88.17,94.76,Pass,0,No,0,None,None
B002518,Antidepressant,Line 1,13-Oct-2024,2024,Team C,21.58,46.45,328.00,36.70,6.14,99.18,7.15,123.80,92.52,94.76,Pass,0,No,0,None,None
B001893,COX-2 Inhibitor,Line 2,03-Apr-2024,2024,Team D,22.50,34.54,356.00,38.60,7.17,99.29,6.73,99.90,90.10,94.06,Pass,0,No,0,None,None
B000227,Antidepressant,Line 3,06-Oct-2024,2024,Team A,21.70,43.82,338.00,44.30,6.74,99.03,6.89,131.10,84.62,94.75,Pass,0,No,0,None,None
B000401,GLP-1 Agonist,Line 1,02-Dec-2025,2025,Team A,21.09,46.53,276.00,48.40,6.06,98.91,7.20,126.70,84.20,94.75,Pass,0,No,0,None,None
B000661,Antidepressant,Line 1,25-Apr-2024,2024,Team B,,37.64,324.00,40.80,6.45,98.96,6.61,121.80,91.46,94.75,Pass,0,No,0,None,None
B000216,COX-2 Inhibitor,Line 3,17-Feb-2024,2024,Team A,24.55,39.21,345.00,41.10,7.45,99.15,6.77,118.80,85.99,94.07,Failed,1,No,0,None,None
B002594,Antidepressant,Line 1,14-Dec-2024,2024,Team C,22.34,43.42,317.00,40.40,6.83,99.45,6.70,118.30,88.87,94.75,Pass,0,No,0,None,None
B002980,AED,Line 2,09-Oct-2024,2024,Team A,21.73,46.43,316.00,43.80,7.38,98.67,6.89,146.50,89.87,94.75,Pass,0,No,0,None,None
B000784,COX-2 Inhibitor,Line 1,27-Oct-2025,2025,Team C,22.14,36.99,332.00,41.60,7.56,99.00,6.66,104.30,89.56,94.07,Pass,0,No,0,None,None
B001593,AED,Line 3,22-Sep-2025,2025,Team C,23.27,45.91,307.00,42.80,8.06,98.48,7.09,132.20,86.82,94.74,Pass,0,No,0,None,None
B002325,Antidepressant,Line 1,06-Nov-2025,2025,Team A,21.49,42.25,316.00,44.50,7.80,99.56,6.98,109.60,82.52,94.74,Pass,0,No,0,None,None
B002455,COX-2 Inhibitor,Line 3,08-May-2025,2025,Team A,22.15,42.12,350.00,44.10,7.31,99.49,6.74,125.50,86.30,94.07,Pass,0,No,0,None,None
B000218,Antidepressant,Line 1,23-Aug-2024,2024,Team B,21.52,46.83,329.00,45.30,7.02,98.91,6.78,120.70,87.63,94.73,Pass,0,No,0,None,None
B000362,Antidepressant,Line 2,29-Dec-2025,2025,Team A,21.86,38.31,326.00,42.20,6.50,99.06,6.92,126.70,85.49,94.73,Pass,0,No,0,None,None
B000406,AED,Line 3,07-Feb-2025,2025,Team C,21.58,42.91,315.00,49.30,8.28,98.33,6.95,137.50,86.41,94.73,Pass,0,No,0,None,None
B000519,Antidepressant,Line 2,28-Nov-2024,2024,Team C,21.69,40.03,318.00,39.10,7.34,99.55,6.77,118.20,87.24,94.73,Pass,0,No,0,None,None
B000762,Antidepressant,Line 1,18-Jul-2024,2024,Team C,22.86,38.59,320.00,44.80,7.64,99.29,6.72,136.10,85.00,94.73,Pass,0,No,0,None,None
B001785,Antidepressant,Line 3,23-Sep-2024,2024,Team D,20.89,39.66,337.00,41.50,5.97,99.23,6.84,120.10,85.49,94.73,Pass,0,No,0,None,None
B001982,GLP-1 Agonist,Line 1,31-May-2024,2024,Team A,22.02,40.87,272.00,47.50,7.49,98.95,6.85,141.20,83.44,94.73,Failed,1,Yes,1,Process,Minor
B002328,Antidepressant,Line 3,06-Nov-2025,2025,Team D,20.94,41.52,306.00,48.40,7.90,99.34,6.84,144.90,85.20,94.73,Pass,0,No,0,None,None
B002867,GLP-1 Agonist,Line 3,23-Jan-2025,2025,Team C,21.53,49.22,301.00,47.90,8.17,98.96,7.08,143.80,82.01,94.73,Pass,0,No,0,None,None
B000440,COX-2 Inhibitor,Line 2,16-Nov-2024,2024,Team B,22.18,39.24,343.00,40.00,6.79,100.05,6.81,115.00,88.86,94.09,Pass,0,No,0,None,None
B000586,COX-2 Inhibitor,Line 3,09-May-2024,2024,Team D,22.80,47.53,351.00,34.00,6.55,99.07,6.67,109.50,91.02,94.09,Pass,0,No,0,None,None
B002055,GLP-1 Agonist,Line 3,29-Jun-2024,2024,Team A,20.96,34.94,324.00,54.10,8.34,98.99,6.87,150.70,79.94,94.72,Pass,0,No,0,None,None
B000653,COX-2 Inhibitor,Line 1,04-Nov-2025,2025,Team D,21.64,51.66,315.00,36.90,6.26,98.69,6.79,111.00,87.15,94.09,Pass,0,No,0,None,None
B000002,GLP-1 Agonist,Line 2,01-Jan-2025,2025,Team B,22.64,31.48,309.00,52.80,9.05,99.10,6.97,124.80,84.97,94.71,Pass,0,No,0,None,None
B000431,AED,Line 2,09-Jul-2025,2025,Team B,21.49,44.43,285.00,44.60,8.29,98.84,7.03,127.90,86.82,94.71,Pass,0,No,0,None,None
B000719,COX-2 Inhibitor,Line 3,04-Feb-2024,2024,Team D,22.48,41.66,324.00,42.40,8.42,99.50,6.46,127.20,86.16,94.10,Pass,0,No,0,None,None
B002007,GLP-1 Agonist,Line 3,06-Oct-2025,2025,Team A,21.21,44.99,312.00,44.60,8.10,99.28,7.08,131.20,87.63,94.71,Pass,0,No,0,None,None
B002039,COX-2 Inhibitor,Line 3,20-Jan-2024,2024,Team A,23.50,38.19,297.00,39.70,6.04,99.12,6.80,119.40,90.25,94.10,Pass,0,No,0,None,None
B000125,Antidepressant,Line 1,31-Mar-2024,2024,Team B,22.80,43.22,326.00,41.80,7.88,99.25,6.83,121.40,89.91,94.70,Pass,0,No,0,None,None
B000326,COX-2 Inhibitor,Line 3,23-Apr-2025,2025,Team B,21.85,39.14,343.00,40.10,6.48,99.54,6.51,118.70,87.20,94.12,Pass,0,No,0,None,None
B000744,Antidepressant,Line 2,01-Feb-2024,2024,Team A,20.49,42.46,286.00,45.00,6.77,98.61,6.67,142.40,84.95,94.70,Pass,0,No,0,None,None
B000967,AED,Line 2,18-Oct-2024,2024,Team D,21.20,51.04,299.00,48.40,6.67,98.97,7.05,134.80,82.12,94.70,Pass,0,No,0,None,None
B001197,Antidepressant,Line 1,12-Sep-2024,2024,Team B,22.60,40.20,301.00,37.00,5.87,99.11,7.00,92.30,90.81,94.70,Pass,0,No,0,None,None
B002117,Antidepressant,Line 2,10-Dec-2024,2024,Team D,22.82,41.83,290.00,44.30,6.79,98.94,6.75,126.90,87.16,94.70,Pass,0,No,0,None,None
B002141,AED,Line 2,13-Sep-2024,2024,Team A,22.10,46.47,304.00,41.90,7.23,,6.89,127.00,85.57,94.70,Pass,0,No,0,None,None
B001773,COX-2 Inhibitor,Line 1,07-Apr-2024,2024,Team D,21.96,44.85,344.00,45.70,7.02,99.73,6.83,137.40,86.34,94.12,Pass,0,No,0,None,None
B000085,Antidepressant,Line 3,03-Jun-2024,2024,Team D,21.91,46.37,326.00,41.30,6.81,98.80,6.90,133.70,89.77,94.69,Pass,0,No,0,None,None
B002846,COX-2 Inhibitor,Line 3,06-Jan-2024,2024,Team B,23.13,44.50,351.00,42.30,7.18,99.65,6.68,131.30,88.70,94.12,Pass,0,No,0,None,None
B000675,COX-2 Inhibitor,Line 3,05-Jul-2024,2024,Team C,21.42,45.75,305.00,44.50,6.42,99.37,6.87,128.10,83.73,94.13,Pass,0,No,0,None,None
B001145,GLP-1 Agonist,Line 2,12-Dec-2025,2025,Team D,21.68,29.98,297.00,49.80,8.02,98.97,6.70,131.70,81.98,94.69,Pass,0,No,0,None,None
B001240,Antidepressant,Line 2,14-Jun-2025,2025,Team B,22.39,35.18,310.00,39.40,6.97,98.70,6.72,125.70,88.90,94.69,Pass,0,Yes,1,Process,Major
B002492,GLP-1 Agonist,Line 2,20-Oct-2024,2024,Team D,21.21,43.29,283.00,46.50,7.37,98.88,6.97,134.50,87.74,94.69,Pass,0,No,0,None,None
B000108,Antidepressant,Line 2,10-Jun-2024,2024,Team A,22.97,42.35,301.00,44.40,6.95,98.76,6.83,135.70,86.59,94.68,Pass,0,No,0,None,None
B000932,GLP-1 Agonist,Line 2,18-Aug-2025,2025,Team D,20.88,34.36,309.00,46.30,8.12,98.94,6.71,138.20,86.68,94.68,Pass,0,No,0,None,None
B001223,AED,Line 1,21-Apr-2025,2025,Team B,22.10,37.35,327.00,52.40,7.37,99.06,6.90,133.80,89.04,94.68,Pass,0,Yes,1,Material,Minor
B001529,Antidepressant,Line 1,09-Nov-2025,2025,Team C,22.50,35.52,319.00,105.00,7.52,99.05,6.61,136.90,88.31,94.68,Pass,0,No,0,None,None
B002796,COX-2 Inhibitor,Line 2,09-Aug-2024,2024,Team B,22.98,38.68,344.00,39.30,6.43,98.99,6.59,137.80,91.87,94.13,Pass,0,No,0,None,None
B001741,Antidepressant,Line 1,30-Aug-2024,2024,Team C,22.84,43.64,334.00,43.30,6.89,98.58,6.95,126.60,86.91,94.68,Pass,0,No,0,None,None
B002084,Antidepressant,Line 1,06-Jan-2024,2024,Team A,22.63,44.56,325.00,44.80,7.19,99.03,6.79,125.00,86.29,94.68,Pass,0,No,0,None,None
B002156,AED,Line 1,09-Jul-2024,2024,Team D,22.55,43.46,323.00,44.80,7.57,98.56,6.74,132.60,83.07,94.68,Pass,0,No,0,None,None
B002873,Antidepressant,Line 1,18-Nov-2025,2025,Team D,21.70,39.81,345.00,35.10,6.48,99.23,6.79,113.50,89.11,94.68,Pass,0,No,0,None,None
B000205,Antidepressant,Line 3,26-Jan-2024,2024,Team C,22.01,39.89,310.00,37.00,7.21,99.08,6.90,117.20,88.47,94.67,Pass,0,No,0,None,None
B000481,GLP-1 Agonist,Line 2,01-Feb-2025,2025,Team D,21.44,38.86,279.00,41.20,7.28,99.18,6.92,135.30,85.65,94.67,Pass,0,No,0,None,None
B000695,AED,Line 3,03-Nov-2025,2025,Team B,21.49,37.99,312.00,42.10,8.23,99.06,6.82,131.20,86.49,94.67,Pass,0,No,0,None,None
B002276,Antidepressant,Line 3,13-Oct-2024,2024,Team A,22.31,47.95,327.00,54.70,8.51,98.98,6.93,131.60,85.18,94.67,Pass,0,No,0,None,None
B000442,Antidepressant,Line 1,23-May-2024,2024,Team B,22.09,46.96,305.00,36.90,6.81,98.69,6.52,129.10,92.37,94.66,Pass,0,No,0,None,None
B001452,COX-2 Inhibitor,Line 3,10-Apr-2024,2024,Team B,22.35,36.41,347.00,40.30,6.67,99.25,6.77,107.40,87.44,94.14,Pass,0,No,0,None,None
B002232,COX-2 Inhibitor,Line 3,08-Apr-2025,2025,Team D,22.52,45.42,375.00,40.30,6.66,99.16,6.78,121.40,87.78,94.16,Pass,0,No,0,None,None
B001568,Antidepressant,Line 1,03-Jan-2025,2025,Team A,21.93,35.96,326.00,38.60,7.52,99.20,6.74,101.80,93.05,94.66,Pass,0,No,0,None,None
B001757,Antidepressant,Line 2,05-Nov-2024,2024,Team C,22.77,43.80,354.00,39.80,6.67,99.30,6.78,118.10,,94.66,Pass,0,No,0,None,None
B001837,Antidepressant,Line 1,11-May-2024,2024,Team A,22.72,33.52,294.00,45.70,7.24,99.19,6.57,120.10,91.27,94.66,Pass,0,No,0,None,None
B001916,Antidepressant,Line 3,14-Oct-2025,2025,Team C,21.60,52.52,315.00,40.20,6.71,99.05,6.92,136.10,87.34,94.66,Pass,0,No,0,None,None
B002509,GLP-1 Agonist,Line 3,26-Aug-2024,2024,Team C,20.47,39.33,311.00,45.40,8.79,99.08,6.92,134.90,86.24,94.66,Pass,0,No,0,None,None
B002840,Antidepressant,Line 1,30-Jun-2025,2025,Team A,20.60,34.07,308.00,46.00,6.98,98.75,6.57,130.20,,94.66,Pass,0,Yes,1,Documentation,Minor
B002962,AED,Line 1,24-Jan-2025,2025,Team C,21.90,40.84,336.00,41.80,6.95,98.93,6.85,133.20,88.27,94.66,Pass,0,No,0,None,None
B002792,Antidepressant,Line 3,28-Mar-2024,2024,Team D,22.33,45.24,343.00,51.30,8.04,98.48,6.74,121.70,84.60,94.65,Pass,0,No,0,None,None
B002805,Antidepressant,Line 2,08-May-2024,2024,Team A,22.75,43.10,316.00,46.20,7.17,98.86,6.87,137.10,86.53,94.65,Pass,0,No,0,None,None
B002835,COX-2 Inhibitor,Line 2,20-Nov-2025,2025,Team A,23.30,43.55,347.00,32.90,5.19,98.86,6.83,110.00,92.69,94.16,Pass,0,No,0,None,None
B000369,GLP-1 Agonist,Line 1,02-Aug-2025,2025,Team C,21.03,34.36,304.00,45.70,8.21,99.46,6.89,144.40,84.73,94.64,Pass,0,No,0,None,None
B000927,Antidepressant,Line 2,16-Oct-2025,2025,Team C,20.67,37.51,335.00,50.50,7.12,99.89,6.69,119.20,86.28,94.64,Pass,0,No,0,None,None
B001317,COX-2 Inhibitor,Line 3,08-Jul-2025,2025,Team C,22.62,43.93,349.00,24.30,6.52,99.09,6.72,110.40,91.89,94.17,Pass,0,Yes,1,Process,Major
B001607,AED,Line 3,24-Feb-2025,2025,Team D,22.14,32.84,335.00,45.20,8.35,98.96,7.00,126.10,87.74,94.64,Pass,0,No,0,None,None
B002477,Antidepressant,Line 1,28-Jan-2024,2024,Team D,20.72,35.69,335.00,42.00,6.93,99.01,6.79,134.50,86.52,94.64,Pass,0,No,0,None,None
B002979,COX-2 Inhibitor,Line 1,25-Mar-2024,2024,Team A,21.91,39.11,349.00,34.80,7.41,98.63,6.82,119.40,90.91,94.17,Pass,0,No,0,None,None
B002769,AED,Line 2,16-Apr-2024,2024,Team C,21.81,42.46,348.00,52.90,7.04,99.09,6.87,127.00,82.85,94.64,Pass,0,No,0,None,None
B000257,AED,Line 1,29-Nov-2025,2025,Team D,22.44,43.10,305.00,47.80,7.57,99.09,6.87,135.00,83.57,94.63,Pass,0,No,0,None,None
B000290,Antidepressant,Line 2,22-May-2025,2025,Team C,21.49,50.12,309.00,44.90,6.43,98.80,6.94,128.40,84.80,94.63,Pass,0,No,0,None,None
B000866,AED,Line 1,21-Feb-2024,2024,Team A,,42.85,317.00,43.00,7.00,98.95,6.78,128.30,91.34,94.63,Pass,0,No,0,None,None
B001157,Antidepressant,Line 3,13-Jan-2025,2025,Team B,20.40,47.81,275.00,44.00,8.27,99.42,6.88,128.90,87.95,94.63,Pass,0,No,0,None,None
B002036,AED,Line 1,29-Apr-2024,2024,Team A,21.36,49.38,324.00,43.20,7.68,99.06,7.12,121.40,87.88,94.63,Pass,0,No,0,None,None
B002152,Antidepressant,Line 1,18-Jan-2025,2025,Team B,23.71,45.87,337.00,44.90,7.30,99.14,6.71,129.90,89.99,94.63,Pass,0,No,0,None,None
B002317,Antidepressant,Line 1,28-Jan-2024,2024,Team B,22.47,49.12,318.00,44.70,7.58,98.88,6.99,110.80,,94.63,Pass,0,No,0,None,None
B002881,Antidepressant,Line 1,29-Apr-2025,2025,Team B,21.82,37.49,321.00,39.50,6.90,99.51,6.58,121.70,90.77,94.63,Pass,0,No,0,None,None
B000139,AED,Line 3,22-Oct-2024,2024,Team C,21.58,41.89,324.00,48.50,6.74,99.00,6.95,144.50,87.68,94.62,Pass,0,No,0,None,None
B001423,GLP-1 Agonist,Line 2,09-Apr-2024,2024,Team C,21.38,44.30,329.00,44.70,6.69,98.28,6.84,126.20,83.73,94.62,Pass,0,Yes,1,Equipment,Minor
B001774,AED,Line 2,12-Dec-2025,2025,Team B,22.41,43.61,320.00,43.60,7.16,99.38,6.96,142.50,88.43,94.62,Pass,0,No,0,None,None
B002371,GLP-1 Agonist,Line 1,21-Jun-2025,2025,Team A,21.40,38.93,306.00,46.30,7.83,99.07,6.93,130.10,82.66,94.62,Pass,0,Yes,1,Material,Minor
B001498,COX-2 Inhibitor,Line 2,13-Oct-2024,2024,Team B,,47.83,344.00,41.60,5.47,99.69,6.76,137.90,84.35,94.18,Pass,0,No,0,None,None
B002230,COX-2 Inhibitor,Line 1,25-Mar-2024,2024,Team D,23.38,43.01,340.00,36.40,6.76,98.73,6.50,123.90,92.71,94.18,Pass,0,No,0,None,None
B000618,GLP-1 Agonist,Line 1,21-Nov-2025,2025,Team B,20.32,41.02,303.00,48.10,7.68,98.73,7.10,139.30,83.75,94.61,Pass,0,No,0,None,None
B001041,Antidepressant,Line 2,24-Apr-2025,2025,Team A,21.74,32.65,318.00,40.80,7.59,98.67,6.50,119.70,,94.61,Pass,0,No,0,None,None
B001276,GLP-1 Agonist,Line 1,02-Feb-2024,2024,Team C,22.02,38.79,301.00,43.20,7.22,98.78,6.88,144.60,89.90,94.61,Pass,0,No,0,None,None
B001537,AED,Line 2,27-Apr-2025,2025,Team B,22.78,47.36,300.00,42.30,6.80,98.78,7.00,120.80,88.10,94.61,Pass,0,No,0,None,None
B002489,Antidepressant,Line 2,18-Sep-2025,2025,Team A,22.25,34.84,340.00,41.80,6.12,99.11,6.70,122.20,85.02,94.61,Pass,0,No,0,None,None
B002765,Antidepressant,Line 2,09-Aug-2025,2025,Team C,21.51,53.11,337.00,36.30,6.98,98.41,7.05,119.20,92.35,94.61,Pass,0,No,0,None,None
B001454,AED,Line 2,25-May-2025,2025,Team A,21.76,44.07,295.00,46.10,7.37,98.99,6.95,144.00,86.94,94.60,Pass,0,No,0,None,None
B001668,Antidepressant,Line 2,03-Mar-2025,2025,Team D,22.19,44.89,322.00,41.70,7.67,98.92,6.95,126.00,86.80,94.60,Pass,0,No,0,None,None
B000490,COX-2 Inhibitor,Line 2,29-Jul-2025,2025,Team A,22.37,52.28,335.00,44.70,5.64,98.87,6.74,122.60,87.71,94.19,Pass,0,No,0,None,None
B000567,COX-2 Inhibitor,Line 3,31-Oct-2025,2025,Team B,22.26,43.78,370.00,44.60,7.56,99.77,6.79,128.50,87.12,94.19,Pass,0,Yes,1,Equipment,Minor
B001068,COX-2 Inhibitor,Line 3,21-Aug-2024,2024,Team A,22.84,40.79,338.00,34.30,7.23,98.91,6.75,115.70,90.41,94.20,Pass,0,No,0,None,None
B002767,GLP-1 Agonist,Line 2,28-Mar-2024,2024,Team A,22.36,37.16,282.00,45.90,8.15,99.56,6.86,135.00,86.16,94.60,Pass,0,No,0,None,None
B000963,Antidepressant,Line 3,17-Apr-2024,2024,Team A,22.54,40.96,294.00,45.80,8.06,98.95,6.65,129.70,86.99,94.59,Pass,0,No,0,None,None
B001106,COX-2 Inhibitor,Line 1,26-Oct-2025,2025,Team D,23.97,42.51,320.00,42.40,5.69,99.04,6.56,125.50,89.20,94.20,Pass,0,No,0,None,None
B001113,COX-2 Inhibitor,Line 3,25-Jan-2024,2024,Team B,23.31,46.81,327.00,40.70,7.21,99.30,6.76,130.20,86.82,94.20,Pass,0,No,0,None,None
B001588,COX-2 Inhibitor,Line 3,07-Jan-2024,2024,Team C,21.77,48.32,346.00,53.00,7.72,99.31,6.77,129.60,82.99,94.20,Pass,0,No,0,None,None
B002175,GLP-1 Agonist,Line 1,21-Jun-2024,2024,Team A,22.69,42.12,287.00,50.00,7.87,99.37,7.02,147.40,86.39,94.59,Pass,0,Yes,1,Equipment,Minor
B002653,AED,Line 2,05-Feb-2024,2024,Team A,21.06,33.62,316.00,43.80,7.48,98.90,6.67,135.30,86.45,94.59,Pass,0,No,0,None,None
B000195,Antidepressant,Line 2,15-Jan-2025,2025,Team A,22.27,40.00,314.00,43.20,7.94,98.99,6.68,125.40,88.22,94.58,Pass,0,No,0,None,None
B002733,COX-2 Inhibitor,Line 3,18-Oct-2024,2024,Team D,23.09,42.19,347.00,41.40,6.67,98.93,,134.20,87.74,94.20,Pass,0,Yes,1,Equipment,Minor
B000873,AED,Line 1,11-Apr-2024,2024,Team A,21.59,42.62,326.00,44.90,6.66,98.45,6.97,120.30,87.47,94.58,Pass,0,No,0,None,None
B001326,AED,Line 2,18-Jun-2024,2024,Team A,,50.46,322.00,43.00,7.16,98.55,7.30,131.10,87.65,94.58,Pass,0,No,0,None,None
B001796,GLP-1 Agonist,Line 1,07-Jul-2025,2025,Team A,22.01,32.63,283.00,47.20,7.46,98.28,7.12,134.50,88.43,94.58,Pass,0,No,0,None,None
B002470,GLP-1 Agonist,Line 1,11-Jul-2025,2025,Team C,22.42,35.88,318.00,50.40,6.98,98.77,6.77,143.90,82.64,94.58,Pass,0,No,0,None,None
B002754,Antidepressant,Line 3,05-Oct-2025,2025,Team A,22.91,40.93,296.00,43.90,7.51,99.08,6.68,136.40,81.68,94.58,Pass,0,No,0,None,None
B000037,Antidepressant,Line 2,27-Oct-2025,2025,Team C,22.15,48.26,309.00,39.40,6.86,99.92,6.90,107.40,90.01,94.57,Pass,0,No,0,None,None
B000360,COX-2 Inhibitor,Line 2,12-Dec-2025,2025,Team B,22.69,40.97,347.00,51.10,7.48,99.30,6.69,132.00,84.21,94.21,Pass,0,No,0,None,None
B000328,GLP-1 Agonist,Line 3,14-Nov-2025,2025,Team C,19.10,38.28,318.00,45.70,8.22,99.09,7.08,145.70,88.65,94.57,Failed,1,No,0,None,None
B000557,GLP-1 Agonist,Line 2,29-Apr-2025,2025,Team A,20.92,40.79,284.00,50.20,8.14,98.67,6.83,145.60,85.31,94.57,Pass,0,No,0,None,None
B000197,COX-2 Inhibitor,Line 2,10-Jan-2025,2025,Team A,22.01,44.53,365.00,30.00,6.43,99.35,6.80,112.70,93.88,94.22,Pass,0,No,0,None,None
B001040,Antidepressant,Line 3,02-Apr-2025,2025,Team B,21.71,44.76,328.00,42.00,8.18,98.71,6.96,125.10,85.46,94.57,Pass,0,No,0,None,None
B001371,Antidepressant,Line 1,24-Mar-2024,2024,Team B,21.32,38.47,321.00,40.30,6.56,98.66,6.75,132.60,90.15,94.57,Pass,0,No,0,None,None
B001904,Antidepressant,Line 3,07-Mar-2024,2024,Team D,23.14,41.45,330.00,48.70,7.72,99.05,6.72,112.40,83.06,94.57,Pass,0,No,0,None,None
B002388,Antidepressant,Line 1,26-Jan-2024,2024,Team B,22.47,41.34,330.00,49.50,7.43,99.22,6.68,123.20,85.79,94.57,Pass,0,No,0,None,None
B002457,COX-2 Inhibitor,Line 1,21-Mar-2024,2024,Team D,23.01,37.83,337.00,47.80,6.80,99.63,6.75,142.60,84.17,94.22,Pass,0,No,0,None,None
B000610,GLP-1 Agonist,Line 1,11-Jun-2024,2024,Team C,21.49,40.45,264.00,42.70,7.80,99.05,6.95,133.80,92.32,94.56,Pass,0,No,0,None,None
B000751,Antidepressant,Line 1,28-Nov-2025,2025,Team C,21.43,44.06,306.00,41.90,8.12,99.16,6.72,129.50,87.36,94.56,Pass,0,No,0,None,None
B001261,Antidepressant,Line 3,09-Nov-2025,2025,Team C,21.92,33.68,315.00,44.60,6.83,99.29,6.64,132.60,86.13,94.56,Pass,0,No,0,None,None
B001578,AED,Line 1,12-Sep-2024,2024,Team D,21.71,44.48,325.00,42.20,7.94,99.20,6.95,123.80,86.74,94.56,Pass,0,No,0,None,None
B001966,Antidepressant,Line 1,27-Aug-2025,2025,Team B,21.57,22.56,300.00,46.60,7.81,99.63,6.40,128.90,83.56,94.56,Pass,0,No,0,None,None
B002000,GLP-1 Agonist,Line 2,05-Jan-2024,2024,Team C,21.57,35.02,298.00,48.10,8.15,99.01,6.93,134.90,87.75,94.56,Pass,0,No,0,None,None
B002046,Antidepressant,Line 3,08-Dec-2025,2025,Team B,21.83,40.07,329.00,41.30,7.37,98.59,6.70,126.60,89.81,94.56,Pass,0,No,0,None,None
B000629,COX-2 Inhibitor,Line 2,13-Aug-2025,2025,Team A,23.03,42.81,334.00,40.40,7.04,99.12,6.76,115.50,86.04,94.25,Pass,0,No,0,None,None
B002421,Antidepressant,Line 2,25-Mar-2025,2025,Team C,22.22,42.91,319.00,34.90,6.68,99.05,6.68,106.40,89.17,94.56,Pass,0,No,0,None,None
B002724,GLP-1 Agonist,Line 3,10-Oct-2024,2024,Team D,21.64,36.95,281.00,50.10,7.76,99.25,6.99,154.30,85.32,94.56,Pass,0,No,0,None,None
B002389,COX-2 Inhibitor,Line 2,17-Mar-2024,2024,Team B,23.57,47.71,339.00,36.60,6.39,99.07,6.63,91.00,87.44,94.25,Pass,0,No,0,None,None
B000131,Antidepressant,Line 2,18-Dec-2025,2025,Team D,22.42,42.29,351.00,46.90,6.19,99.51,6.74,136.70,87.39,94.55,Pass,0,No,0,None,None
B001092,COX-2 Inhibitor,Line 3,02-Jun-2024,2024,Team D,22.68,50.74,344.00,43.40,6.53,99.20,6.56,110.40,89.57,94.26,Pass,0,No,0,None,None
B000791,Antidepressant,Line 1,27-Jul-2025,2025,Team A,21.22,41.02,314.00,34.20,5.38,99.32,6.74,126.30,87.29,94.55,Pass,0,No,0,None,None
B000995,AED,Line 1,27-Dec-2024,2024,Team B,23.21,35.96,297.00,37.60,7.19,99.07,6.86,123.90,90.35,94.55,Pass,0,No,0,None,None
B001257,COX-2 Inhibitor,Line 1,04-Jun-2024,2024,Team B,23.29,,333.00,30.50,6.92,99.27,6.87,113.50,87.47,94.26,Pass,0,No,0,None,None
B002417,Antidepressant,Line 1,17-Mar-2025,2025,Team D,20.93,43.73,337.00,44.10,6.98,99.10,6.66,118.90,89.20,94.55,Pass,0,No,0,None,None
B002617,Antidepressant,Line 2,11-Jul-2024,2024,Team D,20.76,44.38,340.00,36.10,7.48,99.14,6.88,130.90,90.28,94.55,Pass,0,No,0,None,None
B001704,COX-2 Inhibitor,Line 2,07-Oct-2025,2025,Team B,22.36,43.94,311.00,30.10,6.52,99.32,6.65,109.80,91.31,94.26,Pass,0,No,0,None,None
B000690,GLP-1 Agonist,Line 2,19-Mar-2024,2024,Team B,22.08,37.46,283.00,48.20,9.41,,6.87,126.40,85.42,94.54,Pass,0,No,0,None,None
B001520,Antidepressant,Line 1,18-Feb-2025,2025,Team A,22.36,46.08,338.00,42.60,6.72,98.69,6.88,134.50,,94.54,Pass,0,No,0,None,None
B001852,AED,Line 3,07-Feb-2025,2025,Team A,22.74,44.92,309.00,50.10,8.09,99.25,7.04,123.50,83.93,94.54,Pass,0,No,0,None,None
B002037,AED,Line 3,31-Dec-2025,2025,Team C,22.59,39.71,313.00,44.30,7.77,98.97,6.98,123.40,84.31,94.54,Pass,0,No,0,None,None
B002258,AED,Line 2,27-Oct-2024,2024,Team D,21.96,40.48,350.00,48.70,7.94,99.11,6.97,140.50,87.50,94.54,Pass,0,No,0,None,None
B002482,Antidepressant,Line 1,07-Jan-2024,2024,Team C,22.67,40.63,351.00,36.90,7.84,99.26,6.56,99.20,92.50,94.54,Pass,0,No,0,None,None
B002548,Antidepressant,Line 2,04-Jul-2025,2025,Team A,22.90,47.58,332.00,45.10,7.46,98.71,6.83,123.20,89.84,94.54,Pass,0,No,0,None,None
B002935,COX-2 Inhibitor,Line 1,31-Oct-2024,2024,Team A,22.53,41.73,340.00,31.60,6.90,99.09,6.75,116.70,92.36,94.26,Pass,0,No,0,None,None
B002996,GLP-1 Agonist,Line 2,05-Dec-2024,2024,Team C,21.75,44.85,305.00,48.80,8.33,98.94,7.06,153.70,87.03,94.54,Pass,0,No,0,None,None
B000170,AED,Line 2,09-Feb-2025,2025,Team A,20.84,44.78,305.00,46.60,7.38,98.94,6.68,135.70,85.83,94.53,Pass,0,No,0,None,None
B000726,Antidepressant,Line 3,03-Apr-2024,2024,Team C,19.88,46.06,291.00,41.00,7.79,99.13,6.87,122.80,86.16,94.53,Pass,0,No,0,None,None
B001122,Antidepressant,Line 3,17-Apr-2025,2025,Team B,21.48,40.76,332.00,42.10,7.29,98.78,6.69,111.50,87.59,94.53,Pass,0,No,0,None,None
B001412,AED,Line 1,27-Sep-2024,2024,Team B,22.58,39.45,337.00,41.50,6.52,98.89,7.19,129.70,84.59,94.53,Pass,0,No,0,None,None
B001224,COX-2 Inhibitor,Line 1,09-Jul-2024,2024,Team B,23.06,45.37,347.00,41.00,6.49,99.12,6.75,132.00,87.04,94.27,Pass,0,No,0,None,None
B002899,COX-2 Inhibitor,Line 2,16-Nov-2024,2024,Team B,23.91,48.82,346.00,48.30,7.27,99.20,,126.40,88.31,94.27,Pass,0,No,0,None,None
B002125,GLP-1 Agonist,Line 2,28-Nov-2025,2025,Team A,22.34,35.30,290.00,46.00,6.93,99.03,6.76,142.20,84.93,94.53,Pass,0,No,0,None,None
B002478,Antidepressant,Line 2,27-Jul-2025,2025,Team B,20.79,34.71,315.00,38.50,6.57,99.04,6.56,121.10,83.76,94.53,Pass,0,Yes,1,Documentation,Minor
B000611,COX-2 Inhibitor,Line 2,30-Jun-2025,2025,Team D,21.86,49.20,365.00,30.30,6.46,99.39,6.72,117.40,88.96,94.28,Pass,0,Yes,1,Process,Minor
B000672,COX-2 Inhibitor,Line 2,03-Sep-2024,2024,Team B,22.70,39.04,366.00,40.30,5.72,99.37,6.65,109.70,89.37,94.28,Pass,0,No,0,None,None
B000807,COX-2 Inhibitor,Line 2,13-Oct-2024,2024,Team A,23.70,42.11,348.00,44.30,7.36,99.19,6.68,120.20,89.49,94.28,Pass,0,No,0,None,None
B002071,AED,Line 1,08-Apr-2025,2025,Team C,21.95,45.60,304.00,46.70,8.74,98.60,6.89,132.10,84.30,94.52,Pass,0,No,0,None,None
B000882,COX-2 Inhibitor,Line 3,02-May-2024,2024,Team B,21.23,56.01,326.00,38.40,7.21,99.25,6.74,122.30,86.17,94.28,Pass,0,No,0,None,None
B001507,COX-2 Inhibitor,Line 2,20-Mar-2025,2025,Team C,22.21,39.94,331.00,34.20,6.70,98.59,6.70,123.10,89.24,94.28,Pass,0,No,0,None,None
B000046,AED,Line 3,03-Dec-2024,2024,Team A,20.56,43.45,340.00,43.70,8.07,98.73,6.88,125.50,86.78,94.51,Pass,0,No,0,None,None
B000091,Antidepressant,Line 3,22-Oct-2025,2025,Team B,21.63,41.01,319.00,50.70,7.87,99.61,7.06,112.20,84.67,94.51,Pass,0,No,0,None,None
B000337,Antidepressant,Line 2,04-Nov-2024,2024,Team D,21.58,50.72,304.00,40.40,7.09,99.02,6.99,120.50,91.35,94.51,Pass,0,No,0,None,None
B000407,GLP-1 Agonist,Line 2,06-Nov-2025,2025,Team B,20.46,42.75,301.00,51.00,7.14,99.23,6.96,127.40,85.76,94.51,Pass,0,No,0,None,None
B001806,COX-2 Inhibitor,Line 3,06-Mar-2025,2025,Team C,21.90,43.57,340.00,28.90,6.64,99.11,6.69,118.60,93.10,94.28,Pass,0,No,0,None,None
B001241,AED,Line 3,28-Sep-2024,2024,Team C,22.04,48.27,334.00,41.00,7.01,99.00,6.96,127.00,86.75,94.51,Pass,0,No,0,None,None
B001614,GLP-1 Agonist,Line 2,20-May-2025,2025,Team C,20.42,38.89,302.00,45.60,8.13,98.95,7.00,141.90,86.36,94.51,Pass,0,No,0,None,None
B002800,COX-2 Inhibitor,Line 2,07-May-2024,2024,Team D,25.61,51.97,354.00,43.80,5.57,99.28,6.86,131.40,83.99,94.28,Pass,0,No,0,None,None
B000777,COX-2 Inhibitor,Line 3,13-Jul-2024,2024,Team D,20.93,35.79,324.00,43.40,6.51,99.08,6.51,125.60,89.35,94.29,Pass,0,No,0,None,None
B000116,AED,Line 2,23-Aug-2024,2024,Team C,21.94,46.87,307.00,47.20,7.13,98.98,7.03,131.70,82.99,94.50,Pass,0,Yes,1,Material,Minor
B000469,Antidepressant,Line 1,21-Feb-2024,2024,Team B,20.79,51.44,306.00,38.20,7.68,99.36,6.89,110.40,90.05,94.50,Pass,0,No,0,None,None
B000471,GLP-1 Agonist,Line 2,22-Jan-2025,2025,Team A,21.93,42.67,292.00,49.10,8.45,98.72,6.98,151.70,88.29,94.50,Pass,0,No,0,None,None
B000591,AED,Line 3,24-Apr-2024,2024,Team A,22.45,42.98,312.00,45.20,8.13,98.53,6.90,128.10,88.71,94.50,Pass,0,No,0,None,None
B000992,COX-2 Inhibitor,Line 2,04-Sep-2024,2024,Team A,22.34,43.37,349.00,38.50,6.46,99.69,6.69,122.50,92.52,94.29,Pass,0,No,0,None,None
B002397,Antidepressant,Line 1,25-Jan-2025,2025,Team B,22.41,46.07,310.00,39.60,7.07,99.14,6.87,134.90,86.68,94.50,Pass,0,No,0,None,None
B001387,COX-2 Inhibitor,Line 1,04-Apr-2025,2025,Team D,22.35,43.57,349.00,35.10,7.67,98.88,6.71,117.10,88.43,94.30,Pass,0,No,0,None,None
B002515,Antidepressant,Line 1,25-Dec-2024,2024,Team B,,33.14,338.00,37.80,6.19,99.31,6.77,133.60,87.74,94.50,Pass,0,No,0,None,None
B000134,GLP-1 Agonist,Line 1,27-Jan-2024,2024,Team B,21.73,41.31,321.00,47.10,7.92,99.73,7.01,131.70,84.35,94.49,Pass,0,No,0,None,None
B000438,GLP-1 Agonist,Line 1,16-Jul-2025,2025,Team A,20.89,38.00,305.00,47.70,7.01,99.00,7.03,155.40,85.95,94.49,Pass,0,No,0,None,None
B001446,COX-2 Inhibitor,Line 2,27-Aug-2024,2024,Team B,21.89,39.05,341.00,34.90,6.37,99.28,6.66,114.90,89.02,94.32,Pass,0,No,0,None,None
B002469,COX-2 Inhibitor,Line 2,02-Dec-2025,2025,Team D,22.33,51.11,361.00,42.50,6.46,98.84,6.72,123.90,89.19,94.32,Pass,0,No,0,None,None
B000750,AED,Line 1,31-Jan-2025,2025,Team B,22.10,43.84,330.00,49.40,7.02,98.56,6.88,134.10,86.25,94.49,Pass,0,No,0,None,None
B001351,AED,Line 1,08-Dec-2025,2025,Team A,22.50,37.68,310.00,45.50,7.14,99.37,6.87,130.90,83.60,94.49,Pass,0,No,0,None,None
B001539,AED,Line 1,22-Aug-2025,2025,Team B,21.23,42.32,315.00,49.60,7.53,99.11,6.98,144.20,85.92,94.49,Pass,0,No,0,None,None
B001553,GLP-1 Agonist,Line 1,11-Sep-2025,2025,Team D,22.69,41.91,298.00,45.40,8.28,99.04,7.11,149.40,86.50,94.49,Pass,0,No,0,None,None
B002452,COX-2 Inhibitor,Line 2,07-Nov-2025,2025,Team A,21.47,50.67,336.00,40.60,6.99,99.18,6.87,131.00,84.38,94.34,Pass,0,No,0,None,None
B001621,Antidepressant,Line 1,26-Aug-2025,2025,Team D,21.60,46.83,360.00,46.40,6.38,99.05,,132.60,88.31,94.49,Pass,0,No,0,None,None
B000367,COX-2 Inhibitor,Line 3,18-Jan-2025,2025,Team C,22.58,41.78,345.00,43.70,7.22,99.96,6.57,134.00,87.09,94.35,Pass,0,No,0,None,None
B002121,Antidepressant,Line 2,17-Oct-2025,2025,Team B,21.72,44.71,319.00,43.80,6.89,99.26,7.00,122.70,84.33,94.49,Failed,1,Yes,1,Process,Minor
B002354,GLP-1 Agonist,Line 2,22-Jul-2025,2025,Team A,,39.21,317.00,41.30,7.22,98.65,6.80,129.60,,94.49,Pass,0,No,0,None,None
B002620,AED,Line 1,05-Oct-2025,2025,Team B,21.86,43.70,277.00,43.70,7.17,99.18,6.56,116.10,86.88,94.49,Pass,0,No,0,None,None
B002631,Antidepressant,Line 2,14-Sep-2024,2024,Team C,22.42,47.29,299.00,41.70,6.55,98.52,6.95,138.90,89.91,94.49,Pass,0,No,0,None,None
B000450,COX-2 Inhibitor,Line 3,18-Sep-2025,2025,Team C,22.63,45.68,361.00,42.70,6.98,98.39,6.73,113.00,88.47,94.37,Pass,0,No,0,None,None
B001490,GLP-1 Agonist,Line 2,20-Nov-2025,2025,Team A,22.28,43.93,301.00,48.40,7.15,98.52,6.95,149.20,85.43,94.48,Pass,0,No,0,None,None
B001636,GLP-1 Agonist,Line 1,28-Sep-2025,2025,Team A,20.74,46.80,285.00,46.40,8.37,98.97,7.21,143.30,86.96,94.48,Pass,0,No,0,None,None
B001835,Antidepressant,Line 1,08-Nov-2025,2025,Team A,20.90,46.25,306.00,44.80,7.84,99.02,6.70,116.30,88.83,94.48,Pass,0,No,0,None,None
B001432,COX-2 Inhibitor,Line 3,15-Feb-2024,2024,Team D,22.51,50.36,332.00,39.40,7.00,98.98,6.93,117.40,84.91,94.37,Pass,0,No,0,None,None
B002321,Antidepressant,Line 1,20-Aug-2024,2024,Team D,22.66,49.32,318.00,42.00,7.28,98.82,6.91,116.20,90.85,94.48,Pass,0,No,0,None,None
B002761,COX-2 Inhibitor,Line 1,16-Apr-2024,2024,Team C,23.59,41.09,355.00,33.80,6.31,99.00,6.73,103.70,89.64,94.37,Pass,0,No,0,None,None
B000436,Antidepressant,Line 2,30-Aug-2025,2025,Team C,21.42,31.75,326.00,45.50,7.12,99.08,6.64,128.30,86.56,94.47,Pass,0,No,0,None,None
B000942,AED,Line 1,10-Apr-2025,2025,Team B,21.87,36.57,318.00,50.90,8.21,99.16,6.79,126.90,85.01,94.47,Pass,0,Yes,1,Environmental,Minor
B001005,COX-2 Inhibitor,Line 2,25-Nov-2025,2025,Team B,22.44,45.18,344.00,42.70,5.47,99.11,6.80,117.20,86.98,94.38,Pass,0,No,0,None,None
B001252,Antidepressant,Line 1,17-Sep-2024,2024,Team D,23.15,48.44,330.00,48.80,7.29,99.27,6.75,123.30,88.52,94.47,Pass,0,No,0,None,None
B001315,Antidepressant,Line 1,07-Apr-2025,2025,Team D,22.22,44.74,321.00,47.20,8.14,98.81,6.94,129.70,89.93,94.47,Pass,0,No,0,None,None
B002178,AED,Line 1,21-Dec-2024,2024,Team A,21.04,41.15,290.00,46.00,6.74,98.70,6.72,128.20,86.98,94.47,Pass,0,No,0,None,None
B001772,COX-2 Inhibitor,Line 2,09-Oct-2024,2024,Team D,23.26,44.03,295.00,36.70,6.84,99.01,6.67,109.60,87.05,94.38,Pass,0,No,0,None,None
B002817,GLP-1 Agonist,Line 1,27-Sep-2025,2025,Team D,21.12,41.23,293.00,44.20,8.23,99.00,6.92,131.40,86.18,94.47,Pass,0,No,0,None,None
B002999,AED,Line 3,31-Jul-2025,2025,Team B,22.19,51.99,311.00,43.00,8.71,98.60,7.15,135.90,85.53,94.47,Pass,0,No,0,None,None
B000282,Antidepressant,Line 1,23-Jan-2024,2024,Team A,20.01,31.23,296.00,42.80,7.41,99.07,6.51,132.40,88.79,94.46,Pass,0,No,0,None,None
B000898,Antidepressant,Line 2,28-Jul-2024,2024,Team C,20.47,41.01,343.00,44.80,7.54,98.83,6.85,128.40,87.52,94.46,Pass,0,No,0,None,None
B000916,AED,Line 1,06-Jul-2024,2024,Team C,22.00,52.12,327.00,45.90,7.67,99.34,7.01,133.20,,94.46,Pass,0,No,0,None,None
B001301,Antidepressant,Line 2,14-Mar-2025,2025,Team C,21.04,44.63,338.00,41.70,7.13,98.86,6.57,116.80,89.32,94.46,Pass,0,No,0,None,None
B000275,COX-2 Inhibitor,Line 3,28-Jul-2025,2025,Team C,22.00,38.32,354.00,40.70,7.06,99.00,6.66,126.20,90.22,94.39,Pass,0,No,0,None,None
B002203,AED,Line 1,10-Jul-2025,2025,Team D,20.65,42.07,332.00,46.90,6.82,99.50,6.77,119.70,86.77,94.46,Pass,0,No,0,None,None
B002229,Antidepressant,Line 1,29-Mar-2025,2025,Team D,22.85,39.64,328.00,46.40,8.65,99.32,6.70,125.10,87.10,94.46,Pass,0,Yes,1,Environmental,Minor
B002370,GLP-1 Agonist,Line 1,28-Jun-2024,2024,Team A,22.20,40.11,321.00,43.50,7.35,,7.00,131.00,86.53,94.46,Pass,0,No,0,None,None
B000598,COX-2 Inhibitor,Line 3,04-Oct-2024,2024,Team B,21.98,44.99,365.00,36.30,7.87,98.83,,111.50,95.62,94.39,Pass,0,No,0,None,None
B001009,COX-2 Inhibitor,Line 1,08-Aug-2025,2025,Team D,22.94,35.27,349.00,39.60,6.43,99.08,6.35,133.00,92.42,94.39,Pass,0,No,0,None,None
B002093,COX-2 Inhibitor,Line 2,20-Sep-2025,2025,Team A,23.04,41.49,332.00,34.60,6.00,98.71,6.78,107.00,90.41,94.39,Pass,0,No,0,None,None
B000871,COX-2 Inhibitor,Line 2,07-Feb-2024,2024,Team C,22.47,50.49,356.00,44.60,8.20,98.76,6.89,113.20,91.17,94.41,Pass,0,No,0,None,None
B001524,COX-2 Inhibitor,Line 3,02-Mar-2024,2024,Team C,23.35,42.62,345.00,41.70,7.42,99.41,6.71,120.00,90.95,94.41,Pass,0,No,0,None,None
B000841,Antidepressant,Line 3,22-Feb-2025,2025,Team A,22.55,45.00,346.00,40.30,7.82,99.46,6.74,134.60,92.30,94.45,Pass,0,No,0,None,None
B001367,Antidepressant,Line 2,12-Jun-2024,2024,Team A,22.95,47.50,295.00,41.40,6.66,99.35,6.83,118.50,84.54,94.45,Pass,0,No,0,None,None
B001444,Antidepressant,Line 3,26-Jul-2025,2025,Team B,22.76,44.90,314.00,46.20,8.46,98.86,7.04,133.40,89.35,94.45,Pass,0,No,0,None,None
B002411,COX-2 Inhibitor,Line 1,11-Apr-2024,2024,Team D,22.18,39.11,331.00,44.90,6.50,99.44,6.76,118.40,87.08,94.42,Pass,0,No,0,None,None
B000900,GLP-1 Agonist,Line 1,23-Oct-2025,2025,Team D,22.39,35.90,321.00,52.40,7.65,99.24,6.88,132.60,86.14,94.44,Pass,0,No,0,None,None
B001187,GLP-1 Agonist,Line 1,30-Sep-2025,2025,Team B,21.40,41.85,291.00,48.30,7.24,98.89,6.87,128.10,84.05,94.44,Pass,0,No,0,None,None
B001983,AED,Line 1,29-Jan-2025,2025,Team A,22.92,53.58,339.00,54.50,7.66,99.01,7.06,138.00,88.17,94.44,Pass,0,No,0,None,None
B002433,COX-2 Inhibitor,Line 2,27-Sep-2024,2024,Team D,21.53,30.44,359.00,39.20,6.65,99.43,6.45,130.60,90.72,94.42,Pass,0,No,0,None,None
B002304,GLP-1 Agonist,Line 1,24-Nov-2025,2025,Team C,20.32,40.02,298.00,45.60,8.57,99.28,6.97,146.70,88.08,94.44,Pass,0,No,0,None,None
B002678,AED,Line 2,07-May-2024,2024,Team A,20.27,52.59,314.00,47.30,7.72,98.53,7.12,143.40,86.72,94.44,Pass,0,No,0,None,None
B002942,Antidepressant,Line 2,25-Sep-2025,2025,Team A,21.82,43.90,339.00,44.30,6.59,99.18,6.85,122.70,89.48,94.44,Pass,0,No,0,None,None
B001771,COX-2 Inhibitor,Line 2,05-Sep-2024,2024,Team C,22.07,40.13,392.00,33.40,6.58,99.07,6.69,105.40,89.70,94.43,Pass,0,No,0,None,None
B002221,GLP-1 Agonist,Line 1,02-Jul-2024,2024,Team D,21.81,44.51,295.00,52.10,7.96,98.75,7.04,143.60,85.94,94.43,Pass,0,No,0,None,None
B002327,Antidepressant,Line 2,07-Sep-2024,2024,Team B,22.39,39.25,326.00,39.30,6.23,99.06,6.85,142.10,86.70,94.43,Pass,0,No,0,None,None
B002435,COX-2 Inhibitor,Line 3,02-Mar-2025,2025,Team D,24.13,32.79,364.00,38.20,7.13,99.37,6.78,138.00,87.41,94.43,Pass,0,Yes,1,Equipment,Major
B002645,GLP-1 Agonist,Line 2,08-Jul-2025,2025,Team B,21.47,39.32,287.00,45.20,7.61,99.03,6.84,140.90,84.57,94.43,Pass,0,No,0,None,None
B002939,Antidepressant,Line 2,16-Jul-2025,2025,Team B,20.98,41.49,325.00,44.60,6.62,98.96,6.63,122.50,88.70,94.43,Pass,0,No,0,None,None
B001073,GLP-1 Agonist,Line 2,21-Jul-2025,2025,Team B,21.56,29.36,322.00,46.90,7.93,99.77,6.95,151.00,84.10,94.42,Pass,0,No,0,None,None
B001664,Antidepressant,Line 1,12-Apr-2025,2025,Team C,21.83,41.37,316.00,45.30,6.67,98.93,,123.60,87.33,94.42,Pass,0,No,0,None,None
B002089,COX-2 Inhibitor,Line 3,10-Sep-2025,2025,Team A,22.82,46.15,359.00,36.50,7.19,99.13,6.89,123.30,87.43,94.44,Pass,0,No,0,None,None
B000247,COX-2 Inhibitor,Line 2,10-May-2025,2025,Team A,21.42,41.98,353.00,36.40,6.80,98.66,6.38,96.40,87.51,94.45,Pass,0,No,0,None,None
B002921,AED,Line 2,28-Oct-2024,2024,Team C,21.74,44.77,344.00,46.50,7.26,99.26,7.12,125.80,87.86,94.42,Pass,0,No,0,None,None
B000264,Antidepressant,Line 2,28-May-2025,2025,Team C,22.35,50.23,324.00,40.00,6.85,98.86,6.83,118.80,89.35,94.41,Pass,0,No,0,None,None
B000733,Antidepressant,Line 2,14-Aug-2024,2024,Team C,22.35,36.44,309.00,38.80,6.74,99.05,6.64,128.60,86.75,94.41,Pass,0,No,0,None,None
B000796,GLP-1 Agonist,Line 2,24-Feb-2024,2024,Team A,21.58,51.80,290.00,51.00,7.61,98.64,,138.60,86.24,94.41,Pass,0,Yes,1,Documentation,Minor
B000478,COX-2 Inhibitor,Line 3,08-Mar-2024,2024,Team D,22.46,,348.00,42.60,7.43,99.26,6.73,125.30,87.74,94.45,Pass,0,No,0,None,None
B001091,Antidepressant,Line 1,21-Jul-2025,2025,Team A,23.54,40.48,370.00,39.20,7.22,99.09,6.68,128.10,90.48,94.41,Pass,0,No,0,None,None
B001183,Antidepressant,Line 3,24-Jun-2025,2025,Team C,21.87,41.82,325.00,38.70,6.34,98.99,6.83,120.30,87.79,94.41,Pass,0,Yes,1,Environmental,Minor
B000649,COX-2 Inhibitor,Line 1,20-Feb-2025,2025,Team C,23.24,40.16,336.00,40.20,7.21,98.91,6.58,131.70,87.77,94.45,Pass,0,No,0,None,None
B001971,GLP-1 Agonist,Line 2,22-May-2025,2025,Team D,21.92,41.30,292.00,46.60,7.36,98.97,6.86,138.10,82.57,94.41,Pass,0,No,0,None,None
B000041,GLP-1 Agonist,Line 2,08-Oct-2025,2025,Team B,20.24,42.37,320.00,47.80,7.40,99.07,7.05,139.40,82.53,94.40,Pass,0,No,0,None,None
B001925,Antidepressant,Line 2,08-Feb-2025,2025,Team D,22.44,38.19,349.00,48.10,7.41,99.02,6.72,129.10,86.36,94.40,Pass,0,No,0,None,None
B002584,Antidepressant,Line 3,17-Sep-2025,2025,Team B,22.81,37.88,349.00,35.60,7.16,98.90,6.52,133.80,83.85,94.40,Pass,0,No,0,None,None
B000246,AED,Line 2,18-Mar-2024,2024,Team C,23.12,51.95,294.00,46.70,7.17,,6.95,139.50,86.62,94.39,Pass,0,No,0,None,None
B000827,COX-2 Inhibitor,Line 1,12-Nov-2024,2024,Team B,22.96,51.11,324.00,45.30,7.56,99.13,6.92,131.10,88.64,94.45,Pass,0,No,0,None,None
B000405,AED,Line 3,25-Dec-2025,2025,Team B,20.40,55.21,319.00,43.60,7.09,98.78,,132.70,89.58,94.39,Pass,0,No,0,None,None
B002438,COX-2 Inhibitor,Line 1,23-Jan-2025,2025,Team B,22.35,49.45,360.00,33.30,6.80,99.98,6.96,122.80,91.35,94.45,Pass,0,No,0,None,None
B002143,COX-2 Inhibitor,Line 1,10-Jun-2025,2025,Team D,21.91,47.95,340.00,36.40,6.71,99.48,6.66,121.50,87.83,94.46,Pass,0,Yes,1,Equipment,Minor
B001120,AED,Line 2,06-Oct-2025,2025,Team A,21.62,39.43,337.00,40.80,7.50,98.89,6.95,132.50,88.44,94.39,Pass,0,No,0,None,None
B001418,GLP-1 Agonist,Line 1,10-Apr-2025,2025,Team C,22.73,50.03,263.00,49.50,7.95,98.86,7.27,135.80,89.13,94.39,Pass,0,No,0,None,None
B001828,GLP-1 Agonist,Line 2,03-Aug-2024,2024,Team C,20.81,37.49,292.00,46.20,7.80,99.02,6.89,128.90,83.33,94.39,Pass,0,No,0,None,None
B002022,Antidepressant,Line 3,29-Jul-2024,2024,Team A,21.58,40.56,278.00,48.10,7.57,99.04,6.81,140.00,89.40,94.39,Pass,0,No,0,None,None
B002401,COX-2 Inhibitor,Line 3,06-Nov-2024,2024,Team A,20.23,41.34,354.00,45.10,7.76,99.36,6.82,131.40,90.45,94.46,Pass,0,No,0,None,None
B002120,Antidepressant,Line 2,01-Oct-2025,2025,Team B,20.49,42.53,332.00,46.90,6.86,98.16,6.95,131.50,93.58,94.39,Pass,0,No,0,None,None
B002680,GLP-1 Agonist,Line 2,22-May-2025,2025,Team D,20.81,49.73,301.00,50.00,7.90,98.93,7.03,146.30,85.88,94.39,Pass,0,No,0,None,None
B000813,AED,Line 2,03-Oct-2024,2024,Team C,22.43,46.78,330.00,45.10,7.40,99.30,7.00,136.00,83.85,94.38,Pass,0,No,0,None,None
B000815,Antidepressant,Line 2,27-Nov-2025,2025,Team A,22.72,40.31,305.00,45.10,6.38,99.22,6.68,128.80,85.11,94.38,Pass,0,No,0,None,None
B000158,COX-2 Inhibitor,Line 1,14-Jan-2024,2024,Team A,22.22,43.01,320.00,33.30,6.78,99.10,6.78,99.10,88.84,94.47,Pass,0,No,0,None,None
B001258,AED,Line 2,21-Mar-2025,2025,Team A,20.42,42.78,300.00,37.70,7.06,98.49,6.78,132.90,88.19,94.38,Pass,0,No,0,None,None
B000983,COX-2 Inhibitor,Line 2,19-Aug-2025,2025,Team C,22.14,53.06,334.00,32.40,4.89,98.88,6.81,118.50,89.48,94.47,Pass,0,No,0,None,None
B002118,Antidepressant,Line 3,07-Aug-2024,2024,Team C,22.05,39.51,313.00,45.20,6.78,99.54,6.80,128.20,88.75,94.38,Pass,0,No,0,None,None
B002578,AED,Line 3,28-Aug-2024,2024,Team C,21.74,46.73,299.00,51.60,7.97,99.16,6.81,145.80,86.16,94.38,Pass,0,No,0,None,None
B000266,Antidepressant,Line 1,10-Oct-2025,2025,Team C,21.65,42.32,332.00,45.20,7.92,98.45,6.77,123.00,86.73,94.37,Pass,0,No,0,None,None
B002562,COX-2 Inhibitor,Line 2,11-Mar-2025,2025,Team C,23.93,42.62,328.00,35.00,6.76,99.34,6.93,110.80,86.98,94.47,Pass,0,No,0,None,None
B000473,Antidepressant,Line 2,08-Feb-2025,2025,Team C,23.06,42.12,291.00,45.70,6.72,98.84,6.87,143.30,86.05,94.37,Pass,0,No,0,None,None
B001335,AED,Line 3,06-Feb-2025,2025,Team D,20.57,,305.00,44.10,8.07,99.14,6.99,136.00,82.72,94.37,Pass,0,No,0,None,None
B000102,COX-2 Inhibitor,Line 1,08-Oct-2025,2025,Team B,23.04,40.73,342.00,44.60,6.69,98.91,6.90,124.20,86.60,94.48,Pass,0,No,0,None,None
B001892,COX-2 Inhibitor,Line 1,17-Jan-2024,2024,Team D,23.99,46.70,349.00,40.00,6.34,99.61,6.68,115.50,84.52,94.48,Pass,0,No,0,None,None
B000050,Antidepressant,Line 1,18-May-2024,2024,Team D,22.39,40.57,304.00,43.30,6.19,99.35,6.93,123.90,86.62,94.36,Pass,0,No,0,None,None
B000080,AED,Line 1,14-Jul-2024,2024,Team B,21.42,42.44,327.00,39.10,6.84,99.32,6.91,118.90,85.22,94.36,Pass,0,No,0,None,None
B000966,GLP-1 Agonist,Line 1,08-Nov-2025,2025,Team D,22.77,36.95,308.00,38.90,8.22,98.84,6.67,128.80,91.20,94.36,Pass,0,No,0,None,None
B001655,AED,Line 2,10-Jan-2024,2024,Team C,21.21,55.21,301.00,36.50,7.88,98.85,7.13,123.40,90.28,94.36,Pass,0,No,0,None,None
B002009,Antidepressant,Line 3,20-Oct-2024,2024,Team A,21.22,57.50,304.00,40.80,7.34,98.87,7.12,145.20,85.18,94.36,Pass,0,No,0,None,None
B002059,Antidepressant,Line 2,17-Jun-2025,2025,Team D,22.15,39.26,290.00,40.90,6.69,99.23,6.82,132.80,91.01,94.36,Pass,0,No,0,None,None
B000501,COX-2 Inhibitor,Line 2,21-Nov-2024,2024,Team A,21.99,39.72,337.00,45.40,7.85,99.54,6.65,124.60,86.89,94.49,Pass,0,No,0,None,None
B000378,GLP-1 Agonist,Line 3,30-Sep-2024,2024,Team C,21.22,41.18,269.00,48.40,9.15,99.07,6.88,144.90,88.54,94.35,Pass,0,No,0,None,None
B000723,Antidepressant,Line 3,28-Sep-2025,2025,Team A,23.22,37.68,307.00,40.40,7.40,99.38,6.72,132.60,84.72,94.35,Failed,1,No,0,None,None
B001150,AED,Line 2,20-Dec-2025,2025,Team B,20.71,36.23,307.00,40.60,7.10,99.26,6.89,143.50,90.64,94.35,Pass,0,No,0,None,None
B002352,AED,Line 3,16-Jun-2025,2025,Team A,21.68,45.94,334.00,41.20,7.71,98.32,6.76,119.30,88.23,94.35,Pass,0,No,0,None,None
B002588,Antidepressant,Line 1,28-Jun-2025,2025,Team A,22.69,28.06,353.00,43.40,6.55,99.16,6.82,119.20,84.54,94.35,Pass,0,No,0,None,None
B000283,Antidepressant,Line 1,12-Jun-2025,2025,Team D,22.37,39.09,338.00,45.40,5.96,98.93,6.95,120.20,88.62,94.34,Pass,0,No,0,None,None
B000477,GLP-1 Agonist,Line 3,04-Jul-2024,2024,Team A,19.98,,300.00,52.00,8.45,99.22,6.78,149.30,81.34,94.34,Pass,0,No,0,None,None
B000713,AED,Line 3,17-Aug-2024,2024,Team B,20.88,49.45,323.00,42.30,7.42,98.95,7.13,,86.97,94.34,Pass,0,No,0,None,None
B000955,AED,Line 1,08-Jan-2025,2025,Team B,20.39,42.34,343.00,47.30,7.23,,6.89,118.50,86.10,94.34,Pass,0,No,0,None,None
B002006,AED,Line 2,28-Apr-2024,2024,Team C,20.87,,310.00,40.90,6.47,99.34,6.93,124.50,88.44,94.34,Pass,0,No,0,None,None
B000524,COX-2 Inhibitor,Line 2,19-Nov-2025,2025,Team A,22.32,39.65,335.00,31.00,6.13,98.95,6.75,101.10,85.86,94.49,Pass,0,No,0,None,None
B002592,AED,Line 3,09-Mar-2025,2025,Team D,22.18,38.33,323.00,44.00,7.97,99.04,6.84,128.60,82.42,94.34,Pass,0,No,0,None,None
B002619,AED,Line 2,08-Nov-2025,2025,Team A,22.59,44.18,323.00,46.70,6.85,98.69,6.68,130.80,88.01,94.34,Pass,0,No,0,None,None
B002708,Antidepressant,Line 3,12-Mar-2025,2025,Team C,21.91,,319.00,45.40,8.02,98.98,6.82,133.40,85.85,94.34,Pass,0,No,0,None,None
B000305,AED,Line 3,03-Nov-2024,2024,Team A,21.39,45.94,319.00,50.50,6.74,98.74,6.93,133.50,86.96,94.33,Pass,0,No,0,None,None
B001233,Antidepressant,Line 3,13-Jun-2024,2024,Team B,21.99,38.18,293.00,42.10,7.56,99.15,6.67,142.40,86.40,94.33,Pass,0,No,0,None,None
B001394,Antidepressant,Line 2,01-Apr-2025,2025,Team B,22.25,48.64,346.00,37.20,6.24,98.91,6.96,118.50,86.68,94.33,Pass,0,No,0,None,None
B001872,GLP-1 Agonist,Line 1,27-Jul-2025,2025,Team C,20.54,45.58,283.00,48.30,6.87,98.71,7.07,134.60,86.74,94.33,Pass,0,No,0,None,None
B001987,Antidepressant,Line 2,03-Jan-2024,2024,Team B,21.63,31.49,326.00,46.60,7.10,99.02,6.68,116.40,,94.33,Pass,0,No,0,None,None
B000036,Antidepressant,Line 3,06-May-2025,2025,Team D,21.15,35.92,309.00,50.80,7.63,99.25,6.59,129.50,88.70,94.32,Pass,0,Yes,1,Process,Minor
B000254,Antidepressant,Line 2,23-Nov-2025,2025,Team A,21.62,43.83,321.00,38.80,7.08,99.01,6.78,130.80,87.22,94.32,Pass,0,No,0,None,None
B000455,Antidepressant,Line 3,29-Sep-2024,2024,Team A,21.98,40.85,316.00,41.00,6.92,98.87,,134.80,89.03,94.32,Pass,0,No,0,None,None
B000630,AED,Line 1,09-Feb-2025,2025,Team C,22.15,44.89,336.00,49.20,7.36,99.18,7.04,124.40,83.86,94.32,Pass,0,No,0,None,None
B001585,COX-2 Inhibitor,Line 3,20-Mar-2024,2024,Team A,24.14,49.17,336.00,38.70,6.88,98.77,6.88,98.80,93.18,94.49,Failed,1,Yes,1,Environmental,Minor
B001488,GLP-1 Agonist,Line 1,23-Sep-2024,2024,Team A,20.95,25.70,293.00,50.70,7.83,99.27,6.83,163.80,84.37,94.32,Pass,0,No,0,None,None
B001732,Antidepressant,Line 3,18-Dec-2025,2025,Team B,23.01,48.50,355.00,35.60,7.75,98.94,6.79,120.70,87.09,94.32,Pass,0,No,0,None,None
B002122,Antidepressant,Line 1,10-Aug-2024,2024,Team A,22.28,46.94,335.00,45.20,6.46,99.17,6.85,127.70,87.94,94.32,Pass,0,No,0,None,None
B002106,COX-2 Inhibitor,Line 2,07-Aug-2025,2025,Team B,23.32,36.66,358.00,44.60,6.89,98.49,6.47,132.60,86.45,94.49,Pass,0,No,0,None,None
B000555,Antidepressant,Line 1,08-Nov-2024,2024,Team C,21.65,32.36,304.00,37.40,5.56,99.12,6.57,117.70,87.91,94.31,Pass,0,No,0,None,None
B001077,GLP-1 Agonist,Line 2,18-Nov-2025,2025,Team A,20.02,49.52,271.00,48.90,7.29,98.75,7.32,156.40,86.47,94.31,Pass,0,No,0,None,None
B001414,AED,Line 1,17-Oct-2024,2024,Team A,19.99,42.27,338.00,43.10,7.24,99.19,7.01,124.90,86.64,94.31,Pass,0,No,0,None,None
B001492,AED,Line 3,02-May-2024,2024,Team A,21.15,36.84,315.00,47.60,8.68,98.90,6.82,126.00,91.21,94.31,Pass,0,No,0,None,None
B001821,AED,Line 3,26-Nov-2025,2025,Team B,21.61,43.47,310.00,45.90,7.79,99.04,7.19,125.10,91.57,94.31,Pass,0,No,0,None,None
B002158,Antidepressant,Line 2,30-Mar-2025,2025,Team A,21.95,34.82,328.00,43.40,7.27,99.12,6.84,122.80,88.90,94.31,Failed,1,No,0,None,None
B002831,Antidepressant,Line 3,10-Dec-2025,2025,Team B,22.06,,317.00,39.00,6.95,99.20,6.70,120.60,89.06,94.31,Pass,0,No,0,None,None
B000508,AED,Line 3,12-Sep-2025,2025,Team B,22.59,48.54,310.00,36.60,7.41,98.72,7.03,136.30,89.40,94.30,Pass,0,No,0,None,None
B002336,COX-2 Inhibitor,Line 3,18-May-2025,2025,Team A,22.79,41.18,382.00,41.00,7.07,99.34,6.67,112.50,85.05,94.50,Pass,0,No,0,None,None
B001911,Antidepressant,Line 1,02-Jan-2025,2025,Team A,21.52,34.87,312.00,40.90,5.71,99.12,6.61,115.10,89.89,94.30,Pass,0,No,0,None,None
B001915,Antidepressant,Line 1,06-Aug-2024,2024,Team D,22.85,39.50,302.00,49.60,7.43,98.66,6.72,133.80,83.72,94.30,Pass,0,No,0,None,None
B002382,Antidepressant,Line 3,04-Jan-2025,2025,Team C,21.57,44.36,312.00,46.50,7.43,98.20,6.98,142.30,86.32,94.30,Pass,0,No,0,None,None
B002886,Antidepressant,Line 1,20-Feb-2024,2024,Team C,21.96,33.61,323.00,37.80,7.26,99.00,6.73,122.50,86.32,94.30,Pass,0,No,0,None,None
B000044,GLP-1 Agonist,Line 2,14-Sep-2024,2024,Team D,22.57,39.50,279.00,42.20,8.05,98.91,7.08,151.50,90.07,94.29,Pass,0,No,0,None,None
B000444,Antidepressant,Line 2,23-Sep-2025,2025,Team A,20.34,37.36,314.00,41.20,6.29,99.50,6.92,143.00,84.38,94.29,Pass,0,No,0,None,None
B000546,GLP-1 Agonist,Line 2,05-Mar-2024,2024,Team C,20.05,33.24,286.00,48.20,8.04,98.95,6.95,143.80,85.75,94.29,Pass,0,No,0,None,None
B002440,COX-2 Inhibitor,Line 1,29-Jan-2024,2024,Team A,21.36,40.82,358.00,36.20,6.35,99.34,6.49,106.40,88.91,94.50,Pass,0,No,0,None,None
B000847,GLP-1 Agonist,Line 3,19-Nov-2025,2025,Team B,20.91,35.53,275.00,51.60,9.10,99.35,7.02,143.10,84.08,94.29,Pass,0,No,0,None,None
B000856,GLP-1 Agonist,Line 1,17-Nov-2024,2024,Team B,20.65,38.37,338.00,50.50,8.16,99.14,6.99,126.90,87.80,94.29,Pass,0,No,0,None,None
B000565,COX-2 Inhibitor,Line 3,31-Oct-2024,2024,Team D,21.73,40.69,326.00,38.80,5.85,99.50,6.71,112.30,82.35,94.51,Pass,0,No,0,None,None
B000039,Antidepressant,Line 1,30-Mar-2025,2025,Team C,20.66,43.67,320.00,49.90,6.84,99.54,6.73,138.10,86.03,94.28,Pass,0,No,0,None,None
B000099,Antidepressant,Line 1,08-May-2025,2025,Team B,,42.36,303.00,44.60,6.12,99.25,7.07,126.50,86.80,94.28,Pass,0,No,0,None,None
B000397,AED,Line 1,04-Jun-2024,2024,Team D,22.23,45.50,339.00,42.20,7.16,99.16,6.95,122.20,87.26,94.28,Pass,0,No,0,None,None
B002271,COX-2 Inhibitor,Line 3,22-Feb-2024,2024,Team B,21.69,43.24,351.00,40.10,6.63,99.45,6.70,118.80,82.74,94.51,Pass,0,No,0,None,None
B002984,COX-2 Inhibitor,Line 1,11-May-2024,2024,Team D,22.07,37.65,342.00,44.30,7.22,99.09,6.60,110.50,88.60,94.51,Pass,0,No,0,None,None
B001254,COX-2 Inhibitor,Line 2,02-Nov-2024,2024,Team C,24.11,39.61,353.00,31.20,6.48,98.97,6.84,119.10,90.50,94.52,Pass,0,Yes,1,Process,Minor
B002114,COX-2 Inhibitor,Line 3,10-May-2025,2025,Team D,22.50,34.52,336.00,38.20,6.81,99.02,6.64,103.80,89.26,94.52,Pass,0,No,0,None,None
B001153,Antidepressant,Line 2,04-Jul-2025,2025,Team A,21.01,41.56,342.00,45.50,7.03,99.11,6.77,119.40,83.77,94.28,Pass,0,No,0,None,None
B001431,AED,Line 1,27-Feb-2024,2024,Team B,23.28,36.47,292.00,52.70,7.93,99.07,6.83,154.80,88.40,94.28,Pass,0,No,0,None,None
B002153,COX-2 Inhibitor,Line 2,11-May-2025,2025,Team D,22.33,37.25,327.00,37.00,5.86,99.08,6.65,110.10,89.64,94.52,Pass,0,No,0,None,None
B001514,COX-2 Inhibitor,Line 1,14-Jul-2025,2025,Team D,22.05,,335.00,40.10,6.24,98.46,6.69,114.90,84.83,94.53,Pass,0,No,0,None,None
B001861,COX-2 Inhibitor,Line 2,08-May-2024,2024,Team C,20.76,49.90,345.00,39.20,6.98,98.95,6.92,117.50,85.63,94.53,Failed,1,No,0,None,None
B002876,Antidepressant,Line 2,14-Jan-2024,2024,Team B,21.69,42.26,332.00,41.70,6.63,99.35,6.75,115.40,86.86,94.28,Pass,0,No,0,None,None
B000279,AED,Line 1,22-Dec-2024,2024,Team A,20.55,41.14,307.00,44.70,8.27,99.23,6.83,134.50,86.91,94.27,Pass,0,Yes,1,Process,Minor
B000946,Antidepressant,Line 3,18-Jan-2025,2025,Team D,20.88,34.19,318.00,54.60,7.55,99.04,7.06,120.10,85.73,94.27,Pass,0,No,0,None,None
B002533,COX-2 Inhibitor,Line 2,20-Mar-2024,2024,Team D,22.66,47.33,332.00,38.70,5.54,99.35,6.69,122.60,87.74,94.53,Pass,0,No,0,None,None
B001456,Antidepressant,Line 1,29-Apr-2024,2024,Team B,20.24,47.72,311.00,44.60,6.83,98.77,6.74,121.70,84.37,94.27,Pass,0,No,0,None,None
B002127,GLP-1 Agonist,Line 2,06-May-2024,2024,Team A,21.40,35.29,272.00,51.10,7.05,98.94,,144.30,83.91,94.27,Pass,0,No,0,None,None
B002223,GLP-1 Agonist,Line 1,16-May-2024,2024,Team C,20.86,35.15,318.00,47.40,8.06,99.04,6.90,120.80,83.94,94.27,Pass,0,No,0,None,None
B002744,COX-2 Inhibitor,Line 3,01-Oct-2025,2025,Team D,22.94,54.62,361.00,38.50,7.24,99.39,6.94,114.10,86.59,94.53,Pass,0,No,0,None,None
B002669,COX-2 Inhibitor,Line 2,12-Sep-2025,2025,Team C,22.93,36.17,333.00,36.60,6.49,99.10,6.49,127.90,,94.54,Pass,0,No,0,None,None
B000061,COX-2 Inhibitor,Line 2,26-May-2025,2025,Team B,23.43,49.00,340.00,45.40,6.64,99.01,7.01,124.70,84.47,94.55,Pass,0,No,0,None,None
B001281,GLP-1 Agonist,Line 1,29-Apr-2024,2024,Team C,,37.64,302.00,50.20,7.81,98.58,,135.10,83.49,94.26,Pass,0,No,0,None,None
B001623,AED,Line 2,07-Aug-2024,2024,Team C,22.35,34.74,335.00,41.60,6.00,99.01,6.52,128.70,88.93,94.26,Pass,0,No,0,None,None
B000301,COX-2 Inhibitor,Line 3,21-May-2025,2025,Team D,21.59,44.05,357.00,37.20,6.70,99.36,6.78,133.40,88.46,94.55,Pass,0,No,0,None,None
B001533,COX-2 Inhibitor,Line 2,21-Mar-2025,2025,Team A,23.12,44.10,342.00,45.60,7.27,98.71,6.48,130.10,88.76,94.55,Pass,0,No,0,None,None
B000261,Antidepressant,Line 1,28-Dec-2024,2024,Team A,,35.62,319.00,43.30,8.00,99.18,6.91,126.20,84.55,94.25,Pass,0,No,0,None,None
B000302,Antidepressant,Line 1,22-Aug-2025,2025,Team D,22.14,42.36,319.00,41.00,6.49,99.23,6.62,127.70,86.21,94.25,Pass,0,No,0,None,None
B000321,AED,Line 1,22-Jul-2025,2025,Team A,22.21,50.40,269.00,53.10,7.83,98.66,7.15,147.60,89.32,94.25,Pass,0,No,0,None,None
B000459,AED,Line 1,24-Sep-2024,2024,Team B,22.77,40.87,341.00,46.80,7.58,99.52,6.87,154.80,86.95,94.25,Pass,0,No,0,None,None
B002924,COX-2 Inhibitor,Line 1,01-Oct-2024,2024,Team C,22.55,34.25,329.00,36.70,7.16,99.03,6.68,121.70,87.74,94.55,Pass,0,No,0,None,None
B000769,Antidepressant,Line 2,04-Mar-2024,2024,Team C,21.69,44.13,320.00,38.20,6.47,99.29,6.89,108.10,83.30,94.25,Pass,0,No,0,None,None
B002226,Antidepressant,Line 2,14-Apr-2025,2025,Team C,21.88,46.80,293.00,46.10,8.45,98.60,6.79,131.40,86.23,94.25,Pass,0,No,0,None,None
B002386,COX-2 Inhibitor,Line 3,09-Jan-2024,2024,Team C,21.94,43.17,314.00,33.40,7.16,99.62,6.64,120.70,87.73,94.56,Pass,0,No,0,None,None
B000782,AED,Line 3,26-Jan-2025,2025,Team A,20.32,46.08,312.00,46.10,7.81,98.69,7.02,111.10,85.44,94.24,Pass,0,No,0,None,None
B002179,Antidepressant,Line 2,04-Dec-2025,2025,Team D,21.51,38.50,330.00,37.50,8.04,99.36,6.75,111.10,93.33,94.24,Pass,0,No,0,None,None
B002885,GLP-1 Agonist,Line 2,10-Aug-2024,2024,Team D,21.40,39.64,267.00,47.70,6.94,98.79,6.85,143.10,82.85,94.24,Pass,0,No,0,None,None
B000308,COX-2 Inhibitor,Line 1,30-Jan-2024,2024,Team B,23.31,43.44,336.00,42.30,6.35,98.69,6.97,125.60,87.88,94.57,Pass,0,No,0,None,None
B000625,AED,Line 2,17-May-2025,2025,Team A,23.33,38.35,315.00,43.70,7.42,99.01,7.06,110.70,83.11,94.22,Pass,0,No,0,None,None
B001508,GLP-1 Agonist,Line 1,01-Sep-2025,2025,Team D,20.65,30.23,284.00,52.30,8.32,99.04,6.83,149.90,83.86,94.22,Pass,0,No,0,None,None
B001594,GLP-1 Agonist,Line 1,07-May-2025,2025,Team D,22.92,36.40,307.00,46.40,8.11,98.98,7.04,136.20,83.54,94.22,Pass,0,No,0,None,None
B002075,GLP-1 Agonist,Line 3,30-Jun-2024,2024,Team D,23.04,40.33,313.00,47.00,8.85,98.72,7.09,148.50,83.71,94.22,Pass,0,Yes,1,Environmental,Major
B002197,Antidepressant,Line 2,26-Apr-2025,2025,Team A,23.41,40.79,297.00,45.20,7.07,98.84,6.79,136.50,85.19,94.22,Pass,0,No,0,None,None
B000717,COX-2 Inhibitor,Line 3,25-Jun-2025,2025,Team A,22.29,40.57,362.00,35.20,6.72,98.82,6.69,107.80,92.26,94.57,Pass,0,No,0,None,None
B002679,COX-2 Inhibitor,Line 3,22-Feb-2025,2025,Team C,21.68,43.86,371.00,37.60,7.47,99.06,6.84,108.10,88.14,94.57,Pass,0,No,0,None,None
B001248,Antidepressant,Line 1,22-May-2024,2024,Team B,21.47,37.91,336.00,35.10,6.26,98.95,6.82,127.90,85.43,94.21,Pass,0,No,0,None,None
B002063,GLP-1 Agonist,Line 1,06-Nov-2024,2024,Team C,21.44,41.86,312.00,50.30,9.01,99.28,7.06,152.80,85.00,94.21,Pass,0,No,0,None,None
B002656,AED,Line 1,30-Nov-2025,2025,Team B,22.46,40.26,307.00,42.80,7.14,99.50,7.05,137.00,88.71,94.21,Pass,0,No,0,None,None
B002801,AED,Line 2,03-Mar-2024,2024,Team D,22.70,53.77,315.00,50.80,7.11,98.80,6.95,130.20,81.89,94.21,Pass,0,Yes,1,Process,Major
B001053,Antidepressant,Line 2,09-Jun-2025,2025,Team A,20.71,42.88,334.00,45.60,6.58,99.07,6.74,132.40,86.82,94.20,Pass,0,No,0,None,None
B000779,COX-2 Inhibitor,Line 3,10-Dec-2024,2024,Team B,22.98,44.28,329.00,41.10,6.08,99.14,6.81,123.90,88.44,94.58,Pass,0,No,0,None,None
B001062,COX-2 Inhibitor,Line 3,08-Mar-2025,2025,Team B,22.26,48.17,318.00,39.10,6.25,99.03,6.61,134.90,86.11,94.59,Pass,0,No,0,None,None
B001817,COX-2 Inhibitor,Line 1,23-Sep-2025,2025,Team D,23.23,47.68,356.00,41.10,6.82,99.14,6.80,117.70,89.60,94.59,Pass,0,No,0,None,None
B001439,AED,Line 1,01-Aug-2025,2025,Team B,20.57,37.61,310.00,37.70,7.47,99.15,6.82,125.30,89.57,94.20,Pass,0,Yes,1,Environmental,Minor
B001516,Antidepressant,Line 1,01-Jul-2024,2024,Team D,22.60,43.16,312.00,38.20,7.24,99.13,6.91,124.10,89.59,94.20,Pass,0,No,0,None,None
B002149,COX-2 Inhibitor,Line 3,18-Nov-2024,2024,Team A,22.87,50.26,348.00,53.40,6.63,99.13,6.89,148.00,86.03,94.59,Pass,0,No,0,None,None
B002051,AED,Line 1,08-Feb-2024,2024,Team A,21.46,51.69,286.00,43.40,6.83,,7.12,118.50,87.44,94.20,Pass,0,Yes,1,Environmental,Major
B002078,Antidepressant,Line 1,23-Mar-2024,2024,Team D,19.84,33.83,320.00,32.40,7.06,99.60,6.59,118.20,92.55,94.20,Pass,0,No,0,None,None
B002398,Antidepressant,Line 1,30-Apr-2024,2024,Team C,21.58,38.87,327.00,35.20,6.91,99.43,6.58,111.20,88.04,94.20,Pass,0,No,0,None,None
B002265,COX-2 Inhibitor,Line 2,04-Oct-2024,2024,Team D,23.47,45.40,335.00,35.60,6.07,99.45,6.96,115.10,93.24,94.60,Pass,0,No,0,None,None
B002780,Antidepressant,Line 1,27-Jan-2024,2024,Team A,22.57,46.42,310.00,38.10,6.89,99.18,6.69,130.30,90.27,94.20,Pass,0,No,0,None,None
B002810,Antidepressant,Line 3,23-Nov-2025,2025,Team C,21.96,37.63,317.00,48.30,7.39,98.74,6.94,133.50,84.05,94.20,Pass,0,No,0,None,None
B002875,Antidepressant,Line 1,22-Sep-2025,2025,Team B,20.99,51.69,299.00,42.90,6.47,99.26,7.22,137.90,87.29,94.20,Pass,0,No,0,None,None
B002426,COX-2 Inhibitor,Line 2,29-Jul-2025,2025,Team C,21.35,41.84,327.00,43.60,5.60,98.96,6.71,124.30,88.29,94.60,Pass,0,No,0,None,None
B002468,COX-2 Inhibitor,Line 1,17-Dec-2024,2024,Team B,22.26,40.66,337.00,49.00,6.90,99.52,6.66,128.00,85.49,94.60,Pass,0,No,0,None,None
B001023,AED,Line 1,11-Feb-2025,2025,Team A,20.53,41.15,348.00,43.60,6.40,98.53,6.86,127.70,88.92,94.19,Pass,0,No,0,None,None
B001403,AED,Line 1,20-Apr-2024,2024,Team B,21.49,43.96,317.00,41.20,8.04,98.74,7.04,136.00,89.22,94.19,Pass,0,No,0,None,None
B000931,GLP-1 Agonist,Line 2,14-Apr-2024,2024,Team B,22.51,30.62,308.00,48.20,7.43,99.08,6.99,133.00,83.05,94.18,Pass,0,No,0,None,None
B001026,GLP-1 Agonist,Line 3,09-May-2025,2025,Team A,21.83,41.95,284.00,45.30,7.52,99.49,6.81,145.20,86.94,94.18,Pass,0,No,0,None,None
B001081,Antidepressant,Line 2,19-Feb-2025,2025,Team B,21.41,42.02,322.00,42.50,7.60,99.19,6.75,124.00,91.17,94.18,Pass,0,No,0,None,None
B000489,COX-2 Inhibitor,Line 1,10-Jun-2024,2024,Team A,21.23,49.57,351.00,37.80,7.04,98.91,6.87,120.10,92.02,94.61,Pass,0,No,0,None,None
B002799,COX-2 Inhibitor,Line 2,28-Sep-2025,2025,Team A,23.54,42.07,335.00,45.40,6.44,99.41,6.66,123.00,90.10,94.62,Pass,0,No,0,None,None
B002320,AED,Line 1,07-Nov-2024,2024,Team A,22.75,41.39,317.00,47.40,7.28,98.61,6.75,127.80,85.56,94.18,Pass,0,No,0,None,None
B002560,Antidepressant,Line 1,22-Jun-2024,2024,Team C,21.84,40.43,316.00,50.00,7.29,99.52,6.58,123.10,92.68,94.18,Pass,0,No,0,None,None
B002869,AED,Line 1,03-Apr-2025,2025,Team D,21.94,33.37,320.00,48.90,7.83,98.63,6.82,126.90,84.11,94.18,Pass,0,No,0,None,None
B000206,Antidepressant,Line 2,09-Jan-2025,2025,Team D,22.67,,328.00,41.50,7.10,98.93,6.84,127.90,84.80,94.17,Pass,0,No,0,None,None
B000211,COX-2 Inhibitor,Line 2,13-Jan-2024,2024,Team D,22.58,41.45,357.00,41.50,6.61,99.06,6.77,112.50,89.07,94.64,Pass,0,No,0,None,None
B001353,GLP-1 Agonist,Line 2,15-May-2025,2025,Team B,21.65,43.55,297.00,44.50,7.89,98.85,7.31,128.90,82.27,94.17,Pass,0,No,0,None,None
B002622,AED,Line 1,24-Aug-2025,2025,Team B,22.06,50.00,341.00,33.70,6.55,98.32,6.92,109.10,88.06,94.17,Pass,0,No,0,None,None
B002716,Antidepressant,Line 1,30-Nov-2025,2025,Team A,21.97,46.97,321.00,42.50,7.66,98.69,6.62,145.50,85.67,94.17,Pass,0,No,0,None,None
B001469,COX-2 Inhibitor,Line 3,31-Oct-2025,2025,Team B,23.10,49.52,350.00,40.40,7.64,99.04,6.81,131.10,88.45,94.64,Pass,0,No,0,None,None
B002982,Antidepressant,Line 2,06-Oct-2025,2025,Team D,22.79,39.39,302.00,46.70,7.42,99.69,6.60,121.30,88.62,94.17,Pass,0,No,0,None,None
B000069,Antidepressant,Line 3,07-Jul-2024,2024,Team D,21.68,42.60,326.00,41.50,7.48,99.45,6.80,115.40,84.72,94.16,Pass,0,No,0,None,None
B000242,AED,Line 2,21-Aug-2024,2024,Team A,23.61,47.76,301.00,37.30,6.45,99.25,7.08,117.50,87.46,94.16,Pass,0,No,0,None,None
B000601,GLP-1 Agonist,Line 1,08-Dec-2025,2025,Team D,21.27,30.81,318.00,48.90,7.72,98.73,6.89,146.70,88.01,94.16,Pass,0,No,0,None,None
B001259,GLP-1 Agonist,Line 3,13-Dec-2025,2025,Team B,20.93,39.44,315.00,48.50,7.61,98.67,7.06,149.80,83.85,94.16,Pass,0,No,0,None,None
B001436,AED,Line 2,23-Feb-2025,2025,Team D,22.13,40.85,307.00,45.60,7.04,99.00,6.73,117.00,83.57,94.16,Pass,0,No,0,None,None
B001929,Antidepressant,Line 3,12-Jun-2024,2024,Team C,21.30,45.40,346.00,42.10,7.20,99.40,6.96,113.20,87.27,94.16,Pass,0,No,0,None,None
B002086,Antidepressant,Line 2,17-Aug-2024,2024,Team A,21.73,38.91,310.00,43.00,7.03,98.89,6.83,119.70,84.90,94.16,Pass,0,No,0,None,None
B002572,COX-2 Inhibitor,Line 1,17-Jun-2024,2024,Team D,,39.38,354.00,29.30,6.95,99.68,6.58,92.00,90.90,94.64,Pass,0,No,0,None,None
B001025,COX-2 Inhibitor,Line 3,04-Mar-2024,2024,Team D,22.92,45.01,331.00,37.60,7.12,99.26,6.62,125.70,86.25,94.66,Pass,0,No,0,None,None
B000509,GLP-1 Agonist,Line 3,05-Nov-2025,2025,Team B,,40.30,260.00,47.10,8.68,99.40,6.91,141.90,84.89,94.15,Pass,0,No,0,None,None
B000623,AED,Line 2,21-Sep-2025,2025,Team B,21.36,38.85,300.00,46.50,7.47,98.76,6.68,120.50,89.53,94.15,Pass,0,No,0,None,None
B001476,GLP-1 Agonist,Line 2,15-Jan-2025,2025,Team C,21.30,34.27,296.00,51.10,7.69,99.21,6.89,145.20,86.93,94.15,Pass,0,No,0,None,None
B002512,GLP-1 Agonist,Line 2,23-Jun-2024,2024,Team A,22.51,49.70,320.00,45.80,7.00,98.79,7.13,134.40,87.39,94.15,Pass,0,No,0,None,None
B002583,Antidepressant,Line 1,19-Jun-2024,2024,Team A,21.01,43.63,320.00,37.90,6.74,99.10,7.07,130.10,87.28,94.15,Pass,0,No,0,None,None
B000892,AED,Line 2,02-Jul-2024,2024,Team A,21.73,42.13,310.00,41.80,7.09,99.04,6.78,136.70,86.47,94.14,Pass,0,No,0,None,None
B000901,GLP-1 Agonist,Line 1,09-Dec-2025,2025,Team A,21.93,40.12,284.00,46.50,7.94,99.10,6.99,130.60,88.59,94.14,Pass,0,No,0,None,None
B001169,AED,Line 2,19-Jul-2025,2025,Team B,21.21,43.26,326.00,42.30,7.10,98.82,6.95,111.10,84.08,94.14,Pass,0,No,0,None,None
B001352,AED,Line 1,15-Oct-2025,2025,Team A,22.42,52.95,326.00,46.80,7.66,98.78,7.01,140.00,82.15,94.14,Pass,0,No,0,None,None
B001207,COX-2 Inhibitor,Line 1,27-Jan-2024,2024,Team B,22.45,39.95,366.00,43.50,6.20,99.10,6.72,126.30,87.59,94.66,Pass,0,No,0,None,None
B001939,Antidepressant,Line 2,07-Jul-2025,2025,Team D,21.16,47.39,325.00,45.80,7.70,98.99,7.13,120.90,86.35,94.14,Pass,0,No,0,None,None
B002349,Antidepressant,Line 2,26-Sep-2024,2024,Team D,23.60,38.94,359.00,47.10,8.09,99.32,6.89,127.90,88.49,94.14,Pass,0,No,0,None,None
B000608,Antidepressant,Line 1,19-Dec-2024,2024,Team A,21.28,39.83,316.00,45.90,6.71,99.37,6.84,130.40,87.18,94.13,Pass,0,No,0,None,None
B001534,COX-2 Inhibitor,Line 2,13-Nov-2025,2025,Team D,23.37,48.18,345.00,40.20,5.90,99.13,6.65,112.90,92.83,94.68,Pass,0,Yes,1,Equipment,Minor
B000725,Antidepressant,Line 3,26-May-2025,2025,Team D,21.66,40.97,295.00,31.90,7.48,99.20,6.82,134.90,90.46,94.13,Pass,0,No,0,None,None
B001286,AED,Line 1,26-Jul-2024,2024,Team A,19.92,50.99,316.00,51.50,7.26,98.88,7.01,131.70,85.93,94.13,Pass,0,No,0,None,None
B001484,Antidepressant,Line 1,01-Dec-2025,2025,Team B,22.85,54.69,322.00,47.00,6.89,98.96,7.03,122.40,86.77,94.13,Pass,0,No,0,None,None
B002246,Antidepressant,Line 2,23-May-2024,2024,Team D,23.07,33.23,302.00,41.60,6.45,98.88,6.74,131.40,85.61,94.13,Pass,0,No,0,None,None
B002742,AED,Line 2,05-Feb-2025,2025,Team B,21.38,51.92,319.00,50.50,8.39,99.16,7.01,149.10,88.91,94.13,Pass,0,No,0,None,None
B000007,COX-2 Inhibitor,Line 2,25-Sep-2024,2024,Team C,23.41,49.38,298.00,37.10,6.11,99.11,6.93,137.90,93.03,94.69,Pass,0,No,0,None,None
B000136,Antidepressant,Line 3,08-Apr-2025,2025,Team A,22.52,54.11,348.00,38.70,6.31,98.66,7.29,128.50,89.19,94.12,Pass,0,No,0,None,None
B000317,GLP-1 Agonist,Line 3,04-May-2024,2024,Team B,21.89,34.07,300.00,57.10,8.33,98.81,6.59,136.60,80.65,94.12,Pass,0,No,0,None,None
B000566,COX-2 Inhibitor,Line 3,04-Jan-2025,2025,Team B,22.17,43.93,326.00,41.90,7.41,98.91,6.85,108.20,85.74,94.69,Pass,0,No,0,None,None
B000462,Antidepressant,Line 3,23-Apr-2025,2025,Team D,21.58,37.63,324.00,40.10,8.41,99.59,6.71,126.70,86.04,94.12,Pass,0,Yes,1,Process,Major
B001565,AED,Line 1,15-Nov-2024,2024,Team C,21.32,36.80,303.00,45.80,7.38,98.86,7.08,124.50,85.22,94.12,Pass,0,Yes,1,Process,Minor
B001087,COX-2 Inhibitor,Line 2,08-Oct-2025,2025,Team C,21.72,38.74,329.00,39.50,6.75,99.53,6.81,114.60,,94.69,Pass,0,No,0,None,None
B002160,Antidepressant,Line 1,24-Apr-2024,2024,Team D,22.06,41.52,306.00,43.70,7.40,98.74,6.75,106.30,89.05,94.12,Pass,0,No,0,None,None
B000518,COX-2 Inhibitor,Line 1,11-Sep-2024,2024,Team B,22.38,43.92,319.00,42.90,6.65,99.19,6.84,135.30,87.81,94.70,Pass,0,No,0,None,None
B000530,GLP-1 Agonist,Line 2,09-Apr-2025,2025,Team B,19.70,45.99,261.00,47.30,8.47,99.01,6.97,131.80,82.94,94.11,Pass,0,No,0,None,None
B001408,Antidepressant,Line 2,09-Mar-2025,2025,Team A,21.56,38.19,279.00,44.90,6.24,99.02,6.84,125.00,86.05,94.11,Pass,0,Yes,1,Equipment,Minor
B002629,GLP-1 Agonist,Line 1,08-Mar-2025,2025,Team B,21.59,38.78,270.00,46.20,7.72,99.26,6.84,149.20,88.02,94.11,Pass,0,No,0,None,None
B002698,Antidepressant,Line 3,05-Aug-2025,2025,Team B,22.26,44.73,308.00,42.60,7.87,98.93,6.88,109.80,85.66,94.11,Pass,0,No,0,None,None
B000082,GLP-1 Agonist,Line 1,22-Nov-2025,2025,Team B,22.60,38.12,315.00,47.50,8.90,98.70,6.79,137.90,88.21,94.10,Pass,0,No,0,None,None
B000476,GLP-1 Agonist,Line 2,17-Nov-2024,2024,Team C,20.35,41.68,297.00,52.90,7.87,98.69,6.96,144.90,87.19,94.10,Pass,0,No,0,None,None
B000715,AED,Line 3,01-Aug-2024,2024,Team B,21.79,43.70,331.00,42.30,7.34,99.33,6.96,134.10,88.87,94.10,Failed,1,No,0,None,None
B001695,COX-2 Inhibitor,Line 2,27-Jun-2025,2025,Team A,21.77,49.47,309.00,32.70,5.34,98.90,6.79,122.20,91.18,94.71,Pass,0,No,0,None,None
B001332,GLP-1 Agonist,Line 3,06-May-2025,2025,Team C,21.22,42.07,322.00,46.90,8.35,98.65,6.87,156.80,85.50,94.10,Pass,0,No,0,None,None
B002151,COX-2 Inhibitor,Line 2,29-May-2024,2024,Team B,21.04,44.94,341.00,37.40,6.92,99.31,6.88,114.60,93.32,94.71,Pass,0,No,0,None,None
B002410,AED,Line 3,15-Dec-2024,2024,Team C,21.87,46.44,298.00,49.10,7.54,98.71,6.89,145.50,83.71,94.10,Pass,0,No,0,None,None
B000251,COX-2 Inhibitor,Line 3,07-Sep-2024,2024,Team A,22.92,40.18,355.00,43.00,7.22,99.19,6.79,128.90,87.52,94.72,Pass,0,No,0,None,None
B000545,Antidepressant,Line 1,31-Jul-2025,2025,Team C,22.65,45.82,355.00,36.10,6.89,99.22,7.10,109.30,90.06,94.09,Pass,0,No,0,None,None
B001160,COX-2 Inhibitor,Line 1,24-Dec-2025,2025,Team D,22.16,45.37,356.00,31.20,6.45,98.97,6.87,115.60,86.95,94.72,Pass,0,Yes,1,Equipment,Minor
B002536,COX-2 Inhibitor,Line 3,20-Dec-2025,2025,Team C,23.03,47.36,350.00,34.70,7.60,,6.90,106.50,89.54,94.72,Pass,0,No,0,None,None
B001826,Antidepressant,Line 2,10-Apr-2025,2025,Team C,22.51,46.07,317.00,46.40,7.00,98.81,6.80,138.20,85.21,94.09,Pass,0,No,0,None,None
B002334,Antidepressant,Line 1,29-Nov-2024,2024,Team C,21.46,40.98,317.00,32.60,7.38,98.89,6.83,131.50,91.98,94.09,Pass,0,No,0,None,None
B002998,Antidepressant,Line 3,12-Dec-2025,2025,Team C,23.10,38.18,325.00,40.40,7.43,99.78,6.73,132.10,88.00,94.09,Pass,0,Yes,1,Environmental,Minor
B000230,Antidepressant,Line 2,21-Oct-2024,2024,Team B,21.57,36.39,324.00,41.40,6.93,99.19,6.80,135.00,88.70,94.08,Pass,0,No,0,None,None
B001119,Antidepressant,Line 1,18-Feb-2025,2025,Team C,21.07,38.46,340.00,38.10,6.31,99.22,6.63,120.90,88.68,94.08,Pass,0,No,0,None,None
B001693,Antidepressant,Line 3,11-Aug-2024,2024,Team C,21.91,43.60,304.00,47.00,8.03,98.58,6.81,,82.21,94.08,Pass,0,No,0,None,None
B001011,COX-2 Inhibitor,Line 1,16-Jan-2024,2024,Team A,22.49,50.39,329.00,34.30,6.46,98.88,6.86,122.10,90.02,94.74,Pass,0,No,0,None,None
B002654,COX-2 Inhibitor,Line 2,11-Jun-2025,2025,Team D,23.54,49.71,338.00,36.90,6.90,98.68,6.60,105.70,84.36,94.74,Pass,0,No,0,None,None
B000894,Antidepressant,Line 2,12-Nov-2025,2025,Team C,22.86,42.14,355.00,41.20,6.64,99.10,6.83,134.90,85.36,94.07,Pass,0,No,0,None,None
B001823,GLP-1 Agonist,Line 2,13-Apr-2024,2024,Team A,22.50,31.94,307.00,44.00,7.74,98.98,6.87,141.50,85.12,94.07,Pass,0,No,0,None,None
B000065,COX-2 Inhibitor,Line 2,07-Jun-2024,2024,Team B,23.95,39.57,340.00,38.00,6.54,98.99,6.92,95.20,88.51,94.75,Pass,0,No,0,None,None
B002661,AED,Line 2,12-Jan-2024,2024,Team C,23.36,44.67,309.00,42.60,6.61,98.68,6.94,124.70,87.20,94.07,Pass,0,No,0,None,None
B000288,GLP-1 Agonist,Line 2,30-May-2025,2025,Team C,21.11,40.94,327.00,53.80,8.34,99.27,6.92,,81.64,94.06,Pass,0,No,0,None,None
B002524,COX-2 Inhibitor,Line 3,15-Mar-2024,2024,Team D,22.63,42.02,365.00,34.10,6.84,99.67,6.64,111.30,86.33,94.75,Pass,0,No,0,None,None
B001808,GLP-1 Agonist,Line 2,01-Sep-2025,2025,Team B,21.39,42.20,332.00,45.50,7.55,99.19,7.14,141.10,88.15,94.06,Pass,0,No,0,None,None
B002688,COX-2 Inhibitor,Line 1,13-Mar-2025,2025,Team A,22.71,41.36,370.00,44.00,7.26,99.97,6.58,112.20,88.35,94.78,Pass,0,No,0,None,None
B001896,Antidepressant,Line 2,12-May-2025,2025,Team C,22.52,42.19,333.00,42.70,6.95,99.00,6.63,131.70,86.39,94.06,Pass,0,No,0,None,None
B001955,AED,Line 1,29-Nov-2024,2024,Team D,21.55,53.26,292.00,42.20,7.47,,7.20,132.50,,94.06,Pass,0,No,0,None,None
B002142,GLP-1 Agonist,Line 2,03-Apr-2025,2025,Team C,22.05,43.81,303.00,57.30,7.46,98.50,7.03,154.60,84.99,94.06,Pass,0,No,0,None,None
B002491,AED,Line 1,18-Jun-2025,2025,Team C,21.61,52.72,356.00,37.90,6.91,98.88,7.04,140.50,92.02,94.06,Pass,0,No,0,None,None
B002864,Antidepressant,Line 3,24-Jul-2024,2024,Team C,21.53,38.15,322.00,44.30,7.62,99.46,6.77,118.30,86.84,94.06,Pass,0,No,0,None,None
B002949,AED,Line 2,05-Apr-2024,2024,Team B,23.09,42.86,310.00,47.10,7.67,99.00,6.97,143.10,90.58,94.06,Pass,0,No,0,None,None
B000701,Antidepressant,Line 3,06-Jul-2024,2024,Team D,22.55,52.67,310.00,40.20,8.25,99.64,6.82,137.30,88.43,94.05,Pass,0,No,0,None,None
B000921,Antidepressant,Line 1,31-May-2025,2025,Team D,20.74,35.74,308.00,40.00,7.45,99.51,6.69,100.50,85.02,94.05,Pass,0,No,0,None,None
B001236,Antidepressant,Line 1,31-Aug-2024,2024,Team D,21.60,36.14,321.00,43.90,7.05,98.85,6.70,139.30,88.61,94.05,Pass,0,Yes,1,Environmental,Minor
B001528,GLP-1 Agonist,Line 3,17-Nov-2025,2025,Team C,,39.52,297.00,51.90,8.06,99.07,6.88,155.90,85.97,94.05,Pass,0,No,0,None,None
B001032,COX-2 Inhibitor,Line 2,25-Jun-2024,2024,Team B,21.51,42.43,318.00,35.00,5.99,99.35,6.65,129.50,88.26,94.79,Pass,0,No,0,None,None
B001905,COX-2 Inhibitor,Line 3,08-Dec-2025,2025,Team B,22.48,52.22,317.00,40.90,6.06,99.38,6.85,127.20,86.08,94.79,Pass,0,No,0,None,None
B001603,COX-2 Inhibitor,Line 3,17-Apr-2024,2024,Team B,22.92,41.18,354.00,37.50,6.76,98.72,7.02,142.10,85.73,94.80,Pass,0,No,0,None,None
B000059,Antidepressant,Line 1,20-Oct-2025,2025,Team A,22.29,43.36,314.00,36.40,6.27,99.05,7.00,123.90,89.70,94.04,Pass,0,No,0,None,None
B002248,COX-2 Inhibitor,Line 1,11-May-2025,2025,Team D,21.57,45.68,317.00,43.20,7.06,98.70,6.77,111.80,87.94,94.81,Pass,0,No,0,None,None
B000778,Antidepressant,Line 1,31-May-2025,2025,Team D,21.09,42.38,301.00,33.40,7.23,98.82,6.76,125.20,88.12,94.04,Pass,0,No,0,None,None
B000984,GLP-1 Agonist,Line 1,21-Nov-2025,2025,Team C,21.89,47.35,286.00,49.10,8.75,98.98,6.91,129.80,85.29,94.04,Pass,0,No,0,None,None
B002849,COX-2 Inhibitor,Line 1,13-May-2025,2025,Team A,23.04,46.30,335.00,28.10,6.17,99.32,6.77,116.70,89.82,94.81,Pass,0,Yes,1,Equipment,Major
B001256,AED,Line 1,25-May-2025,2025,Team C,20.58,40.08,305.00,48.10,7.55,99.05,6.61,120.10,86.90,94.04,Pass,0,No,0,None,None
B001126,COX-2 Inhibitor,Line 1,01-Feb-2025,2025,Team A,21.77,31.16,301.00,35.40,6.77,99.67,6.82,120.00,91.13,94.82,Pass,0,No,0,None,None
B001752,Antidepressant,Line 2,25-Feb-2025,2025,Team C,21.03,43.69,342.00,48.60,7.08,98.95,6.89,144.20,83.02,94.04,Pass,0,Yes,1,Process,Minor
B002423,COX-2 Inhibitor,Line 3,08-Dec-2024,2024,Team D,24.14,36.23,336.00,31.10,6.91,99.39,6.52,111.50,,94.82,Pass,0,No,0,None,None
B000319,GLP-1 Agonist,Line 1,15-Nov-2024,2024,Team B,21.63,46.91,313.00,47.50,6.91,98.88,7.03,131.00,83.91,94.03,Pass,0,No,0,None,None
B000464,GLP-1 Agonist,Line 1,16-Nov-2024,2024,Team B,22.00,41.76,302.00,48.90,7.12,98.87,7.17,130.60,85.10,94.03,Pass,0,No,0,None,None
B000021,COX-2 Inhibitor,Line 2,04-Apr-2024,2024,Team B,22.11,55.76,349.00,42.40,6.40,99.10,6.77,114.90,85.13,94.83,Pass,0,No,0,None,None
B000418,COX-2 Inhibitor,Line 3,29-Sep-2024,2024,Team A,23.36,42.14,340.00,36.50,5.96,99.20,6.77,123.80,84.43,94.83,Pass,0,No,0,None,None
B001567,Antidepressant,Line 3,21-Mar-2024,2024,Team B,20.30,,313.00,44.00,6.89,99.67,6.85,115.20,86.45,94.03,Pass,0,No,0,None,None
B000066,COX-2 Inhibitor,Line 2,13-Oct-2024,2024,Team A,21.44,43.04,344.00,45.60,6.31,99.25,6.71,118.80,86.30,94.84,Pass,0,No,0,None,None
B002220,GLP-1 Agonist,Line 1,28-Apr-2024,2024,Team A,21.74,37.90,307.00,42.10,7.86,99.07,6.85,143.60,85.61,94.03,Pass,0,No,0,None,None
B002305,GLP-1 Agonist,Line 1,24-Sep-2025,2025,Team A,21.10,42.32,293.00,50.00,7.44,99.08,6.91,150.90,84.59,94.03,Pass,0,No,0,None,None
B002896,Antidepressant,Line 3,12-Jun-2025,2025,Team B,21.56,43.64,333.00,38.40,7.58,98.97,6.78,120.90,90.36,94.03,Pass,0,No,0,None,None
B002983,Antidepressant,Line 3,30-Oct-2025,2025,Team B,,39.22,308.00,38.80,7.05,99.10,6.75,113.40,86.96,94.03,Pass,0,No,0,None,None
B000103,Antidepressant,Line 3,19-Feb-2025,2025,Team A,21.07,47.54,312.00,36.90,7.24,99.06,6.99,125.40,89.87,94.02,Pass,0,No,0,None,None
B000265,AED,Line 1,17-Nov-2025,2025,Team B,22.14,29.13,307.00,51.70,7.41,99.32,6.79,127.80,85.69,94.02,Pass,0,No,0,None,None
B001045,Antidepressant,Line 2,21-Jul-2024,2024,Team B,21.68,38.55,333.00,41.90,6.20,99.19,6.69,135.20,87.63,94.02,Pass,0,No,0,None,None
B001551,Antidepressant,Line 1,28-Apr-2025,2025,Team C,22.64,39.55,340.00,35.90,6.20,98.92,6.50,136.90,90.71,94.02,Failed,1,No,0,None,None
B001645,Antidepressant,Line 1,11-Nov-2025,2025,Team B,20.63,44.04,306.00,39.10,6.90,98.75,6.81,110.60,91.88,94.02,Pass,0,No,0,None,None
B001779,GLP-1 Agonist,Line 1,04-Mar-2025,2025,Team B,20.62,40.74,304.00,51.30,7.17,98.86,7.11,137.10,85.44,94.02,Pass,0,No,0,None,None
B002581,Antidepressant,Line 3,09-Aug-2025,2025,Team A,21.51,34.38,327.00,36.50,7.37,99.30,6.41,120.20,86.44,94.02,Pass,0,No,0,None,None
B002794,AED,Line 1,23-Jun-2024,2024,Team B,23.11,49.02,339.00,44.90,7.06,98.71,7.06,122.10,90.04,94.02,Pass,0,Yes,1,Documentation,Minor
B002898,Antidepressant,Line 3,23-Nov-2024,2024,Team B,22.22,40.97,343.00,50.70,8.45,99.07,7.03,140.10,,94.02,Pass,0,No,0,None,None
B000269,Antidepressant,Line 3,20-Sep-2024,2024,Team B,21.91,39.70,301.00,34.40,7.31,99.11,6.98,128.70,90.38,94.01,Pass,0,No,0,None,None
B000358,AED,Line 2,28-Oct-2025,2025,Team B,21.09,32.66,304.00,42.20,7.44,99.29,6.60,118.40,85.49,94.01,Pass,0,No,0,None,None
B000941,Antidepressant,Line 1,08-Oct-2024,2024,Team D,21.37,40.58,330.00,46.40,7.72,99.18,6.78,127.80,91.49,94.01,Pass,0,No,0,None,None
B001734,Antidepressant,Line 1,28-Mar-2024,2024,Team C,21.20,50.00,315.00,43.20,6.18,99.12,6.89,116.70,,94.01,Pass,0,No,0,None,None
B001274,COX-2 Inhibitor,Line 3,08-Feb-2025,2025,Team A,22.82,40.58,343.00,38.90,7.38,99.27,6.77,121.90,87.98,94.84,Pass,0,No,0,None,None
B001421,COX-2 Inhibitor,Line 1,02-Jun-2025,2025,Team A,21.58,46.49,333.00,30.90,7.02,99.35,6.71,102.90,87.85,94.84,Pass,0,No,0,None,None
B002345,COX-2 Inhibitor,Line 1,19-Mar-2025,2025,Team A,22.24,44.58,331.00,44.90,7.81,99.24,6.60,120.70,87.10,94.86,Pass,0,No,0,None,None
B001178,GLP-1 Agonist,Line 3,04-Dec-2024,2024,Team D,21.31,42.73,332.00,51.30,7.40,99.03,6.94,142.00,82.93,94.00,Pass,0,No,0,None,None
B001318,Antidepressant,Line 3,25-Jun-2024,2024,Team D,,37.45,318.00,47.30,6.96,98.75,6.73,121.60,84.74,94.00,Pass,0,No,0,None,None
B001617,Antidepressant,Line 1,09-Apr-2025,2025,Team C,22.98,,316.00,43.90,7.39,99.59,6.83,123.00,90.68,94.00,Pass,0,No,0,None,None
B000073,AED,Line 3,24-Mar-2025,2025,Team B,21.51,44.80,316.00,49.30,7.46,98.65,6.86,135.00,87.72,93.99,Pass,0,No,0,None,None
B002453,COX-2 Inhibitor,Line 3,01-Oct-2025,2025,Team C,22.55,75.00,388.00,45.00,7.44,98.92,6.70,119.20,91.66,94.86,Pass,0,No,0,None,None
B000913,AED,Line 3,02-Oct-2024,2024,Team C,22.24,43.57,309.00,48.70,7.85,98.70,6.92,138.70,81.96,93.99,Pass,0,No,0,None,None
B001084,AED,Line 1,27-Oct-2024,2024,Team A,21.43,45.37,333.00,37.00,7.08,98.92,6.84,133.50,87.42,93.99,Pass,0,No,0,None,None
B001249,AED,Line 1,16-Nov-2025,2025,Team C,21.07,42.72,305.00,45.90,6.73,98.89,6.84,132.60,86.55,93.99,Pass,0,No,0,None,None
B002978,COX-2 Inhibitor,Line 2,24-Jan-2024,2024,Team A,22.97,40.34,341.00,43.80,6.49,99.07,6.45,138.20,83.97,94.86,Pass,0,No,0,None,None
B001787,GLP-1 Agonist,Line 1,22-Feb-2024,2024,Team D,22.46,37.22,308.00,41.70,8.31,98.57,7.01,148.30,86.21,93.99,Pass,0,No,0,None,None
B001834,Antidepressant,Line 3,20-Nov-2025,2025,Team B,22.70,46.52,329.00,47.10,8.52,99.12,7.18,131.00,87.19,93.99,Pass,0,Yes,1,Equipment,Minor
B002053,GLP-1 Agonist,Line 2,28-Jan-2024,2024,Team B,22.61,29.56,285.00,51.50,8.20,99.00,6.69,157.40,86.81,93.99,Pass,0,No,0,None,None
B000031,COX-2 Inhibitor,Line 3,23-Jul-2025,2025,Team C,23.06,40.63,313.00,36.10,6.91,99.58,6.71,107.00,89.42,94.87,Pass,0,No,0,None,None
B002291,AED,Line 1,09-Dec-2025,2025,Team C,22.15,49.11,289.00,33.60,7.17,98.81,7.05,123.50,88.24,93.99,Pass,0,No,0,None,None
B002484,GLP-1 Agonist,Line 2,27-Apr-2025,2025,Team B,21.08,28.24,286.00,50.40,7.57,99.71,6.79,144.70,84.97,93.99,Pass,0,No,0,None,None
B001724,COX-2 Inhibitor,Line 2,20-Oct-2025,2025,Team D,21.89,,344.00,39.10,6.81,99.59,6.78,122.00,87.42,94.88,Pass,0,No,0,None,None
B002681,AED,Line 3,14-Jan-2024,2024,Team A,21.45,,284.00,44.50,8.04,99.15,7.23,129.50,86.08,93.99,Pass,0,No,0,None,None
B002695,AED,Line 3,11-Jun-2024,2024,Team C,22.13,48.15,325.00,48.70,7.26,98.99,6.94,,87.59,93.99,Pass,0,No,0,None,None
B000359,GLP-1 Agonist,Line 3,14-Jan-2025,2025,Team D,21.56,40.89,313.00,49.00,8.42,98.59,7.08,142.70,84.04,93.98,Pass,0,No,0,None,None
B002136,GLP-1 Agonist,Line 2,28-Nov-2024,2024,Team D,21.97,,335.00,49.60,8.38,98.84,6.95,136.90,83.66,93.98,Pass,0,No,0,None,None
B002506,Antidepressant,Line 2,30-Jul-2025,2025,Team D,22.17,38.01,303.00,43.90,6.57,98.96,6.77,129.90,90.45,93.98,Pass,0,No,0,None,None
B002757,AED,Line 1,16-Mar-2025,2025,Team B,22.20,47.97,334.00,48.20,8.89,99.50,7.00,127.60,87.52,93.98,Pass,0,No,0,None,None
B000153,Antidepressant,Line 2,26-Jan-2025,2025,Team C,22.84,51.41,308.00,46.80,6.22,98.81,6.94,135.00,90.02,93.97,Pass,0,No,0,None,None
B002107,COX-2 Inhibitor,Line 1,21-Feb-2025,2025,Team D,22.05,42.71,348.00,43.50,6.55,99.15,6.87,134.70,90.40,94.88,Pass,0,No,0,None,None
B001199,GLP-1 Agonist,Line 1,13-Jun-2024,2024,Team A,22.04,38.14,270.00,47.40,7.83,99.10,6.86,143.00,89.96,93.97,Pass,0,No,0,None,None
B001765,Antidepressant,Line 2,14-Jul-2024,2024,Team B,21.76,52.18,329.00,41.80,7.13,99.10,7.09,130.60,85.55,93.97,Pass,0,No,0,None,None
B002816,COX-2 Inhibitor,Line 3,17-Aug-2025,2025,Team C,21.45,39.69,310.00,33.50,7.02,98.98,6.63,113.80,89.74,94.88,Pass,0,No,0,None,None
B000934,COX-2 Inhibitor,Line 1,08-Jan-2025,2025,Team A,,46.44,334.00,35.50,6.32,99.30,6.73,111.40,87.09,94.89,Pass,0,No,0,None,None
B002786,COX-2 Inhibitor,Line 3,03-Jul-2025,2025,Team A,22.65,51.90,337.00,38.30,6.67,99.06,6.88,140.20,90.15,94.90,Pass,0,No,0,None,None
B000250,GLP-1 Agonist,Line 2,01-Nov-2024,2024,Team A,21.08,41.28,302.00,49.00,8.06,99.08,6.84,154.50,89.73,93.96,Pass,0,No,0,None,None
B000287,Antidepressant,Line 2,20-Mar-2025,2025,Team B,,49.03,320.00,45.90,6.96,98.95,6.69,129.90,88.74,93.96,Pass,0,No,0,None,None
B002627,COX-2 Inhibitor,Line 3,05-Jan-2024,2024,Team C,21.03,43.72,346.00,38.20,7.61,99.38,6.82,120.60,84.62,94.91,Pass,0,No,0,None,None
B000513,Antidepressant,Line 3,02-Mar-2025,2025,Team D,22.29,39.85,329.00,34.90,5.73,99.60,6.85,123.10,90.51,93.96,Pass,0,No,0,None,None
B000622,GLP-1 Agonist,Line 1,07-Apr-2024,2024,Team A,21.81,36.48,314.00,52.80,8.48,98.80,6.91,150.00,84.67,93.96,Pass,0,No,0,None,None
B000915,AED,Line 2,07-Nov-2024,2024,Team A,22.21,39.86,303.00,48.30,6.98,98.92,6.90,121.50,89.96,93.96,Pass,0,No,0,None,None
B001701,AED,Line 3,31-May-2025,2025,Team B,22.12,45.79,352.00,43.10,6.66,98.79,7.06,131.80,86.14,93.96,Pass,0,No,0,None,None
B002663,GLP-1 Agonist,Line 2,28-Apr-2025,2025,Team A,20.90,40.67,283.00,41.30,7.09,98.75,,137.60,83.71,93.96,Pass,0,No,0,None,None
B000372,Antidepressant,Line 1,01-Sep-2025,2025,Team C,22.83,42.67,301.00,40.50,5.44,98.84,6.64,126.40,91.06,93.95,Pass,0,No,0,None,None
B000454,Antidepressant,Line 1,27-Mar-2024,2024,Team B,22.58,37.72,331.00,30.80,6.04,98.62,6.60,114.90,88.29,93.95,Pass,0,No,0,None,None
B001089,GLP-1 Agonist,Line 1,04-Nov-2024,2024,Team C,20.83,48.16,332.00,39.40,7.56,99.10,7.10,127.90,84.63,93.95,Pass,0,No,0,None,None
B001182,Antidepressant,Line 1,04-Sep-2024,2024,Team B,22.81,36.11,310.00,50.40,7.79,99.03,6.64,115.60,87.80,93.95,Pass,0,No,0,None,None
B001363,COX-2 Inhibitor,Line 2,03-Dec-2025,2025,Team A,23.07,39.33,356.00,26.80,6.34,99.71,6.52,106.20,93.87,94.92,Pass,0,No,0,None,None
B001321,GLP-1 Agonist,Line 3,13-May-2025,2025,Team B,23.23,35.65,315.00,47.20,7.80,98.88,7.11,132.70,84.15,93.95,Pass,0,No,0,None,None
B001327,GLP-1 Agonist,Line 1,12-Aug-2024,2024,Team D,22.12,45.10,297.00,39.60,6.14,99.26,7.33,125.60,83.28,93.95,Pass,0,No,0,None,None
B001881,GLP-1 Agonist,Line 1,07-Jun-2025,2025,Team B,20.99,46.91,279.00,48.40,8.56,98.59,7.14,147.10,81.00,93.95,Pass,0,No,0,None,None
B001723,COX-2 Inhibitor,Line 1,28-May-2025,2025,Team D,22.87,40.42,345.00,31.10,4.74,99.52,6.87,114.90,87.15,94.92,Pass,0,No,0,None,None
B001740,COX-2 Inhibitor,Line 2,26-Mar-2024,2024,Team C,21.75,40.42,335.00,38.70,6.92,99.21,,123.40,90.96,94.92,Pass,0,No,0,None,None
B002483,Antidepressant,Line 2,16-Jun-2025,2025,Team A,21.49,34.85,334.00,51.60,7.55,,6.58,146.30,86.18,93.95,Pass,0,Yes,1,Process,Major
B001736,COX-2 Inhibitor,Line 3,07-Jul-2025,2025,Team A,23.00,31.18,347.00,36.30,7.18,99.82,6.48,130.70,87.63,94.93,Pass,0,No,0,None,None
B001794,COX-2 Inhibitor,Line 3,04-Feb-2025,2025,Team D,23.65,44.22,358.00,44.30,7.42,99.58,6.77,119.90,86.88,94.93,Pass,0,No,0,None,None
B000079,COX-2 Inhibitor,Line 2,27-May-2024,2024,Team D,22.11,44.24,329.00,32.50,7.11,99.08,7.06,119.60,91.19,94.94,Pass,0,No,0,None,None
B002938,Antidepressant,Line 2,29-Oct-2025,2025,Team D,21.93,48.99,321.00,41.80,7.10,98.89,6.84,127.10,90.02,93.95,Pass,0,Yes,1,Process,Major
B000619,Antidepressant,Line 1,11-Dec-2025,2025,Team A,23.14,38.54,307.00,40.90,6.64,99.69,6.75,111.00,89.58,93.94,Pass,0,No,0,None,None
B000950,GLP-1 Agonist,Line 1,24-Jul-2025,2025,Team A,22.23,38.17,290.00,46.80,8.05,98.87,7.03,132.90,84.33,93.94,Pass,0,No,0,None,None
B000612,COX-2 Inhibitor,Line 1,16-May-2025,2025,Team A,23.16,46.38,322.00,27.20,5.64,99.21,6.77,104.70,84.89,94.95,Pass,0,No,0,None,None
B001802,COX-2 Inhibitor,Line 1,03-Jan-2025,2025,Team B,22.87,43.19,339.00,42.60,7.37,98.78,6.78,136.30,90.58,94.95,Pass,0,No,0,None,None
B001555,Antidepressant,Line 1,16-Sep-2025,2025,Team A,21.86,35.71,307.00,42.80,6.23,99.22,6.59,113.70,87.85,93.94,Pass,0,No,0,None,None
B001894,Antidepressant,Line 1,13-Nov-2024,2024,Team C,22.54,44.29,328.00,42.10,6.45,98.95,6.73,111.10,88.29,93.94,Pass,0,No,0,None,None
B002449,COX-2 Inhibitor,Line 2,08-May-2025,2025,Team C,21.13,43.54,329.00,128.00,6.21,99.19,6.81,111.60,,94.95,Pass,0,No,0,None,None
B002458,Antidepressant,Line 2,02-Apr-2024,2024,Team A,21.08,44.14,323.00,44.80,7.63,99.12,6.86,125.20,88.03,93.94,Pass,0,No,0,None,None
B002474,GLP-1 Agonist,Line 1,27-Jan-2025,2025,Team B,22.37,41.36,293.00,50.50,7.12,98.61,7.14,144.90,83.15,93.94,Pass,0,No,0,None,None
B002741,Antidepressant,Line 3,12-Jul-2025,2025,Team B,22.29,46.47,311.00,43.90,7.41,98.97,7.08,141.60,88.52,93.94,Pass,0,No,0,None,None
B000173,Antidepressant,Line 3,19-Jan-2024,2024,Team C,21.94,48.53,351.00,47.60,6.45,99.02,7.03,121.80,82.68,93.93,Pass,0,No,0,None,None
B000248,GLP-1 Agonist,Line 3,10-Apr-2024,2024,Team B,22.53,46.23,351.00,48.70,7.05,99.07,7.02,124.10,82.95,93.93,Failed,1,No,0,None,None
B000413,Antidepressant,Line 2,22-May-2024,2024,Team B,21.77,50.99,290.00,49.40,7.29,,6.92,138.10,84.90,93.93,Pass,0,No,0,None,None
B000620,Antidepressant,Line 3,23-Jan-2024,2024,Team C,20.85,41.09,310.00,42.10,6.88,99.08,7.09,132.20,86.77,93.93,Pass,0,No,0,None,None
B000646,AED,Line 3,20-Aug-2024,2024,Team D,21.21,40.61,328.00,48.60,7.27,99.00,6.68,146.00,83.84,93.93,Pass,0,No,0,None,None
B001186,AED,Line 3,12-Jul-2024,2024,Team B,21.23,49.95,321.00,42.20,7.82,99.00,6.99,129.10,86.87,93.93,Pass,0,Yes,1,Material,Minor
B001368,Antidepressant,Line 2,25-Jan-2024,2024,Team D,22.21,39.56,294.00,34.20,7.23,99.45,6.58,121.90,89.39,93.93,Pass,0,No,0,None,None
B002157,Antidepressant,Line 1,24-Jul-2024,2024,Team B,22.03,40.33,315.00,33.60,6.10,99.15,6.75,128.10,88.70,93.93,Pass,0,No,0,None,None
B002181,AED,Line 2,17-Jan-2024,2024,Team B,21.28,38.96,338.00,46.60,7.63,98.48,7.10,129.40,87.70,93.93,Pass,0,No,0,None,None
B002283,GLP-1 Agonist,Line 3,11-Jan-2025,2025,Team B,21.27,37.08,304.00,43.90,7.82,99.03,6.91,137.40,87.46,93.93,Pass,0,No,0,None,None
B000824,COX-2 Inhibitor,Line 1,13-Apr-2024,2024,Team D,23.68,42.55,378.00,37.80,6.45,99.32,6.69,123.30,91.34,94.96,Pass,0,No,0,None,None
B002977,COX-2 Inhibitor,Line 3,21-Feb-2024,2024,Team B,22.40,47.67,309.00,35.00,7.91,99.45,6.82,133.10,86.34,94.96,Pass,0,No,0,None,None
B000657,AED,Line 1,21-Oct-2024,2024,Team B,21.15,40.24,295.00,38.30,6.38,98.88,7.01,129.10,88.78,93.92,Pass,0,No,0,None,None
B001324,AED,Line 1,08-Feb-2025,2025,Team D,21.26,36.28,329.00,48.90,6.62,98.98,6.80,116.50,85.47,93.92,Pass,0,No,0,None,None
B001876,AED,Line 2,06-Aug-2025,2025,Team C,21.82,45.99,323.00,43.30,7.64,99.35,6.98,117.20,83.60,93.92,Failed,1,Yes,1,Process,Minor
B002340,Antidepressant,Line 1,12-Oct-2025,2025,Team A,21.43,39.46,319.00,50.70,6.41,98.91,6.71,120.90,83.78,93.92,Pass,0,No,0,None,None
B001634,COX-2 Inhibitor,Line 1,02-Nov-2025,2025,Team C,23.27,47.37,345.00,33.10,6.71,99.31,6.72,86.20,88.93,94.97,Pass,0,No,0,None,None
B000213,Antidepressant,Line 3,18-May-2025,2025,Team A,22.08,35.80,333.00,38.80,7.50,99.03,6.70,113.10,88.62,93.91,Pass,0,No,0,None,None
B000451,Antidepressant,Line 3,25-Nov-2025,2025,Team C,21.44,39.02,343.00,45.10,8.29,99.11,6.65,115.30,88.70,93.91,Pass,0,No,0,None,None
B001935,COX-2 Inhibitor,Line 2,04-Feb-2024,2024,Team D,21.89,42.89,316.00,31.20,7.07,99.09,6.61,115.60,95.15,94.97,Pass,0,No,0,None,None
B000714,AED,Line 3,23-May-2024,2024,Team B,23.17,46.90,332.00,47.70,8.35,98.80,7.01,147.00,86.98,93.91,Pass,0,No,0,None,None
B001857,Antidepressant,Line 2,16-Feb-2025,2025,Team A,22.24,41.10,292.00,37.30,7.52,99.12,6.77,117.40,86.47,93.91,Pass,0,No,0,None,None
B002360,Antidepressant,Line 3,22-May-2025,2025,Team B,21.65,37.12,360.00,53.30,6.98,98.95,6.81,151.50,84.63,93.91,Pass,0,No,0,None,None
B002552,GLP-1 Agonist,Line 1,11-May-2024,2024,Team D,21.48,37.56,262.00,41.00,7.95,99.28,6.85,124.00,83.04,93.91,Pass,0,No,0,None,None
B002703,GLP-1 Agonist,Line 1,20-May-2024,2024,Team C,21.63,41.59,280.00,48.80,7.12,98.55,7.07,146.10,87.63,93.91,Failed,1,No,0,None,None
B000272,Antidepressant,Line 2,02-Jan-2024,2024,Team A,22.96,36.26,322.00,45.30,7.31,98.85,6.94,109.40,82.95,93.90,Pass,0,No,0,None,None
B002625,COX-2 Inhibitor,Line 1,09-Sep-2024,2024,Team A,21.64,37.97,344.00,34.10,6.98,99.68,6.75,122.00,92.55,94.98,Pass,0,No,0,None,None
B001470,Antidepressant,Line 1,15-Oct-2025,2025,Team A,21.44,44.65,331.00,43.40,6.56,99.37,6.88,135.50,83.41,93.90,Pass,0,No,0,None,None
B001652,Antidepressant,Line 3,05-Jun-2024,2024,Team C,23.29,44.07,323.00,40.40,7.14,98.83,6.93,127.20,86.48,93.90,Pass,0,No,0,None,None
B001908,Antidepressant,Line 1,13-Dec-2025,2025,Team C,22.09,41.72,321.00,36.40,7.18,98.86,6.72,133.30,83.85,93.90,Pass,0,No,0,None,None
B000997,COX-2 Inhibitor,Line 1,25-May-2024,2024,Team A,22.67,50.37,358.00,38.30,6.95,99.28,6.86,131.80,91.97,95.00,Pass,0,No,0,None,None
B002537,AED,Line 1,14-Mar-2024,2024,Team B,21.55,40.43,324.00,51.20,8.05,98.83,7.00,128.20,84.09,93.90,Pass,0,No,0,None,None
B002676,GLP-1 Agonist,Line 3,18-Jun-2025,2025,Team B,20.66,40.23,301.00,41.90,8.38,99.24,6.83,148.10,86.98,93.90,Pass,0,No,0,None,None
B000111,GLP-1 Agonist,Line 1,02-Oct-2025,2025,Team B,23.08,45.45,317.00,43.60,7.78,98.96,7.01,132.80,88.99,93.89,Pass,0,No,0,None,None
B000309,Antidepressant,Line 2,14-Dec-2024,2024,Team D,21.66,46.79,312.00,36.40,6.34,99.24,6.97,116.80,90.96,93.89,Pass,0,No,0,None,None
B001718,COX-2 Inhibitor,Line 2,16-Oct-2025,2025,Team A,23.32,41.39,374.00,35.90,6.50,99.64,6.74,130.00,89.98,95.00,Pass,0,No,0,None,None
B001052,Antidepressant,Line 2,22-Dec-2024,2024,Team D,21.81,44.45,346.00,46.60,7.20,98.67,6.71,127.20,89.56,93.89,Pass,0,No,0,None,None
B001678,GLP-1 Agonist,Line 1,19-Oct-2024,2024,Team D,21.72,40.65,310.00,45.20,6.94,98.68,7.12,141.10,86.04,93.89,Pass,0,No,0,None,None
B002400,COX-2 Inhibitor,Line 1,23-Mar-2024,2024,Team C,22.82,41.86,346.00,33.60,6.12,99.20,6.65,139.60,91.59,95.00,Pass,0,No,0,None,None
B000858,AED,Line 2,04-Jan-2024,2024,Team B,22.52,44.37,330.00,47.60,7.36,98.75,6.93,139.00,87.80,93.88,Pass,0,No,0,None,None
B001179,Antidepressant,Line 2,20-Jun-2024,2024,Team B,21.75,44.07,301.00,43.40,6.23,99.12,7.14,123.40,90.43,93.88,Pass,0,No,0,None,None
B000299,COX-2 Inhibitor,Line 2,11-Dec-2025,2025,Team D,21.22,36.66,326.00,40.10,5.64,99.32,6.76,109.40,86.36,95.02,Pass,0,No,0,None,None
B001725,GLP-1 Agonist,Line 1,30-Dec-2024,2024,Team B,20.32,33.75,300.00,51.00,8.29,99.20,6.90,153.00,83.02,93.88,Pass,0,No,0,None,None
B001942,GLP-1 Agonist,Line 1,23-Nov-2024,2024,Team D,19.16,32.50,283.00,47.80,8.76,99.37,6.95,137.40,92.08,93.88,Pass,0,No,0,None,None
B001974,GLP-1 Agonist,Line 3,19-Nov-2025,2025,Team C,20.50,47.49,313.00,43.20,8.56,98.49,7.15,146.80,87.91,93.88,Pass,0,No,0,None,None
B000709,GLP-1 Agonist,Line 2,30-Jan-2024,2024,Team D,22.30,31.69,294.00,48.90,8.71,98.73,6.64,145.90,86.57,93.87,Pass,0,No,0,None,None
B001204,COX-2 Inhibitor,Line 2,11-May-2024,2024,Team A,23.02,48.72,361.00,45.30,6.80,98.88,6.54,136.90,90.03,95.02,Pass,0,No,0,None,None
B001483,COX-2 Inhibitor,Line 3,24-Jan-2024,2024,Team A,22.10,43.92,320.00,38.10,7.03,99.14,6.77,103.70,88.52,95.02,Pass,0,No,0,None,None
B000512,AED,Line 3,26-Oct-2025,2025,Team D,,54.96,327.00,44.90,7.14,98.87,7.12,123.90,87.12,93.86,Failed,1,Yes,1,Process,Minor
B001110,Antidepressant,Line 2,15-Nov-2025,2025,Team A,21.59,41.07,323.00,34.40,6.03,99.07,6.50,,88.81,93.86,Pass,0,No,0,None,None
B000040,COX-2 Inhibitor,Line 2,15-Jan-2024,2024,Team D,23.01,47.21,317.00,43.40,7.09,99.54,6.90,128.90,86.55,95.03,Pass,0,No,0,None,None
B001688,GLP-1 Agonist,Line 2,16-Sep-2024,2024,Team B,22.75,36.17,316.00,40.30,6.90,98.59,6.89,142.20,87.95,93.86,Pass,0,No,0,None,None
B002308,GLP-1 Agonist,Line 1,28-Mar-2024,2024,Team C,22.37,46.53,320.00,43.40,8.16,99.13,6.99,138.20,87.43,93.86,Pass,0,No,0,None,None
B002902,AED,Line 1,03-Aug-2024,2024,Team A,22.28,42.96,304.00,45.40,7.01,99.10,7.04,116.50,86.21,93.86,Pass,0,No,0,None,None
B000499,GLP-1 Agonist,Line 2,20-Feb-2025,2025,Team A,22.07,38.20,269.00,44.50,8.12,99.55,6.98,133.40,83.86,93.85,Pass,0,No,0,None,None
B002487,COX-2 Inhibitor,Line 3,18-Jun-2025,2025,Team C,23.77,43.68,330.00,43.80,7.51,98.95,6.88,129.10,88.71,95.04,Pass,0,No,0,None,None
B001071,AED,Line 2,29-May-2025,2025,Team C,21.91,40.20,294.00,43.60,6.89,,6.80,129.00,84.86,93.85,Pass,0,No,0,None,None
B001396,Antidepressant,Line 2,04-Jun-2024,2024,Team A,21.63,39.38,331.00,40.80,6.12,99.37,6.69,121.70,91.23,93.85,Pass,0,No,0,None,None
B001674,Antidepressant,Line 1,28-Aug-2025,2025,Team A,22.35,43.18,299.00,41.30,6.03,98.88,6.80,138.70,90.32,93.85,Pass,0,No,0,None,None
B000234,COX-2 Inhibitor,Line 1,02-Aug-2024,2024,Team B,22.83,48.33,336.00,41.90,7.19,99.30,6.55,123.80,91.78,95.05,Pass,0,No,0,None,None
B001952,Antidepressant,Line 3,18-Jun-2024,2024,Team A,21.86,45.36,345.00,43.00,6.82,98.65,6.71,119.40,88.03,93.85,Pass,0,Yes,1,Equipment,Major
B001998,GLP-1 Agonist,Line 2,10-Feb-2025,2025,Team D,22.88,41.35,304.00,48.00,8.48,98.63,6.78,151.70,,93.85,Pass,0,No,0,None,None
B002217,Antidepressant,Line 2,22-Apr-2025,2025,Team A,21.65,38.71,327.00,46.00,6.54,99.38,6.64,124.30,90.29,93.85,Pass,0,No,0,None,None
B002746,AED,Line 1,12-Jan-2024,2024,Team C,23.21,40.65,291.00,39.90,7.24,98.89,6.87,127.60,88.80,93.85,Pass,0,No,0,None,None
B001198,COX-2 Inhibitor,Line 3,26-Nov-2024,2024,Team A,22.73,43.88,314.00,36.30,6.85,98.71,6.90,107.20,88.23,95.05,Pass,0,No,0,None,None
B000129,Antidepressant,Line 3,04-Mar-2024,2024,Team D,,38.08,296.00,50.60,8.24,98.90,6.71,151.20,89.32,93.84,Pass,0,No,0,None,None
B000842,AED,Line 2,21-Apr-2025,2025,Team B,23.06,53.34,294.00,39.30,7.82,98.85,6.86,126.60,86.53,93.84,Pass,0,No,0,None,None
B001238,GLP-1 Agonist,Line 3,17-Oct-2024,2024,Team A,20.31,45.74,314.00,44.80,7.84,98.80,7.11,136.40,85.82,93.84,Pass,0,No,0,None,None
B001592,Antidepressant,Line 2,30-Oct-2024,2024,Team C,21.58,31.04,319.00,42.00,7.15,98.93,6.70,121.90,89.31,93.84,Pass,0,No,0,None,None
B001753,AED,Line 2,10-Jun-2024,2024,Team D,21.72,35.82,309.00,49.00,7.41,99.21,6.65,134.40,84.44,93.84,Pass,0,No,0,None,None
B002060,Antidepressant,Line 1,12-Jul-2024,2024,Team D,22.96,45.58,347.00,49.70,6.92,99.18,6.84,132.10,87.89,93.84,Pass,0,No,0,None,None
B002503,AED,Line 1,28-Nov-2024,2024,Team C,20.90,46.01,348.00,35.30,6.96,98.90,7.06,126.40,89.28,93.84,Pass,0,No,0,None,None
B002640,Antidepressant,Line 2,17-Oct-2025,2025,Team B,22.52,,316.00,43.50,8.69,98.93,6.67,140.60,85.17,93.84,Pass,0,No,0,None,None
B002948,AED,Line 2,11-Feb-2024,2024,Team B,22.62,43.59,318.00,44.30,6.80,98.75,7.08,123.30,88.60,93.84,Pass,0,No,0,None,None
B000294,Antidepressant,Line 2,16-Feb-2024,2024,Team D,23.41,35.74,310.00,45.40,7.51,99.37,6.53,130.30,89.09,93.83,Pass,0,No,0,None,None
B001350,Antidepressant,Line 3,25-Feb-2024,2024,Team C,22.19,44.48,334.00,53.40,8.10,98.65,6.79,140.70,85.61,93.83,Pass,0,No,0,None,None
B001988,COX-2 Inhibitor,Line 1,10-Oct-2025,2025,Team C,21.50,46.19,364.00,31.50,6.44,98.91,6.66,102.60,89.51,95.05,Pass,0,No,0,None,None
B002247,Antidepressant,Line 2,15-Apr-2025,2025,Team C,22.01,34.75,352.00,43.60,6.20,99.23,6.63,119.90,90.77,93.83,Pass,0,No,0,None,None
B001176,COX-2 Inhibitor,Line 2,06-May-2024,2024,Team D,22.32,39.22,338.00,42.60,7.26,98.68,6.60,110.80,89.91,95.06,Pass,0,No,0,None,None
B002377,AED,Line 1,01-May-2024,2024,Team B,20.79,48.59,336.00,48.70,7.20,98.87,7.14,126.50,91.83,93.83,Pass,0,No,0,None,None
B002471,GLP-1 Agonist,Line 2,25-Feb-2024,2024,Team C,21.12,39.44,325.00,50.10,7.73,99.31,7.08,143.60,85.65,93.83,Pass,0,No,0,None,None
B002598,GLP-1 Agonist,Line 2,09-Apr-2024,2024,Team D,20.90,35.78,255.00,36.80,8.17,99.16,6.92,127.30,87.81,93.83,Pass,0,No,0,None,None
B000298,AED,Line 2,19-Aug-2024,2024,Team D,21.36,42.06,307.00,55.20,8.38,98.58,6.74,132.40,82.85,93.82,Pass,0,No,0,None,None
B002252,COX-2 Inhibitor,Line 1,06-Feb-2024,2024,Team D,22.73,35.65,340.00,45.20,6.62,99.31,6.54,132.20,86.05,95.06,Pass,0,No,0,None,None
B000868,AED,Line 1,04-May-2024,2024,Team D,22.44,39.10,294.00,40.50,6.59,99.55,6.97,129.10,87.83,93.82,Pass,0,No,0,None,None
B002532,COX-2 Inhibitor,Line 3,04-Nov-2024,2024,Team A,21.57,46.54,307.00,39.30,7.17,99.27,6.81,,88.70,95.06,Pass,0,No,0,None,None
B002278,Antidepressant,Line 3,27-Jan-2025,2025,Team C,21.28,40.15,320.00,49.70,7.10,98.92,6.72,145.70,89.45,93.82,Pass,0,No,0,None,None
B002633,AED,Line 2,16-Jan-2025,2025,Team D,22.95,44.91,319.00,45.20,6.65,99.27,6.95,122.50,88.25,93.82,Pass,0,No,0,None,None
B002689,Antidepressant,Line 3,28-Aug-2024,2024,Team B,22.09,41.21,309.00,45.60,7.83,99.31,6.95,127.20,89.24,93.82,Pass,0,No,0,None,None
B002713,Antidepressant,Line 3,05-Aug-2024,2024,Team D,21.93,43.34,346.00,40.10,7.57,98.45,6.65,131.50,86.10,93.82,Pass,0,No,0,None,None
B002730,AED,Line 1,19-Feb-2024,2024,Team A,22.76,43.21,306.00,41.60,5.92,98.68,7.08,132.70,85.46,93.82,Pass,0,No,0,None,None
B001716,COX-2 Inhibitor,Line 1,25-Mar-2024,2024,Team B,23.04,51.42,317.00,39.30,6.45,98.72,6.87,112.40,91.05,95.07,Pass,0,No,0,None,None
B000589,Antidepressant,Line 3,21-Sep-2025,2025,Team C,23.49,46.24,338.00,34.10,7.97,98.68,6.80,120.80,88.89,93.81,Pass,0,Yes,1,Material,Minor
B000655,AED,Line 1,17-Nov-2024,2024,Team C,22.78,37.34,287.00,52.40,9.21,98.84,6.87,149.90,82.86,93.81,Pass,0,No,0,None,None
B001767,AED,Line 2,05-Sep-2025,2025,Team A,22.49,44.15,307.00,44.30,6.72,98.71,7.06,136.70,88.41,93.81,Pass,0,No,0,None,None
B002145,GLP-1 Agonist,Line 1,24-Nov-2025,2025,Team C,21.56,39.36,306.00,54.40,8.32,98.82,6.96,144.00,84.54,93.81,Pass,0,No,0,None,None
B002148,AED,Line 2,19-Oct-2024,2024,Team C,21.42,50.94,343.00,41.00,7.89,98.51,7.06,144.20,,93.81,Pass,0,No,0,None,None
B002346,Antidepressant,Line 1,21-Dec-2025,2025,Team C,,42.07,320.00,32.00,6.03,99.30,6.76,113.80,86.98,93.81,Pass,0,Yes,1,Documentation,Minor
B002797,COX-2 Inhibitor,Line 2,28-Nov-2025,2025,Team C,21.20,40.50,360.00,34.70,6.18,99.02,6.51,136.20,95.65,95.07,Pass,0,No,0,None,None
B002693,AED,Line 2,14-May-2025,2025,Team A,22.08,40.28,327.00,43.80,7.51,98.82,6.99,145.00,89.92,93.80,Failed,1,Yes,1,Process,Minor
B002811,Antidepressant,Line 2,06-Jun-2025,2025,Team D,22.08,41.95,336.00,38.60,7.33,99.18,6.59,126.30,88.74,93.80,Pass,0,Yes,1,Documentation,Minor
B002956,GLP-1 Agonist,Line 2,02-Nov-2025,2025,Team B,21.72,42.76,280.00,50.70,8.04,99.41,7.04,139.00,83.45,93.80,Pass,0,No,0,None,None
B000087,COX-2 Inhibitor,Line 1,04-Jul-2024,2024,Team D,22.70,35.30,326.00,36.80,7.18,99.66,6.61,114.00,85.47,95.09,Pass,0,No,0,None,None
B000238,AED,Line 1,14-Jun-2025,2025,Team D,21.26,58.12,295.00,39.40,6.22,98.46,6.86,122.70,87.52,93.79,Pass,0,No,0,None,None
B000853,AED,Line 2,27-Jul-2024,2024,Team B,21.37,47.74,291.00,42.20,6.56,98.76,7.05,120.50,89.18,93.79,Pass,0,No,0,None,None
B001631,GLP-1 Agonist,Line 1,06-Jan-2025,2025,Team B,21.95,39.99,301.00,51.20,8.19,98.92,7.06,140.70,84.51,93.79,Pass,0,No,0,None,None
B001812,GLP-1 Agonist,Line 3,26-Aug-2025,2025,Team D,20.65,45.50,280.00,49.00,8.13,98.36,6.86,147.40,81.01,93.79,Pass,0,No,0,None,None
B002447,Antidepressant,Line 3,02-Aug-2024,2024,Team D,21.59,37.51,315.00,44.80,7.45,98.57,6.89,124.90,85.17,93.79,Pass,0,No,0,None,None
B002694,AED,Line 3,14-Aug-2025,2025,Team B,21.21,39.48,313.00,53.10,8.71,98.74,6.90,141.60,87.69,93.79,Pass,0,No,0,None,None
B000096,COX-2 Inhibitor,Line 1,09-Feb-2024,2024,Team A,23.85,48.43,359.00,37.70,7.20,99.22,6.81,110.70,87.89,95.09,Pass,0,No,0,None,None
B000160,COX-2 Inhibitor,Line 1,25-Sep-2024,2024,Team D,23.36,45.94,329.00,34.40,7.53,99.30,6.86,121.40,89.14,95.09,Pass,0,No,0,None,None
B001296,GLP-1 Agonist,Line 2,30-May-2024,2024,Team A,20.18,31.81,291.00,44.40,8.22,99.16,6.87,146.30,81.56,93.78,Pass,0,No,0,None,None
B002242,Antidepressant,Line 1,15-Nov-2025,2025,Team B,22.44,40.25,317.00,48.40,7.89,99.15,6.64,111.80,87.27,93.78,Pass,0,No,0,None,None
B002390,Antidepressant,Line 3,02-Aug-2025,2025,Team D,21.84,44.59,311.00,50.80,7.39,99.18,6.90,136.50,83.30,93.78,Pass,0,No,0,None,None
B002502,COX-2 Inhibitor,Line 2,12-Jun-2025,2025,Team C,21.32,36.60,325.00,39.00,6.94,99.16,6.58,117.00,90.74,95.09,Failed,1,No,0,None,None
B002866,Antidepressant,Line 1,13-Apr-2024,2024,Team C,22.20,41.41,312.00,51.00,6.89,99.12,6.68,126.20,84.56,93.78,Pass,0,No,0,None,None
B002576,COX-2 Inhibitor,Line 1,26-Apr-2025,2025,Team A,22.32,35.94,350.00,30.90,5.40,99.44,6.54,108.70,87.62,95.09,Pass,0,No,0,None,None
B000996,GLP-1 Agonist,Line 1,16-Dec-2024,2024,Team B,21.62,32.93,308.00,44.90,7.91,99.39,6.63,,85.36,93.77,Pass,0,Yes,1,Process,Minor
B002200,COX-2 Inhibitor,Line 2,27-Oct-2024,2024,Team A,21.76,40.74,314.00,42.40,7.05,98.82,6.69,133.10,88.63,95.10,Pass,0,No,0,None,None
B001863,AED,Line 1,02-Jun-2024,2024,Team B,21.52,41.36,346.00,44.40,6.51,98.91,6.96,148.70,90.95,93.77,Pass,0,No,0,None,None
B002100,Antidepressant,Line 3,28-Apr-2025,2025,Team B,23.04,46.66,295.00,38.70,7.09,98.99,6.87,133.20,88.31,93.77,Pass,0,No,0,None,None
B002300,COX-2 Inhibitor,Line 1,16-Apr-2025,2025,Team C,22.16,52.38,326.00,34.40,7.06,99.53,7.01,127.90,89.60,95.10,Pass,0,No,0,None,None
B000616,COX-2 Inhibitor,Line 3,05-Sep-2024,2024,Team D,21.14,42.51,326.00,44.20,6.73,99.15,6.71,137.30,87.21,95.11,Pass,0,No,0,None,None
B000028,Antidepressant,Line 3,25-May-2025,2025,Team C,21.06,49.64,343.00,42.70,7.77,98.85,6.88,118.30,89.32,93.76,Pass,0,No,0,None,None
B001172,COX-2 Inhibitor,Line 3,21-Aug-2025,2025,Team B,22.29,40.66,301.00,38.00,7.10,99.13,6.77,125.90,90.40,95.11,Pass,0,No,0,None,None
B000224,AED,Line 3,26-Jun-2025,2025,Team B,22.29,30.72,276.00,37.80,6.81,98.92,6.80,145.00,89.13,93.76,Pass,0,No,0,None,None
B000663,Antidepressant,Line 3,22-Nov-2024,2024,Team A,23.56,41.10,318.00,38.50,7.44,99.12,6.67,118.60,85.63,93.76,Pass,0,No,0,None,None
B000962,GLP-1 Agonist,Line 1,18-Oct-2024,2024,Team D,22.64,43.52,288.00,49.50,8.02,99.00,7.20,144.70,81.48,93.76,Pass,0,No,0,None,None
B002333,AED,Line 1,04-Nov-2024,2024,Team B,21.57,,319.00,37.60,6.69,99.23,6.90,115.90,91.13,93.76,Pass,0,No,0,None,None
B000474,Antidepressant,Line 2,23-Jun-2025,2025,Team B,20.94,8.00,320.00,45.80,7.18,,6.66,123.70,86.73,93.75,Pass,0,No,0,None,None
B000919,GLP-1 Agonist,Line 2,21-Aug-2024,2024,Team A,20.97,52.95,321.00,48.40,8.30,99.04,7.22,133.30,86.91,93.75,Pass,0,No,0,None,None
B002701,COX-2 Inhibitor,Line 3,19-Jul-2024,2024,Team A,23.14,35.69,368.00,39.10,6.27,98.74,6.64,130.30,91.44,95.12,Pass,0,No,0,None,None
B001398,AED,Line 3,23-Nov-2024,2024,Team C,20.90,47.34,309.00,42.00,8.15,98.65,6.93,109.80,88.75,93.75,Pass,0,Yes,1,Process,Major
B001600,Antidepressant,Line 2,08-Sep-2024,2024,Team A,22.59,37.86,324.00,55.00,7.41,98.85,6.50,145.40,86.83,93.75,Pass,0,No,0,None,None
B001784,Antidepressant,Line 2,13-Nov-2024,2024,Team B,22.11,34.83,308.00,38.90,6.89,99.07,6.83,127.50,88.74,93.75,Pass,0,No,0,None,None
B001786,AED,Line 3,23-Nov-2024,2024,Team A,21.46,43.46,328.00,43.00,7.79,98.98,6.95,128.10,83.14,93.75,Pass,0,No,0,None,None
B001923,GLP-1 Agonist,Line 1,13-Dec-2024,2024,Team B,22.26,41.51,284.00,37.40,7.64,98.96,6.91,121.20,93.79,93.75,Pass,0,No,0,None,None
B000286,GLP-1 Agonist,Line 2,27-Aug-2024,2024,Team A,21.18,51.38,304.00,53.30,7.61,98.76,7.21,,84.27,93.74,Pass,0,No,0,None,None
B000878,GLP-1 Agonist,Line 3,06-Jun-2024,2024,Team D,22.21,34.94,334.00,51.70,8.43,98.97,6.81,134.90,84.51,93.74,Pass,0,No,0,None,None
B000013,COX-2 Inhibitor,Line 3,21-Sep-2024,2024,Team C,22.36,39.74,355.00,44.00,7.11,99.09,6.53,115.10,85.62,95.13,Pass,0,No,0,None,None
B001706,AED,Line 1,13-Aug-2025,2025,Team C,21.43,33.87,334.00,36.10,6.57,99.04,6.73,,88.70,93.74,Pass,0,No,0,None,None
B001906,GLP-1 Agonist,Line 2,21-Apr-2024,2024,Team A,22.25,31.44,340.00,54.30,8.62,98.67,6.91,139.20,88.87,93.74,Pass,0,No,0,None,None
B002080,Antidepressant,Line 3,06-Jul-2024,2024,Team D,20.60,40.08,337.00,41.90,7.23,98.99,6.80,131.50,86.23,93.74,Pass,0,No,0,None,None
B002943,AED,Line 1,17-Sep-2025,2025,Team D,,56.03,300.00,47.00,7.57,98.55,7.32,124.80,88.35,93.74,Pass,0,No,0,None,None
B000381,COX-2 Inhibitor,Line 1,02-Feb-2024,2024,Team A,21.71,47.44,311.00,46.10,7.18,99.11,6.75,124.40,88.47,95.13,Pass,0,Yes,1,Process,Minor
B001564,AED,Line 3,09-Mar-2025,2025,Team B,21.40,35.42,300.00,51.30,7.89,99.14,6.69,139.10,,93.73,Pass,0,No,0,None,None
B001898,Antidepressant,Line 2,21-Mar-2024,2024,Team C,21.65,47.99,358.00,44.60,6.91,99.23,6.98,123.20,89.48,93.73,Pass,0,Yes,1,Documentation,Minor
B001948,AED,Line 3,19-Jan-2024,2024,Team D,20.70,39.48,335.00,48.40,7.22,99.17,6.86,133.90,85.38,93.73,Pass,0,No,0,None,None
B002372,GLP-1 Agonist,Line 3,03-Apr-2024,2024,Team B,23.90,44.63,322.00,48.80,8.02,98.64,7.09,144.20,86.47,93.73,Pass,0,No,0,None,None
B002412,AED,Line 3,03-Nov-2024,2024,Team B,21.48,40.61,308.00,47.90,7.57,99.02,7.03,128.00,92.27,93.73,Pass,0,No,0,None,None
B002635,GLP-1 Agonist,Line 1,05-Feb-2025,2025,Team A,21.70,36.60,333.00,46.20,7.17,99.12,6.83,136.10,83.08,93.73,Pass,0,No,0,None,None
B000617,COX-2 Inhibitor,Line 2,02-Aug-2024,2024,Team A,22.33,42.89,320.00,46.20,7.11,99.26,6.86,122.80,85.56,95.14,Pass,0,No,0,None,None
B002992,AED,Line 3,13-Nov-2025,2025,Team C,20.57,39.37,307.00,45.80,7.82,98.59,6.90,128.60,86.30,93.73,Pass,0,No,0,None,None
B001573,COX-2 Inhibitor,Line 1,15-Apr-2024,2024,Team A,21.86,43.81,353.00,38.10,7.50,99.21,6.91,106.00,88.94,95.14,Pass,0,No,0,None,None
B001804,COX-2 Inhibitor,Line 2,03-May-2024,2024,Team C,22.93,52.93,352.00,32.90,7.74,99.54,6.76,121.00,91.49,95.14,Pass,0,No,0,None,None
B000702,GLP-1 Agonist,Line 1,03-Feb-2025,2025,Team D,21.49,36.64,294.00,48.80,7.79,98.73,6.89,157.80,85.44,93.72,Pass,0,No,0,None,None
B000971,Antidepressant,Line 3,06-Jul-2025,2025,Team C,22.77,43.22,342.00,47.60,7.39,98.51,6.79,145.70,85.25,93.72,Pass,0,No,0,None,None
B001589,GLP-1 Agonist,Line 2,26-Nov-2024,2024,Team A,22.18,36.71,285.00,52.30,7.62,99.15,6.86,129.40,85.66,93.72,Pass,0,No,0,None,None
B001760,AED,Line 3,05-Nov-2024,2024,Team A,20.83,42.79,322.00,38.40,6.83,98.75,6.84,134.80,89.12,93.72,Pass,0,No,0,None,None
B002364,AED,Line 3,20-Mar-2025,2025,Team B,22.10,34.39,322.00,54.00,8.13,98.82,6.93,138.20,82.30,93.72,Pass,0,No,0,None,None
B001057,AED,Line 1,31-Aug-2024,2024,Team A,22.79,44.81,292.00,49.40,7.26,99.15,6.83,123.00,82.54,93.71,Pass,0,No,0,None,None
B002207,COX-2 Inhibitor,Line 1,19-Sep-2024,2024,Team D,23.73,44.20,348.00,33.50,5.70,99.39,6.70,104.00,,95.14,Pass,0,No,0,None,None
B001709,AED,Line 1,17-Jan-2025,2025,Team B,23.38,47.89,319.00,41.40,8.01,98.95,6.83,119.80,87.25,93.71,Pass,0,No,0,None,None
B002379,Antidepressant,Line 1,06-Mar-2024,2024,Team C,22.04,48.16,331.00,34.90,7.01,99.06,7.01,122.70,89.92,93.71,Pass,0,Yes,1,Environmental,Major
B001848,COX-2 Inhibitor,Line 2,07-Dec-2025,2025,Team C,23.83,48.24,327.00,31.90,5.81,99.29,6.96,120.70,92.15,95.18,Pass,0,No,0,None,None
B001591,Antidepressant,Line 1,02-Aug-2025,2025,Team A,20.82,42.98,333.00,48.30,7.36,99.07,6.87,126.80,84.28,93.70,Pass,0,No,0,None,None
B001919,COX-2 Inhibitor,Line 3,28-May-2025,2025,Team A,22.91,48.32,347.00,40.20,6.31,99.07,6.74,116.20,88.53,95.18,Pass,0,No,0,None,None
B001879,GLP-1 Agonist,Line 2,16-May-2024,2024,Team D,22.88,48.13,282.00,53.90,8.30,98.61,7.21,151.60,83.33,93.70,Pass,0,No,0,None,None
B002313,GLP-1 Agonist,Line 2,20-Apr-2024,2024,Team B,21.03,35.89,300.00,50.70,6.88,98.95,6.90,136.40,80.43,93.70,Pass,0,No,0,None,None
B000231,Antidepressant,Line 2,01-Oct-2025,2025,Team A,22.31,43.17,295.00,48.30,6.18,98.07,6.67,138.30,87.50,93.69,Pass,0,No,0,None,None
B000456,Antidepressant,Line 3,13-Jul-2024,2024,Team B,21.63,48.16,283.00,39.30,7.26,99.06,6.80,131.10,88.20,93.69,Pass,0,No,0,None,None
B000670,GLP-1 Agonist,Line 2,17-Mar-2025,2025,Team C,22.72,35.52,276.00,48.90,8.19,99.02,6.75,143.90,88.53,93.69,Pass,0,No,0,None,None
B000854,AED,Line 2,15-May-2024,2024,Team A,22.18,42.91,331.00,51.10,7.52,98.38,7.04,140.10,81.65,93.69,Pass,0,Yes,1,Documentation,Minor
B001666,AED,Line 2,28-Feb-2024,2024,Team B,21.42,43.06,296.00,43.60,7.21,99.24,6.99,127.60,84.36,93.69,Pass,0,No,0,None,None
B001836,Antidepressant,Line 3,18-Sep-2025,2025,Team C,23.23,41.83,310.00,45.90,6.92,98.79,6.79,130.60,87.59,93.69,Pass,0,No,0,None,None
B000104,AED,Line 3,05-May-2025,2025,Team C,22.33,49.87,311.00,39.20,7.33,98.47,7.07,137.20,87.44,93.68,Pass,0,No,0,None,None
B000851,Antidepressant,Line 2,28-Feb-2024,2024,Team D,22.01,40.69,309.00,30.70,6.87,99.62,6.94,121.70,87.55,93.68,Pass,0,No,0,None,None
B002808,COX-2 Inhibitor,Line 3,08-Sep-2024,2024,Team C,21.54,34.97,357.00,47.20,6.24,99.19,6.42,135.00,85.33,95.19,Pass,0,No,0,None,None
B001624,Antidepressant,Line 3,19-Aug-2024,2024,Team B,22.90,38.22,316.00,44.50,8.26,98.98,6.73,122.70,90.43,93.67,Pass,0,No,0,None,None
B002954,AED,Line 1,24-Jan-2024,2024,Team B,22.06,38.19,302.00,44.30,7.46,98.84,6.84,129.80,87.35,93.67,Pass,0,No,0,None,None
B000313,Antidepressant,Line 2,27-May-2024,2024,Team C,21.43,35.44,334.00,50.20,7.73,99.12,6.81,128.50,90.61,93.66,Pass,0,No,0,None,None
B000058,COX-2 Inhibitor,Line 1,06-Oct-2024,2024,Team D,20.68,35.78,335.00,37.10,7.10,99.35,6.55,111.50,88.42,95.21,Pass,0,No,0,None,None
B001020,GLP-1 Agonist,Line 3,05-Mar-2025,2025,Team C,20.27,35.15,283.00,54.30,9.18,99.47,6.79,128.20,85.34,93.66,Pass,0,No,0,None,None
B001180,Antidepressant,Line 3,15-Mar-2024,2024,Team C,22.78,33.97,326.00,41.70,7.66,99.44,6.62,136.20,88.25,93.66,Pass,0,No,0,None,None
B001283,GLP-1 Agonist,Line 2,06-Aug-2024,2024,Team C,21.77,36.97,322.00,43.60,7.62,98.66,6.77,147.10,89.84,93.66,Pass,0,No,0,None,None
B001590,Antidepressant,Line 3,18-May-2025,2025,Team C,20.98,55.15,344.00,49.70,8.27,98.70,6.94,136.70,84.80,93.66,Pass,0,No,0,None,None
B000542,COX-2 Inhibitor,Line 2,08-Feb-2024,2024,Team B,21.89,44.54,345.00,32.50,6.25,98.71,6.74,113.70,91.03,95.21,Pass,0,No,0,None,None
B002997,COX-2 Inhibitor,Line 2,20-Mar-2024,2024,Team C,21.21,54.06,301.00,43.20,6.97,99.20,6.71,148.50,87.02,95.21,Pass,0,No,0,None,None
B000414,AED,Line 1,12-May-2024,2024,Team B,23.15,35.02,344.00,36.70,6.82,99.04,6.79,117.40,88.28,93.65,Pass,0,No,0,None,None
B001501,COX-2 Inhibitor,Line 1,14-Jan-2025,2025,Team A,22.92,32.55,333.00,40.50,6.06,99.27,6.37,125.50,90.65,95.22,Pass,0,No,0,None,None
B002494,AED,Line 1,22-May-2025,2025,Team D,21.07,37.87,345.00,48.80,7.49,99.37,6.81,145.80,85.15,93.65,Pass,0,No,0,None,None
B000174,AED,Line 3,16-Apr-2024,2024,Team B,,42.25,300.00,43.90,7.99,98.90,7.00,150.10,87.85,93.64,Pass,0,No,0,None,None
B000768,Antidepressant,Line 1,01-Jun-2025,2025,Team D,21.89,42.52,325.00,44.60,6.65,99.49,6.61,133.00,88.13,93.64,Pass,0,No,0,None,None
B000712,COX-2 Inhibitor,Line 3,02-Aug-2025,2025,Team B,21.93,43.29,358.00,41.80,8.61,99.41,7.12,140.60,82.90,95.23,Pass,0,No,0,None,None
B001337,Antidepressant,Line 1,19-Oct-2025,2025,Team A,21.56,42.73,315.00,31.20,6.51,99.11,6.71,112.10,87.68,93.64,Pass,0,No,0,None,None
B001547,Antidepressant,Line 3,07-Jun-2025,2025,Team D,21.47,36.03,315.00,43.80,7.96,99.39,6.73,147.20,86.47,93.64,Pass,0,No,0,None,None
B001728,AED,Line 1,29-Sep-2024,2024,Team B,22.02,33.43,305.00,50.00,7.47,99.08,6.82,132.80,86.28,93.64,Pass,0,No,0,None,None
B002234,AED,Line 2,21-Feb-2025,2025,Team B,23.24,43.55,332.00,42.40,6.08,98.76,6.95,136.80,88.59,93.64,Pass,0,No,0,None,None
B002296,Antidepressant,Line 2,30-Jun-2024,2024,Team D,23.07,40.51,294.00,47.50,7.69,99.06,6.92,138.60,,93.64,Pass,0,No,0,None,None
B000225,GLP-1 Agonist,Line 1,13-Mar-2024,2024,Team B,22.61,34.32,328.00,46.50,8.23,98.84,6.79,144.40,86.39,93.63,Pass,0,No,0,None,None
B000232,GLP-1 Agonist,Line 1,14-Aug-2025,2025,Team D,21.64,39.90,298.00,48.80,7.98,98.91,7.21,120.80,80.71,93.63,Pass,0,No,0,None,None
B000457,AED,Line 3,05-Nov-2025,2025,Team A,21.63,41.87,325.00,46.90,7.87,99.08,7.07,144.00,84.42,93.63,Pass,0,No,0,None,None
B000486,GLP-1 Agonist,Line 3,19-Aug-2025,2025,Team A,22.33,41.06,321.00,49.20,8.06,99.25,7.07,138.30,85.48,93.63,Pass,0,No,0,None,None
B000544,AED,Line 1,08-Mar-2024,2024,Team A,21.45,46.74,290.00,54.50,7.07,98.50,7.08,158.90,84.60,93.63,Pass,0,No,0,None,None
B000425,COX-2 Inhibitor,Line 1,16-Jun-2025,2025,Team B,21.44,39.06,330.00,38.50,6.95,99.67,6.74,135.30,89.21,95.24,Pass,0,No,0,None,None
B000607,AED,Line 1,24-May-2025,2025,Team C,23.73,36.49,312.00,49.60,7.40,99.30,6.90,128.60,85.85,93.63,Pass,0,No,0,None,None
B001376,Antidepressant,Line 1,29-Oct-2024,2024,Team D,21.28,38.06,317.00,43.30,6.91,99.08,6.84,111.80,86.60,93.63,Pass,0,No,0,None,None
B001542,Antidepressant,Line 1,22-Dec-2024,2024,Team B,22.41,47.33,329.00,48.30,7.70,99.09,6.87,135.40,83.81,93.63,Pass,0,No,0,None,None
B001599,AED,Line 1,19-Mar-2024,2024,Team D,21.92,48.70,273.00,48.30,7.82,98.91,7.02,134.20,89.36,93.63,Pass,0,No,0,None,None
B001913,AED,Line 2,18-Aug-2024,2024,Team B,21.04,50.65,307.00,48.60,7.71,99.25,7.25,119.40,85.11,93.63,Pass,0,No,0,None,None
B002098,GLP-1 Agonist,Line 2,27-Jun-2025,2025,Team C,20.22,22.78,302.00,42.70,6.99,99.06,6.62,128.40,86.76,93.63,Pass,0,No,0,None,None
B002216,Antidepressant,Line 2,28-Jun-2025,2025,Team C,21.34,43.28,322.00,46.70,6.78,98.76,6.66,123.20,84.57,93.63,Pass,0,Yes,1,Process,Minor
B002504,AED,Line 2,29-Oct-2024,2024,Team C,21.33,50.04,348.00,44.10,6.12,99.36,6.93,137.60,88.42,93.63,Pass,0,No,0,None,None
B000253,GLP-1 Agonist,Line 1,02-May-2024,2024,Team C,20.63,41.59,272.00,46.90,7.74,98.85,7.02,149.40,88.41,93.62,Pass,0,No,0,None,None
B000687,GLP-1 Agonist,Line 2,29-Nov-2024,2024,Team B,20.52,35.23,270.00,53.00,8.51,98.55,6.87,135.10,89.00,93.62,Pass,0,No,0,None,None
B000609,COX-2 Inhibitor,Line 1,19-Mar-2024,2024,Team B,21.96,41.03,333.00,27.10,5.26,99.47,6.67,99.70,92.78,95.24,Pass,0,No,0,None,None
B000787,AED,Line 3,24-May-2025,2025,Team A,22.28,51.89,286.00,45.60,8.22,98.85,6.91,123.50,87.09,93.62,Pass,0,No,0,None,None
B001733,COX-2 Inhibitor,Line 2,24-Sep-2025,2025,Team B,22.78,42.88,352.00,35.40,6.38,99.19,6.51,130.40,91.04,95.24,Pass,0,No,0,None,None
B002464,COX-2 Inhibitor,Line 3,23-Jan-2025,2025,Team A,23.35,37.39,351.00,38.90,7.00,99.30,6.52,125.80,91.77,95.25,Pass,0,No,0,None,None
B002759,COX-2 Inhibitor,Line 1,07-Sep-2024,2024,Team B,21.94,43.76,350.00,34.40,6.63,98.71,6.53,117.40,88.98,95.25,Pass,0,No,0,None,None
B000331,COX-2 Inhibitor,Line 3,18-Mar-2025,2025,Team D,22.80,45.01,337.00,38.60,6.77,99.26,,129.70,85.52,95.26,Pass,0,No,0,None,None
B002481,GLP-1 Agonist,Line 1,22-Oct-2024,2024,Team D,22.01,45.31,288.00,53.70,8.37,98.83,7.03,160.80,87.03,93.62,Pass,0,No,0,None,None
B000300,COX-2 Inhibitor,Line 1,26-May-2025,2025,Team C,21.32,34.98,342.00,40.30,6.93,99.31,6.78,131.00,89.73,95.29,Pass,0,No,0,None,None
B000409,Antidepressant,Line 2,24-Jan-2024,2024,Team B,23.62,42.43,331.00,37.50,7.20,99.03,6.88,130.80,89.85,93.61,Pass,0,No,0,None,None
B000215,COX-2 Inhibitor,Line 1,12-Apr-2024,2024,Team A,23.39,43.91,347.00,36.90,6.78,99.10,6.62,115.00,93.50,95.32,Pass,0,No,0,None,None
B001082,AED,Line 1,04-May-2024,2024,Team D,21.97,53.46,293.00,46.70,7.48,98.81,6.93,124.40,83.01,93.61,Pass,0,No,0,None,None
B001912,Antidepressant,Line 2,27-Feb-2024,2024,Team B,21.28,35.11,340.00,45.80,6.62,99.50,6.55,129.20,84.43,93.61,Pass,0,No,0,None,None
B002926,COX-2 Inhibitor,Line 1,31-May-2025,2025,Team A,22.09,43.08,354.00,41.30,5.75,99.57,6.66,134.70,89.95,95.32,Pass,0,No,0,None,None
B000147,GLP-1 Agonist,Line 3,06-Jun-2024,2024,Team A,20.27,37.69,296.00,44.70,7.31,99.08,6.89,145.60,88.33,93.60,Pass,0,No,0,None,None
B000571,GLP-1 Agonist,Line 3,18-Sep-2025,2025,Team A,21.23,40.92,317.00,44.30,8.61,98.95,6.89,141.90,87.61,93.60,Pass,0,No,0,None,None
B000721,GLP-1 Agonist,Line 2,04-Jul-2025,2025,Team C,21.73,48.58,294.00,52.00,8.20,99.06,7.11,156.00,83.79,93.60,Pass,0,No,0,None,None
B001003,Antidepressant,Line 3,29-Jan-2024,2024,Team A,20.63,44.36,308.00,42.50,7.94,98.86,6.89,140.70,86.77,93.60,Pass,0,No,0,None,None
B001142,AED,Line 2,06-Nov-2024,2024,Team C,22.28,40.85,314.00,46.50,7.48,99.39,6.80,142.10,86.27,93.60,Pass,0,No,0,None,None
B001305,AED,Line 1,16-May-2025,2025,Team C,22.38,50.80,315.00,41.00,7.37,98.92,7.24,121.20,87.74,93.60,Pass,0,No,0,None,None
B001710,GLP-1 Agonist,Line 2,19-Jan-2025,2025,Team A,20.12,42.41,274.00,52.50,7.47,99.27,7.12,136.30,86.29,93.60,Pass,0,No,0,None,None
B002048,GLP-1 Agonist,Line 3,30-Oct-2024,2024,Team B,22.09,31.87,301.00,48.40,8.33,98.95,6.62,128.80,85.74,93.60,Pass,0,No,0,None,None
B002225,AED,Line 2,29-May-2025,2025,Team C,22.97,45.18,328.00,46.50,7.34,98.84,7.17,153.10,84.52,93.60,Pass,0,No,0,None,None
B002833,GLP-1 Agonist,Line 1,30-May-2025,2025,Team B,20.51,35.58,303.00,43.50,8.80,98.92,7.00,151.30,87.07,93.60,Pass,0,No,0,None,None
B000068,GLP-1 Agonist,Line 1,03-Feb-2024,2024,Team A,22.21,40.59,318.00,38.00,6.89,98.83,7.10,124.50,86.71,93.59,Pass,0,No,0,None,None
B000424,Antidepressant,Line 2,23-Jul-2025,2025,Team C,22.90,42.59,319.00,46.40,6.75,98.76,6.73,,89.77,93.59,Pass,0,No,0,None,None
B000691,GLP-1 Agonist,Line 1,03-Jan-2024,2024,Team D,21.30,42.20,303.00,34.10,7.24,99.05,7.08,125.50,88.51,93.59,Pass,0,No,0,None,None
B000446,COX-2 Inhibitor,Line 1,11-Feb-2024,2024,Team C,22.50,40.54,346.00,35.30,6.47,99.85,6.45,113.50,88.10,95.36,Pass,0,No,0,None,None
B001933,COX-2 Inhibitor,Line 3,17-Jan-2024,2024,Team A,22.81,49.31,327.00,37.00,6.97,99.34,6.81,130.70,87.30,95.37,Pass,0,No,0,None,None
B001937,GLP-1 Agonist,Line 2,17-May-2025,2025,Team C,21.64,49.32,308.00,45.80,7.93,99.08,7.11,145.30,86.30,93.59,Pass,0,No,0,None,None
B000674,COX-2 Inhibitor,Line 2,09-Jul-2024,2024,Team B,23.81,56.42,348.00,39.70,6.89,99.19,6.99,126.10,96.58,95.38,Pass,0,No,0,None,None
B002648,AED,Line 1,23-Jun-2025,2025,Team D,21.70,44.53,307.00,49.60,7.96,99.43,6.98,143.40,89.72,93.59,Pass,0,No,0,None,None
B002820,AED,Line 2,20-Jun-2024,2024,Team A,22.30,41.35,331.00,48.50,7.55,99.30,6.84,132.90,82.89,93.59,Pass,0,No,0,None,None
B000648,GLP-1 Agonist,Line 2,03-Jul-2024,2024,Team A,21.21,37.18,309.00,55.80,8.37,98.72,6.85,146.80,83.31,93.58,Pass,0,No,0,None,None
B000722,GLP-1 Agonist,Line 2,24-Mar-2025,2025,Team B,20.71,42.64,309.00,42.60,7.19,98.87,7.22,133.60,87.72,93.58,Pass,0,No,0,None,None
B000887,GLP-1 Agonist,Line 3,02-Jun-2024,2024,Team D,21.82,45.13,307.00,50.70,8.45,98.47,6.89,149.50,82.23,93.58,Pass,0,No,0,None,None
B000999,AED,Line 1,30-Apr-2025,2025,Team A,22.55,44.80,301.00,45.90,6.77,99.17,6.90,112.60,86.73,93.58,Pass,0,No,0,None,None
B001167,AED,Line 1,18-Apr-2025,2025,Team A,22.28,49.66,326.00,47.50,7.65,98.52,6.95,119.90,84.72,93.58,Pass,0,No,0,None,None
B001393,Antidepressant,Line 2,14-Jun-2025,2025,Team C,22.80,38.45,315.00,41.30,7.17,98.92,6.59,136.90,91.79,93.58,Pass,0,No,0,None,None
B000030,COX-2 Inhibitor,Line 2,07-Jun-2025,2025,Team A,21.38,45.14,330.00,40.00,6.74,99.40,6.43,121.00,86.72,95.39,Pass,0,No,0,None,None
B002166,Antidepressant,Line 3,25-Jan-2025,2025,Team D,23.20,42.05,304.00,46.20,7.17,99.04,6.80,137.70,,93.58,Pass,0,No,0,None,None
B002854,GLP-1 Agonist,Line 1,01-Jul-2025,2025,Team D,19.34,48.86,301.00,50.40,8.63,99.23,7.12,147.90,84.11,93.58,Pass,0,No,0,None,None
B002915,GLP-1 Agonist,Line 1,17-Jul-2025,2025,Team C,21.89,38.77,304.00,46.70,7.99,99.10,6.83,141.60,82.54,93.58,Pass,0,No,0,None,None
B002971,GLP-1 Agonist,Line 2,14-Dec-2025,2025,Team A,22.23,45.83,312.00,50.60,7.68,98.28,7.15,139.40,83.63,93.58,Pass,0,No,0,None,None
B000043,COX-2 Inhibitor,Line 3,30-Jan-2025,2025,Team C,21.63,46.48,385.00,35.00,6.82,99.13,7.05,108.10,91.12,95.39,Pass,0,No,0,None,None
B001961,COX-2 Inhibitor,Line 1,17-Mar-2024,2024,Team C,22.25,44.45,296.00,43.40,7.56,98.87,6.70,113.50,92.16,95.39,Pass,0,Yes,1,Environmental,Minor
B000018,Antidepressant,Line 1,30-Mar-2025,2025,Team D,21.80,34.38,334.00,30.70,7.41,99.09,6.69,115.90,,93.56,Pass,0,No,0,None,None
B000268,Antidepressant,Line 3,25-Feb-2025,2025,Team B,21.45,41.09,332.00,49.80,7.58,99.68,6.99,118.40,89.14,93.56,Pass,0,No,0,None,None
B000423,Antidepressant,Line 2,27-Sep-2024,2024,Team B,22.65,37.05,309.00,37.10,6.68,99.30,6.76,120.90,88.87,93.56,Pass,0,No,0,None,None
B002634,COX-2 Inhibitor,Line 1,23-Sep-2025,2025,Team D,21.48,42.79,331.00,37.40,7.32,99.02,6.81,120.20,84.72,95.40,Pass,0,No,0,None,None
B002830,COX-2 Inhibitor,Line 3,11-Nov-2024,2024,Team C,22.55,42.00,352.00,38.80,7.46,98.81,6.72,112.50,89.80,95.41,Pass,0,No,0,None,None
B001132,GLP-1 Agonist,Line 2,24-Apr-2024,2024,Team C,22.99,24.86,275.00,46.80,6.92,99.23,6.62,127.40,84.35,93.56,Pass,0,No,0,None,None
B001149,GLP-1 Agonist,Line 2,06-Aug-2025,2025,Team B,21.35,44.38,333.00,49.30,7.80,99.17,6.98,131.10,83.65,93.56,Pass,0,No,0,None,None
B001288,GLP-1 Agonist,Line 1,04-Sep-2024,2024,Team B,22.65,38.54,267.00,50.50,6.76,98.77,6.98,,92.05,93.56,Pass,0,No,0,None,None
B001506,GLP-1 Agonist,Line 2,18-Jun-2025,2025,Team D,21.94,39.18,288.00,47.80,7.45,99.43,7.03,131.90,86.22,93.56,Pass,0,No,0,None,None
B001947,Antidepressant,Line 2,02-Aug-2025,2025,Team D,22.11,35.75,337.00,37.00,6.71,98.97,6.60,131.10,,93.56,Pass,0,No,0,None,None
B002005,Antidepressant,Line 1,03-Aug-2025,2025,Team C,23.40,44.76,296.00,38.30,7.39,98.71,6.88,119.20,83.10,93.56,Pass,0,No,0,None,None
B002231,GLP-1 Agonist,Line 3,29-Nov-2025,2025,Team C,22.33,41.82,312.00,55.00,8.46,98.93,7.01,135.40,83.82,93.56,Pass,0,No,0,None,None
B000032,AED,Line 1,09-Jan-2025,2025,Team A,22.11,43.05,291.00,40.40,7.29,98.68,6.90,140.90,84.69,93.55,Pass,0,No,0,None,None
B000075,Antidepressant,Line 3,02-Sep-2024,2024,Team A,23.54,45.03,310.00,36.20,7.35,99.14,,123.70,87.24,93.55,Pass,0,No,0,None,None
B000291,AED,Line 2,02-Mar-2024,2024,Team C,21.25,42.16,299.00,42.50,7.70,98.51,6.94,145.00,86.83,93.55,Pass,0,No,0,None,None
B000631,AED,Line 1,02-Feb-2025,2025,Team A,21.18,33.35,351.00,38.70,7.18,99.10,6.73,121.70,89.53,93.55,Pass,0,No,0,None,None
B000703,Antidepressant,Line 2,14-May-2025,2025,Team C,20.63,44.48,326.00,40.20,6.58,99.30,6.87,124.90,92.70,93.55,Pass,0,No,0,None,None
B001523,AED,Line 3,02-Feb-2024,2024,Team B,21.61,38.13,296.00,48.20,6.92,98.47,6.69,139.40,87.48,93.55,Pass,0,No,0,None,None
B000433,COX-2 Inhibitor,Line 3,20-Jan-2024,2024,Team C,22.66,43.64,336.00,37.00,6.65,99.17,6.66,115.80,89.89,95.43,Pass,0,No,0,None,None
B002848,Antidepressant,Line 1,08-Sep-2024,2024,Team B,20.62,46.09,329.00,38.50,6.92,98.62,6.85,120.70,92.37,93.55,Pass,0,No,0,None,None
B000053,AED,Line 2,22-Feb-2025,2025,Team D,21.37,39.90,286.00,35.50,7.49,99.32,6.96,126.00,88.31,93.54,Pass,0,No,0,None,None
B000643,Antidepressant,Line 3,29-Mar-2025,2025,Team A,21.69,46.27,349.00,47.40,7.12,98.72,6.94,140.00,86.94,93.54,Pass,0,No,0,None,None
B001012,COX-2 Inhibitor,Line 1,28-May-2025,2025,Team A,21.49,49.70,307.00,33.30,5.84,99.46,6.93,127.20,92.09,95.46,Pass,0,No,0,None,None
B002671,COX-2 Inhibitor,Line 2,11-Sep-2024,2024,Team D,21.58,39.20,323.00,35.50,7.59,99.10,6.70,132.80,90.11,95.46,Pass,0,No,0,None,None
B001656,GLP-1 Agonist,Line 3,19-Feb-2025,2025,Team D,22.07,44.58,292.00,42.10,8.15,98.08,7.05,124.30,85.38,93.54,Pass,0,No,0,None,None
B000063,COX-2 Inhibitor,Line 1,13-Jul-2025,2025,Team A,21.61,38.50,344.00,36.80,6.08,99.10,6.63,140.90,91.06,95.47,Pass,0,No,0,None,None
B002210,Antidepressant,Line 1,29-Apr-2025,2025,Team B,22.50,42.49,306.00,47.50,7.15,99.10,6.65,135.60,83.27,93.54,Pass,0,No,0,None,None
B002480,AED,Line 3,12-Apr-2025,2025,Team D,22.39,45.94,311.00,56.50,8.11,99.26,6.95,129.00,86.78,93.54,Failed,1,No,0,None,None
B002687,Antidepressant,Line 1,17-Oct-2025,2025,Team A,22.30,44.65,285.00,52.50,7.64,98.99,6.94,132.10,86.66,93.54,Pass,0,No,0,None,None
B000533,GLP-1 Agonist,Line 2,03-Sep-2025,2025,Team A,20.44,40.06,293.00,51.60,9.06,99.33,7.08,134.90,,93.53,Pass,0,No,0,None,None
B001702,AED,Line 2,22-Oct-2025,2025,Team D,21.83,43.87,318.00,43.70,7.70,98.79,6.95,129.90,85.43,93.53,Pass,0,No,0,None,None
B001703,GLP-1 Agonist,Line 2,26-Oct-2024,2024,Team D,20.63,42.73,304.00,50.40,7.89,98.68,6.90,132.40,85.21,93.53,Failed,1,No,0,None,None
B002076,GLP-1 Agonist,Line 1,24-Nov-2025,2025,Team C,20.67,34.26,285.00,58.00,8.20,98.96,6.90,159.00,82.69,93.53,Pass,0,No,0,None,None
B000285,COX-2 Inhibitor,Line 1,09-Feb-2024,2024,Team D,22.07,46.92,367.00,40.00,6.84,99.05,6.81,118.30,88.01,95.47,Pass,0,No,0,None,None
B002527,AED,Line 1,21-Apr-2024,2024,Team A,19.90,43.37,315.00,42.20,6.84,98.99,6.76,122.20,87.90,93.53,Pass,0,No,0,None,None
B002558,Antidepressant,Line 1,25-Sep-2025,2025,Team C,21.74,43.58,285.00,45.70,7.17,99.19,7.03,127.60,86.19,93.53,Pass,0,No,0,None,None
B002913,GLP-1 Agonist,Line 2,06-Jun-2024,2024,Team C,20.68,45.03,282.00,44.80,8.75,98.85,7.09,121.20,85.24,93.53,Pass,0,No,0,None,None
B000949,AED,Line 3,30-Jun-2024,2024,Team C,21.43,52.69,302.00,51.10,8.00,99.17,7.12,125.70,86.30,93.52,Pass,0,No,0,None,None
B001526,Antidepressant,Line 2,27-Aug-2025,2025,Team D,21.37,32.62,327.00,49.20,6.66,99.15,6.72,129.30,89.20,93.52,Pass,0,No,0,None,None
B002513,Antidepressant,Line 2,28-May-2024,2024,Team B,22.30,45.96,316.00,42.60,7.20,98.99,6.95,125.90,89.08,93.52,Pass,0,No,0,None,None
B000864,COX-2 Inhibitor,Line 2,11-Feb-2025,2025,Team B,23.03,45.90,333.00,33.20,6.58,99.59,6.84,123.00,89.07,95.47,Pass,0,No,0,None,None
B000193,Antidepressant,Line 2,30-Apr-2025,2025,Team B,20.38,35.67,321.00,38.00,7.62,99.31,7.04,136.80,90.51,93.51,Pass,0,No,0,None,None
B000335,Antidepressant,Line 2,10-Dec-2024,2024,Team C,21.23,40.63,298.00,45.90,7.27,99.54,6.83,116.70,86.24,93.51,Pass,0,No,0,None,None
B000650,Antidepressant,Line 3,23-Dec-2025,2025,Team C,22.16,49.62,336.00,46.70,6.41,98.91,6.85,106.80,84.79,93.51,Pass,0,No,0,None,None
B000665,GLP-1 Agonist,Line 1,20-Sep-2024,2024,Team B,22.48,35.33,323.00,43.30,7.15,99.19,6.86,135.00,87.16,93.51,Pass,0,No,0,None,None
B000794,Antidepressant,Line 1,02-Mar-2025,2025,Team D,20.87,48.90,307.00,37.30,6.44,98.50,6.85,109.70,87.68,93.51,Pass,0,No,0,None,None
B001034,AED,Line 2,12-Jul-2025,2025,Team C,21.87,37.10,338.00,46.20,7.62,99.79,6.88,150.00,85.93,93.51,Pass,0,No,0,None,None
B001319,COX-2 Inhibitor,Line 3,10-Jul-2024,2024,Team B,22.21,33.91,381.00,39.70,6.27,99.13,6.65,118.00,89.37,95.47,Pass,0,No,0,None,None
B001404,GLP-1 Agonist,Line 1,18-Dec-2025,2025,Team C,21.84,39.76,271.00,51.10,7.38,99.48,7.11,140.60,83.74,93.51,Pass,0,No,0,None,None
B000333,COX-2 Inhibitor,Line 1,07-Aug-2025,2025,Team C,22.01,45.02,352.00,46.60,6.46,98.72,6.87,135.60,88.14,95.49,Pass,0,No,0,None,None
B001907,GLP-1 Agonist,Line 3,15-Jul-2024,2024,Team D,21.90,39.88,274.00,46.00,8.15,98.86,7.03,136.50,83.51,93.51,Pass,0,No,0,None,None
B000089,Antidepressant,Line 2,15-Dec-2024,2024,Team D,21.65,40.39,333.00,43.90,7.39,98.90,6.80,129.80,88.76,93.50,Pass,0,No,0,None,None
B000391,COX-2 Inhibitor,Line 1,07-Aug-2024,2024,Team A,21.25,33.34,357.00,35.10,7.07,98.93,6.32,112.90,89.35,95.49,Pass,0,No,0,None,None
B000181,AED,Line 3,29-Jan-2024,2024,Team C,22.04,45.16,311.00,52.60,7.94,99.12,7.11,149.30,82.55,93.50,Pass,0,No,0,None,None
B002497,COX-2 Inhibitor,Line 3,03-Jan-2024,2024,Team D,23.27,53.25,347.00,31.90,6.64,98.62,6.81,119.20,89.91,95.49,Pass,0,Yes,1,Equipment,Minor
B000825,AED,Line 3,24-May-2025,2025,Team C,22.76,48.43,303.00,49.70,7.53,98.76,6.79,110.90,85.38,93.50,Pass,0,No,0,None,None
B000872,Antidepressant,Line 1,11-Aug-2024,2024,Team B,22.10,42.82,307.00,40.60,7.28,99.05,6.89,130.20,90.46,93.50,Pass,0,No,0,None,None
B001075,AED,Line 1,02-Feb-2024,2024,Team D,22.28,53.93,320.00,57.20,7.08,99.07,7.23,133.90,84.87,93.50,Pass,0,No,0,None,None
B001203,AED,Line 1,21-Jun-2025,2025,Team D,21.40,44.72,300.00,48.30,7.89,99.00,6.82,137.90,87.35,93.50,Pass,0,No,0,None,None
B001260,AED,Line 1,17-Nov-2024,2024,Team C,22.19,47.87,296.00,45.70,6.95,98.68,6.94,141.30,89.18,93.50,Pass,0,No,0,None,None
B001606,Antidepressant,Line 1,09-Jun-2024,2024,Team B,21.62,36.67,288.00,33.90,6.36,98.98,6.79,108.00,87.17,93.50,Pass,0,No,0,None,None
B002605,Antidepressant,Line 2,24-Jun-2025,2025,Team A,22.17,44.98,318.00,49.10,7.88,99.04,6.92,151.60,87.00,93.50,Pass,0,No,0,None,None
B000277,GLP-1 Agonist,Line 2,08-Feb-2025,2025,Team D,22.18,32.27,319.00,54.50,8.87,99.34,6.80,151.60,86.30,93.49,Pass,0,No,0,None,None
B000869,Antidepressant,Line 2,07-Jul-2024,2024,Team C,21.75,37.26,325.00,35.60,6.87,98.89,6.69,109.60,86.87,93.49,Pass,0,No,0,None,None
B000985,Antidepressant,Line 2,14-Jul-2024,2024,Team B,21.84,39.47,304.00,51.60,7.34,98.80,6.66,135.80,84.61,93.49,Pass,0,No,0,None,None
B001497,AED,Line 2,30-Dec-2024,2024,Team D,22.76,44.43,330.00,46.60,7.94,98.74,6.78,126.60,91.72,93.49,Pass,0,No,0,None,None
B002314,Antidepressant,Line 2,16-May-2024,2024,Team D,22.01,43.21,312.00,37.90,7.87,99.70,6.81,110.10,87.88,93.49,Pass,0,No,0,None,None
B002771,Antidepressant,Line 3,25-Jul-2025,2025,Team A,22.96,38.30,323.00,34.00,7.73,99.33,6.79,116.70,,93.49,Pass,0,Yes,1,Process,Minor
B000528,AED,Line 1,24-Jul-2024,2024,Team C,21.37,43.07,316.00,41.80,6.57,98.92,6.96,132.70,88.79,93.48,Pass,0,No,0,None,None
B000696,GLP-1 Agonist,Line 2,28-Jul-2024,2024,Team C,21.90,38.88,313.00,48.90,7.64,98.55,7.08,139.20,85.28,93.48,Pass,0,No,0,None,None
B000891,GLP-1 Agonist,Line 1,08-Apr-2024,2024,Team A,21.37,46.76,307.00,48.80,8.65,98.92,7.13,145.00,86.80,93.48,Pass,0,No,0,None,None
B001759,AED,Line 1,10-Oct-2024,2024,Team D,21.02,41.04,346.00,39.00,6.90,99.20,6.94,131.60,90.93,93.48,Pass,0,No,0,None,None
B002170,GLP-1 Agonist,Line 1,12-Sep-2025,2025,Team C,21.55,39.11,333.00,58.60,8.14,98.46,7.13,150.10,80.11,93.48,Pass,0,No,0,None,None
B002525,AED,Line 1,17-Aug-2025,2025,Team D,20.80,42.83,286.00,41.00,8.39,99.45,6.81,126.10,88.12,93.48,Pass,0,No,0,None,None
B002272,COX-2 Inhibitor,Line 3,15-Dec-2024,2024,Team C,22.45,43.23,370.00,33.70,7.38,99.44,6.71,122.80,87.59,95.50,Pass,0,No,0,None,None
B002953,Antidepressant,Line 2,01-Mar-2024,2024,Team A,22.11,44.04,332.00,48.90,6.86,98.85,6.68,135.90,88.74,93.48,Pass,0,Yes,1,Process,Minor
B001739,GLP-1 Agonist,Line 1,15-Aug-2024,2024,Team C,21.58,42.67,263.00,49.20,8.32,99.08,6.93,144.00,86.95,93.47,Pass,0,No,0,None,None
B000761,COX-2 Inhibitor,Line 3,02-Apr-2024,2024,Team C,22.95,39.31,329.00,43.20,6.90,99.32,6.96,124.60,87.74,95.51,Failed,1,No,0,None,None
B002838,Antidepressant,Line 2,26-Sep-2025,2025,Team B,21.83,52.67,286.00,39.50,6.47,99.35,6.96,127.40,87.26,93.47,Pass,0,Yes,1,Material,Minor
B000831,COX-2 Inhibitor,Line 2,26-Jul-2025,2025,Team D,22.09,45.94,359.00,42.10,6.31,99.35,6.69,123.30,85.04,95.51,Pass,0,No,0,None,None
B000911,COX-2 Inhibitor,Line 2,18-Aug-2025,2025,Team D,22.10,48.12,340.00,39.30,6.29,99.14,6.82,114.30,91.92,95.52,Pass,0,No,0,None,None
B001340,GLP-1 Agonist,Line 3,14-Oct-2024,2024,Team D,22.54,39.91,276.00,52.40,8.56,98.81,6.88,163.30,,93.46,Pass,0,No,0,None,None
B001442,Antidepressant,Line 1,15-Aug-2024,2024,Team B,22.06,43.93,312.00,48.10,6.75,99.17,6.77,129.70,88.99,93.46,Pass,0,No,0,None,None
B002932,Antidepressant,Line 1,02-May-2024,2024,Team A,21.70,46.32,306.00,51.10,7.81,99.25,6.86,135.80,87.54,93.46,Pass,0,No,0,None,None
B000098,Antidepressant,Line 2,23-Mar-2024,2024,Team B,21.59,37.79,324.00,48.70,7.23,99.10,6.82,126.70,86.28,93.45,Pass,0,No,0,None,None
B000569,GLP-1 Agonist,Line 3,06-Jul-2024,2024,Team D,,42.50,262.00,45.00,8.38,98.90,7.10,135.60,82.67,93.45,Pass,0,No,0,None,None
B001400,GLP-1 Agonist,Line 3,28-May-2024,2024,Team C,21.49,44.51,345.00,50.00,7.54,98.37,7.18,136.10,85.22,93.45,Failed,1,No,0,None,None
B002023,Antidepressant,Line 3,25-Jul-2024,2024,Team D,21.89,44.85,318.00,43.30,7.75,99.03,6.81,107.10,85.30,93.45,Pass,0,No,0,None,None
B002704,AED,Line 3,19-Apr-2024,2024,Team A,21.42,33.63,309.00,33.20,6.44,98.86,6.66,125.60,89.16,93.45,Pass,0,No,0,None,None
B002947,GLP-1 Agonist,Line 1,10-Sep-2025,2025,Team D,22.06,50.96,309.00,50.30,8.06,99.30,7.27,145.20,83.01,93.45,Pass,0,No,0,None,None
B000255,Antidepressant,Line 1,27-Jan-2025,2025,Team D,22.07,36.71,327.00,39.10,6.89,99.15,6.81,133.20,87.09,93.44,Pass,0,No,0,None,None
B000764,Antidepressant,Line 1,22-Jan-2024,2024,Team D,21.65,52.15,332.00,40.80,8.02,99.13,6.89,141.70,89.58,93.44,Pass,0,No,0,None,None
B000808,Antidepressant,Line 2,29-Apr-2025,2025,Team C,21.67,37.92,329.00,37.50,7.49,98.68,6.60,121.10,,93.44,Pass,0,No,0,None,None
B000926,Antidepressant,Line 2,20-May-2025,2025,Team C,22.63,37.70,328.00,33.10,6.18,99.04,6.76,124.90,88.65,93.44,Pass,0,No,0,None,None
B001839,COX-2 Inhibitor,Line 1,12-Feb-2024,2024,Team C,21.61,42.90,321.00,36.90,6.43,99.28,6.59,120.70,89.69,95.54,Pass,0,No,0,None,None
B001460,GLP-1 Agonist,Line 3,24-Apr-2025,2025,Team C,22.00,46.10,318.00,49.10,8.22,99.18,6.86,140.90,83.89,93.44,Pass,0,No,0,None,None
B001730,GLP-1 Agonist,Line 2,08-Feb-2025,2025,Team C,22.28,47.79,323.00,45.60,7.77,99.33,7.21,128.20,,93.44,Pass,0,No,0,None,None
B002003,AED,Line 3,17-Sep-2025,2025,Team A,21.85,46.66,320.00,45.50,8.32,98.93,7.00,143.50,84.15,93.44,Pass,0,No,0,None,None
B002351,Antidepressant,Line 3,11-Dec-2024,2024,Team A,21.72,45.86,332.00,46.40,7.02,99.04,6.98,126.20,86.89,93.44,Pass,0,No,0,None,None
B000553,Antidepressant,Line 2,24-Nov-2024,2024,Team C,21.84,45.98,294.00,32.50,6.96,99.32,6.88,117.80,88.22,93.43,Pass,0,No,0,None,None
B000587,Antidepressant,Line 2,10-Aug-2025,2025,Team D,21.49,46.74,313.00,43.30,6.42,98.71,6.86,135.40,85.66,93.43,Pass,0,No,0,None,None
B001457,Antidepressant,Line 1,17-Jan-2024,2024,Team A,22.02,43.13,314.00,48.50,6.98,98.98,6.74,127.70,89.25,93.43,Pass,0,No,0,None,None
B001748,GLP-1 Agonist,Line 2,23-Oct-2024,2024,Team B,21.38,36.50,283.00,47.30,8.33,98.66,6.91,156.10,86.73,93.43,Pass,0,No,0,None,None
B001830,GLP-1 Agonist,Line 3,05-Mar-2024,2024,Team C,21.72,46.02,308.00,52.80,8.19,98.96,7.00,149.50,84.42,93.43,Pass,0,No,0,None,None
B002549,GLP-1 Agonist,Line 3,29-Feb-2024,2024,Team D,21.34,41.00,302.00,46.00,8.14,99.16,6.76,140.40,83.68,93.43,Failed,1,No,0,None,None
B000132,AED,Line 3,08-Oct-2025,2025,Team D,22.26,39.50,311.00,50.50,7.24,98.68,7.07,134.50,,93.42,Pass,0,No,0,None,None
B000303,GLP-1 Agonist,Line 1,07-Sep-2025,2025,Team B,22.31,37.23,287.00,50.80,8.54,99.13,6.95,131.10,88.62,93.42,Pass,0,No,0,None,None
B000472,GLP-1 Agonist,Line 2,16-Oct-2024,2024,Team A,21.53,40.12,290.00,48.10,7.39,98.66,6.88,133.00,87.47,93.42,Pass,0,No,0,None,None
B000857,COX-2 Inhibitor,Line 3,09-Jun-2024,2024,Team A,21.53,44.78,351.00,32.40,6.38,99.28,6.91,125.00,93.01,95.55,Pass,0,No,0,None,None
B000928,AED,Line 3,03-Jun-2025,2025,Team B,,49.70,338.00,51.20,7.93,98.71,6.93,141.40,83.57,93.42,Pass,0,No,0,None,None
B001329,Antidepressant,Line 3,02-Nov-2025,2025,Team D,23.69,37.73,316.00,36.40,7.41,98.60,6.79,117.70,87.74,93.42,Pass,0,No,0,None,None
B001086,COX-2 Inhibitor,Line 3,06-Sep-2025,2025,Team D,21.16,,329.00,39.80,7.05,99.44,6.49,115.90,90.15,95.56,Pass,0,No,0,None,None
B002416,Antidepressant,Line 2,29-Jan-2024,2024,Team A,22.23,45.38,351.00,39.10,7.31,99.17,6.86,115.90,86.63,93.42,Pass,0,No,0,None,None
B000361,AED,Line 1,06-Oct-2024,2024,Team A,21.87,41.22,318.00,40.80,7.77,98.79,6.84,112.90,89.62,93.41,Pass,0,No,0,None,None
B001196,Antidepressant,Line 2,21-Jan-2025,2025,Team B,22.69,35.06,314.00,38.50,6.85,98.73,6.63,111.50,86.77,93.41,Pass,0,No,0,None,None
B002667,AED,Line 1,22-Feb-2025,2025,Team B,21.33,43.52,307.00,51.20,8.51,98.89,6.90,157.20,88.61,93.41,Pass,0,No,0,None,None
B001846,COX-2 Inhibitor,Line 1,24-Apr-2025,2025,Team B,21.94,52.64,331.00,38.10,7.05,98.83,6.87,110.60,89.58,95.56,Pass,0,No,0,None,None
B002750,Antidepressant,Line 3,17-Jan-2024,2024,Team C,23.12,37.16,316.00,47.20,7.26,99.25,6.59,116.90,89.61,93.41,Pass,0,No,0,None,None
B000563,AED,Line 3,27-May-2024,2024,Team C,21.51,37.64,310.00,41.80,7.75,99.03,6.86,126.30,85.84,93.40,Pass,0,No,0,None,None
B000683,Antidepressant,Line 2,19-Oct-2024,2024,Team D,22.13,42.11,324.00,48.20,7.99,99.02,6.60,135.40,87.84,93.40,Pass,0,No,0,None,None
B001037,GLP-1 Agonist,Line 1,05-Aug-2024,2024,Team D,20.49,30.82,290.00,60.20,7.54,99.13,6.68,134.30,84.60,93.40,Pass,0,No,0,None,None
B001130,AED,Line 3,17-Nov-2025,2025,Team B,23.18,39.85,313.00,44.90,7.10,98.92,6.85,133.60,88.43,93.40,Pass,0,No,0,None,None
B001210,GLP-1 Agonist,Line 1,26-May-2025,2025,Team C,21.36,42.73,265.00,51.50,7.80,99.19,6.94,147.80,86.45,93.40,Pass,0,No,0,None,None
B001502,AED,Line 2,15-Oct-2024,2024,Team A,22.42,37.83,328.00,43.30,7.47,98.85,6.93,129.00,88.23,93.40,Pass,0,No,0,None,None
B001602,Antidepressant,Line 3,30-May-2025,2025,Team B,21.85,44.58,330.00,35.80,7.81,98.70,7.04,125.20,89.12,93.40,Pass,0,No,0,None,None
B001646,GLP-1 Agonist,Line 3,16-Feb-2024,2024,Team B,21.00,31.30,321.00,44.70,8.31,99.49,7.06,144.10,90.33,93.40,Pass,0,No,0,None,None
B002777,COX-2 Inhibitor,Line 3,28-Aug-2025,2025,Team B,22.64,46.15,381.00,38.20,7.08,99.43,6.55,104.60,86.87,95.56,Pass,0,No,0,None,None
B000584,GLP-1 Agonist,Line 3,31-Dec-2024,2024,Team D,21.64,36.85,292.00,49.40,8.82,99.04,6.89,128.30,86.16,93.39,Pass,0,No,0,None,None
B000707,AED,Line 1,27-Oct-2025,2025,Team B,21.61,41.76,319.00,40.60,7.52,99.18,6.74,,89.45,93.39,Pass,0,No,0,None,None
B001651,Antidepressant,Line 3,07-Jul-2025,2025,Team B,22.47,49.48,328.00,41.30,7.64,99.11,6.70,127.00,86.64,93.39,Pass,0,No,0,None,None
B001900,Antidepressant,Line 3,02-Aug-2025,2025,Team D,21.55,38.25,324.00,37.90,7.37,98.72,6.59,117.50,89.93,93.39,Pass,0,No,0,None,None
B001954,AED,Line 3,03-Aug-2025,2025,Team D,22.30,43.40,314.00,44.00,7.33,98.65,,135.40,88.51,93.39,Pass,0,No,0,None,None
B002041,GLP-1 Agonist,Line 1,13-Dec-2024,2024,Team C,21.14,35.95,304.00,51.60,7.72,99.08,6.87,134.10,86.67,93.39,Pass,0,No,0,None,None
B002070,GLP-1 Agonist,Line 2,24-Jun-2025,2025,Team A,21.76,45.13,303.00,52.70,7.88,98.91,7.13,132.90,85.78,93.39,Pass,0,No,0,None,None
B002901,GLP-1 Agonist,Line 3,17-Jun-2024,2024,Team C,22.59,,314.00,45.00,8.02,98.75,6.85,139.20,86.74,93.39,Pass,0,No,0,None,None
B000293,AED,Line 2,09-Dec-2024,2024,Team B,21.59,41.91,331.00,47.60,7.25,98.74,7.04,145.60,83.88,93.38,Pass,0,No,0,None,None
B000392,Antidepressant,Line 3,03-Mar-2025,2025,Team B,21.66,34.63,341.00,44.80,7.10,99.18,6.70,109.20,86.21,93.38,Pass,0,No,0,None,None
B000667,AED,Line 1,28-Oct-2024,2024,Team B,21.48,38.33,323.00,43.60,7.02,99.88,6.81,134.20,89.48,93.38,Pass,0,No,0,None,None
B000889,Antidepressant,Line 3,05-Jan-2025,2025,Team D,20.97,36.29,311.00,39.60,7.40,99.20,6.62,128.00,85.90,93.38,Pass,0,No,0,None,None
B002928,COX-2 Inhibitor,Line 3,11-Feb-2025,2025,Team D,23.93,30.70,329.00,36.50,7.54,99.71,6.77,121.40,87.41,95.56,Pass,0,No,0,None,None
B000144,COX-2 Inhibitor,Line 1,25-Nov-2025,2025,Team A,22.25,40.31,337.00,31.00,7.00,99.19,6.69,114.50,89.50,95.58,Pass,0,No,0,None,None
B001511,Antidepressant,Line 2,04-Jul-2025,2025,Team D,22.50,56.79,319.00,40.70,7.11,98.74,7.10,128.90,86.17,93.37,Pass,0,No,0,None,None
B001755,GLP-1 Agonist,Line 3,20-May-2024,2024,Team D,21.34,41.44,283.00,60.10,9.30,98.93,6.92,149.30,84.30,93.37,Pass,0,No,0,None,None
B002095,AED,Line 3,24-Oct-2025,2025,Team B,21.60,45.03,319.00,47.70,7.63,99.20,6.81,126.40,85.16,93.37,Pass,0,No,0,None,None
B002259,Antidepressant,Line 2,28-Aug-2025,2025,Team B,22.83,32.05,323.00,46.60,6.53,99.59,6.64,130.00,85.07,93.37,Pass,0,No,0,None,None
B002414,GLP-1 Agonist,Line 1,04-Apr-2024,2024,Team C,20.63,36.47,283.00,52.80,8.19,98.56,6.71,133.30,86.88,93.37,Pass,0,No,0,None,None
B000804,COX-2 Inhibitor,Line 1,31-Mar-2025,2025,Team A,22.48,37.56,319.00,38.90,6.36,99.31,6.89,117.10,90.17,95.58,Pass,0,No,0,None,None
B002618,AED,Line 3,26-Oct-2025,2025,Team A,21.00,47.46,291.00,36.10,6.72,99.00,7.01,110.80,91.12,93.37,Pass,0,No,0,None,None
B002828,Antidepressant,Line 1,23-Oct-2024,2024,Team C,22.22,48.75,349.00,49.30,6.09,98.83,6.98,137.90,89.08,93.37,Pass,0,No,0,None,None
B002969,COX-2 Inhibitor,Line 2,30-Dec-2024,2024,Team B,22.37,48.82,320.00,42.60,6.53,98.10,6.89,127.50,87.45,95.58,Pass,0,No,0,None,None
B001235,Antidepressant,Line 1,06-Aug-2025,2025,Team A,22.94,41.45,307.00,36.20,7.17,98.86,6.69,116.10,86.90,93.36,Pass,0,No,0,None,None
B001267,Antidepressant,Line 2,18-May-2024,2024,Team C,21.38,43.13,283.00,45.30,7.31,98.73,7.13,126.10,85.13,93.36,Pass,0,No,0,None,None
B001777,COX-2 Inhibitor,Line 2,17-Feb-2025,2025,Team D,22.37,44.51,342.00,47.40,7.40,98.82,6.85,131.60,86.26,95.63,Pass,0,No,0,None,None
B001644,Antidepressant,Line 1,01-Feb-2025,2025,Team D,21.50,46.49,327.00,51.50,7.49,99.67,6.75,135.90,88.44,93.36,Pass,0,No,0,None,None
B000122,COX-2 Inhibitor,Line 1,30-Oct-2025,2025,Team C,21.34,42.63,326.00,41.00,7.52,98.93,6.51,120.10,88.14,95.64,Pass,0,No,0,None,None
B001803,Antidepressant,Line 1,26-Mar-2025,2025,Team D,22.97,38.07,299.00,30.50,6.91,99.17,6.92,120.60,88.57,93.36,Pass,0,No,0,None,None
B001950,AED,Line 3,25-Jul-2024,2024,Team C,20.90,52.70,337.00,45.60,7.51,98.73,7.06,145.20,83.60,93.36,Pass,0,No,0,None,None
B002016,GLP-1 Agonist,Line 1,24-Jun-2024,2024,Team A,20.55,38.65,321.00,50.50,7.72,,6.99,147.40,83.98,93.36,Pass,0,No,0,None,None
B002129,Antidepressant,Line 3,07-Feb-2025,2025,Team B,21.33,46.01,317.00,38.00,8.10,98.91,6.98,125.10,86.72,93.36,Pass,0,No,0,None,None
B002612,AED,Line 3,05-Feb-2025,2025,Team B,22.61,43.70,335.00,55.10,8.61,98.30,7.11,151.80,86.25,93.36,Pass,0,No,0,None,None
B002904,AED,Line 3,01-Jan-2025,2025,Team B,23.19,53.41,313.00,46.30,8.26,99.17,7.07,137.50,90.07,93.36,Pass,0,No,0,None,None
B000350,Antidepressant,Line 2,08-Dec-2024,2024,Team B,20.61,31.96,302.00,35.60,6.98,99.35,6.58,128.60,89.01,93.35,Pass,0,No,0,None,None
B000388,AED,Line 3,13-Jun-2024,2024,Team B,22.69,37.92,311.00,38.50,6.43,99.27,6.98,142.50,86.75,93.35,Pass,0,No,0,None,None
B000154,COX-2 Inhibitor,Line 1,21-Oct-2025,2025,Team C,23.69,42.51,343.00,40.40,6.40,98.94,6.74,127.00,87.04,95.64,Pass,0,No,0,None,None
B001411,AED,Line 2,27-Dec-2025,2025,Team D,20.94,36.26,326.00,45.40,8.13,99.28,6.87,,89.64,93.35,Pass,0,No,0,None,None
B001552,GLP-1 Agonist,Line 3,28-Sep-2024,2024,Team B,21.14,38.92,295.00,40.30,8.59,98.73,6.88,142.60,87.08,93.35,Pass,0,No,0,None,None
B001598,Antidepressant,Line 1,02-Jan-2024,2024,Team C,22.06,49.51,332.00,51.30,6.92,98.94,6.83,134.60,86.83,93.35,Pass,0,No,0,None,None
B001934,AED,Line 1,11-Oct-2024,2024,Team C,21.08,42.81,308.00,49.80,8.01,99.03,6.98,137.40,86.96,93.35,Pass,0,No,0,None,None
B002189,Antidepressant,Line 3,10-Jun-2024,2024,Team D,20.44,41.39,341.00,47.10,7.69,99.59,6.80,130.70,82.96,93.35,Pass,0,No,0,None,None
B001072,COX-2 Inhibitor,Line 2,25-Sep-2025,2025,Team A,21.08,37.74,365.00,39.70,7.16,98.58,6.69,129.60,90.49,95.64,Pass,0,No,0,None,None
B002384,Antidepressant,Line 1,26-Aug-2024,2024,Team B,22.62,44.54,309.00,56.30,6.93,98.79,7.02,126.70,87.42,93.35,Pass,0,No,0,None,None
B002624,AED,Line 2,26-Dec-2025,2025,Team B,21.14,44.66,286.00,43.00,6.46,99.28,6.84,126.00,87.61,93.35,Pass,0,No,0,None,None
B000482,Antidepressant,Line 3,06-Jan-2025,2025,Team C,21.85,48.70,318.00,45.20,7.20,98.57,,125.40,89.14,93.34,Pass,0,No,0,None,None
B000634,GLP-1 Agonist,Line 2,09-Feb-2025,2025,Team C,22.06,36.68,307.00,47.60,7.97,98.60,6.99,141.60,87.52,93.34,Pass,0,No,0,None,None
B001967,COX-2 Inhibitor,Line 2,29-Jul-2025,2025,Team B,23.01,45.20,352.00,39.40,6.47,98.99,6.64,116.70,89.24,95.64,Pass,0,No,0,None,None
B002185,GLP-1 Agonist,Line 1,08-Oct-2024,2024,Team C,22.74,41.99,295.00,50.40,7.65,99.01,7.15,144.80,89.27,93.34,Pass,0,No,0,None,None
B002696,Antidepressant,Line 1,08-Mar-2025,2025,Team B,20.97,37.35,320.00,51.40,8.44,99.09,6.55,136.00,85.00,93.34,Pass,0,Yes,1,Process,Minor
B002827,GLP-1 Agonist,Line 3,30-Jun-2025,2025,Team A,22.32,32.73,294.00,45.40,8.27,98.95,6.55,140.30,87.68,93.34,Pass,0,No,0,None,None
B000259,Antidepressant,Line 2,05-Oct-2024,2024,Team A,22.31,46.95,323.00,31.30,7.57,99.47,6.97,123.50,88.32,93.33,Pass,0,No,0,None,None
B000902,Antidepressant,Line 3,24-Apr-2025,2025,Team B,22.78,41.49,325.00,42.60,6.92,98.99,6.86,118.50,85.03,93.33,Pass,0,No,0,None,None
B001007,AED,Line 2,19-Oct-2024,2024,Team C,22.23,41.87,298.00,39.90,7.47,98.83,6.84,124.40,89.17,93.33,Pass,0,No,0,None,None
B001066,AED,Line 3,16-Feb-2025,2025,Team C,21.54,50.20,320.00,41.30,6.77,99.08,7.12,134.10,87.99,93.33,Pass,0,No,0,None,None
B001813,COX-2 Inhibitor,Line 2,05-Aug-2024,2024,Team B,22.67,45.75,336.00,36.00,6.45,99.51,6.67,109.40,88.04,95.66,Failed,1,No,0,None,None
B001654,Antidepressant,Line 1,26-May-2025,2025,Team A,21.03,47.74,307.00,48.10,7.33,98.96,7.02,131.00,87.12,93.33,Pass,0,No,0,None,None
B001928,COX-2 Inhibitor,Line 2,08-Sep-2025,2025,Team B,22.84,46.10,352.00,41.40,6.11,99.12,6.67,117.50,84.60,95.67,Pass,0,No,0,None,None
B002081,GLP-1 Agonist,Line 1,21-Feb-2024,2024,Team A,21.11,37.76,280.00,44.90,7.17,99.18,6.93,136.70,82.01,93.33,Pass,0,No,0,None,None
B002595,GLP-1 Agonist,Line 2,04-Mar-2025,2025,Team A,20.47,29.64,319.00,55.20,8.67,99.24,6.53,143.60,83.05,93.33,Pass,0,Yes,1,Documentation,Major
B002702,GLP-1 Agonist,Line 1,12-Oct-2024,2024,Team A,21.78,48.30,281.00,46.80,8.26,98.61,7.13,138.10,87.17,93.33,Pass,0,No,0,None,None
B002530,COX-2 Inhibitor,Line 3,18-Oct-2024,2024,Team C,24.28,56.44,363.00,35.60,7.10,99.06,7.16,108.00,88.06,95.67,Pass,0,No,0,None,None
B001407,AED,Line 3,28-May-2025,2025,Team A,22.45,35.67,317.00,39.10,6.37,99.19,6.70,128.50,91.23,93.32,Pass,0,Yes,1,Equipment,Minor
B000801,COX-2 Inhibitor,Line 1,18-Sep-2024,2024,Team D,22.00,41.40,314.00,43.30,6.62,98.90,6.65,119.10,84.72,95.68,Pass,0,No,0,None,None
B001922,GLP-1 Agonist,Line 1,02-Nov-2025,2025,Team B,21.11,36.43,312.00,50.60,9.07,99.26,6.89,120.40,89.58,93.32,Pass,0,No,0,None,None
B002286,Antidepressant,Line 1,11-Feb-2024,2024,Team D,19.69,40.34,312.00,38.00,7.70,98.89,6.81,113.30,89.31,93.32,Pass,0,No,0,None,None
B002737,Antidepressant,Line 2,09-Dec-2024,2024,Team B,22.94,47.78,305.00,36.60,6.91,99.48,6.81,135.40,84.49,93.32,Pass,0,No,0,None,None
B000001,COX-2 Inhibitor,Line 3,24-Feb-2024,2024,Team C,21.33,40.07,336.00,41.40,6.85,99.55,6.59,126.80,88.59,95.69,Pass,0,No,0,None,None
B000015,GLP-1 Agonist,Line 1,08-May-2025,2025,Team D,22.35,41.24,293.00,41.00,7.38,99.06,7.08,134.30,91.18,93.31,Pass,0,No,0,None,None
B000060,Antidepressant,Line 1,05-May-2024,2024,Team A,23.10,38.31,320.00,45.50,6.54,99.02,6.70,119.40,89.45,93.31,Pass,0,No,0,None,None
B000214,AED,Line 2,23-Jul-2025,2025,Team D,20.94,37.06,323.00,41.00,7.26,99.18,6.92,122.00,81.97,93.31,Pass,0,No,0,None,None
B002565,COX-2 Inhibitor,Line 3,21-Feb-2025,2025,Team C,21.63,37.66,323.00,42.20,7.89,98.99,6.66,117.00,84.69,95.69,Failed,1,No,0,None,None
B001515,AED,Line 1,17-Mar-2025,2025,Team B,21.53,38.86,280.00,41.00,7.73,98.65,6.78,126.60,88.10,93.31,Pass,0,No,0,None,None
B001615,AED,Line 1,02-Nov-2024,2024,Team A,21.49,42.71,327.00,40.40,6.87,98.83,6.71,126.90,87.96,93.31,Pass,0,No,0,None,None
B001661,Antidepressant,Line 3,06-Aug-2024,2024,Team D,21.99,52.83,327.00,36.00,6.30,98.92,6.92,139.10,89.24,93.31,Pass,0,No,0,None,None
B002128,GLP-1 Agonist,Line 1,29-Jun-2024,2024,Team A,22.42,47.81,305.00,52.70,8.70,98.67,7.27,139.60,89.28,93.31,Pass,0,No,0,None,None
B002668,Antidepressant,Line 3,19-Feb-2025,2025,Team C,23.06,36.76,314.00,50.90,7.68,99.06,6.54,131.20,90.02,93.31,Pass,0,No,0,None,None
B002462,COX-2 Inhibitor,Line 1,12-Jun-2024,2024,Team B,,50.30,335.00,36.50,7.03,,6.76,101.40,91.34,95.70,Pass,0,No,0,None,None
B000101,AED,Line 3,19-Aug-2024,2024,Team C,21.67,42.24,361.00,40.80,8.17,98.81,6.77,119.40,85.90,93.30,Pass,0,No,0,None,None
B000133,COX-2 Inhibitor,Line 1,16-Nov-2025,2025,Team B,23.17,44.34,346.00,41.90,5.78,98.93,6.60,117.90,87.90,95.71,Pass,0,No,0,None,None
B000678,GLP-1 Agonist,Line 2,25-Jun-2025,2025,Team A,20.45,33.28,297.00,49.80,8.24,99.60,7.07,142.80,90.01,93.30,Pass,0,No,0,None,None
B001216,GLP-1 Agonist,Line 1,05-Sep-2025,2025,Team A,21.55,45.08,277.00,43.00,7.43,98.85,6.92,143.20,85.63,93.30,Pass,0,No,0,None,None
B000208,COX-2 Inhibitor,Line 1,23-Feb-2025,2025,Team D,21.30,47.19,318.00,38.90,6.18,98.68,6.79,135.40,85.63,95.71,Pass,0,No,0,None,None
B002184,Antidepressant,Line 3,01-Feb-2024,2024,Team C,23.13,40.12,332.00,41.40,7.73,98.56,6.79,136.60,85.30,93.30,Pass,0,No,0,None,None
B002361,AED,Line 2,17-May-2024,2024,Team B,21.12,45.41,306.00,42.20,6.91,98.95,7.03,134.40,87.78,93.30,Pass,0,No,0,None,None
B002451,COX-2 Inhibitor,Line 1,18-Nov-2024,2024,Team C,22.27,40.54,344.00,38.90,7.00,99.10,6.74,126.70,85.94,95.72,Pass,0,Yes,1,Process,Major
B001042,COX-2 Inhibitor,Line 3,22-May-2024,2024,Team D,23.13,46.29,344.00,40.30,7.39,99.03,6.76,114.40,86.84,95.73,Pass,0,No,0,None,None
B001313,COX-2 Inhibitor,Line 1,02-Jul-2024,2024,Team A,22.34,41.90,343.00,35.20,6.42,99.07,,120.90,90.19,95.73,Pass,0,No,0,None,None
B001338,COX-2 Inhibitor,Line 1,27-May-2024,2024,Team A,23.01,41.18,362.00,44.90,7.47,99.44,6.71,126.90,88.33,95.74,Pass,0,Yes,1,Environmental,Minor
B001098,AED,Line 2,05-Feb-2025,2025,Team C,22.88,40.43,300.00,51.00,7.68,99.26,6.89,139.10,83.00,93.29,Pass,0,No,0,None,None
B001193,AED,Line 2,21-Nov-2024,2024,Team D,21.07,51.73,327.00,37.60,7.47,99.02,7.00,121.20,87.76,93.29,Pass,0,No,0,None,None
B001543,GLP-1 Agonist,Line 3,09-Oct-2024,2024,Team A,21.31,44.66,306.00,48.20,7.77,98.89,6.96,139.10,87.01,93.29,Pass,0,No,0,None,None
B001920,AED,Line 2,07-Feb-2025,2025,Team D,21.75,49.08,328.00,44.00,8.42,99.24,7.14,128.20,86.92,93.29,Pass,0,No,0,None,None
B002908,Antidepressant,Line 2,09-Dec-2025,2025,Team C,22.00,42.29,307.00,42.10,7.15,98.80,6.82,152.40,91.10,93.29,Pass,0,No,0,None,None
B000051,Antidepressant,Line 3,01-Apr-2024,2024,Team A,20.51,42.78,320.00,46.40,8.44,99.39,6.89,131.60,,93.28,Pass,0,No,0,None,None
B000097,GLP-1 Agonist,Line 1,26-Jul-2024,2024,Team B,21.38,41.13,289.00,54.80,7.73,98.52,7.12,120.20,84.89,93.28,Pass,0,Yes,1,Process,Major
B000447,AED,Line 3,16-Feb-2025,2025,Team A,22.41,48.05,346.00,39.90,7.75,98.85,7.04,111.70,89.69,93.28,Pass,0,No,0,None,None
B000978,GLP-1 Agonist,Line 1,01-May-2025,2025,Team A,19.60,50.86,295.00,41.50,7.76,98.27,7.18,118.00,88.24,93.28,Pass,0,No,0,None,None
B000621,COX-2 Inhibitor,Line 2,01-Aug-2025,2025,Team D,21.72,48.92,343.00,40.00,6.60,99.08,6.73,116.30,91.58,95.75,Pass,0,Yes,1,Process,Major
B001440,AED,Line 1,16-Aug-2025,2025,Team B,22.00,43.02,303.00,35.60,6.67,98.82,6.87,115.90,83.76,93.28,Failed,1,No,0,None,None
B001453,AED,Line 2,12-Aug-2025,2025,Team B,21.71,40.35,335.00,35.70,6.65,99.41,6.88,108.30,86.45,93.28,Pass,0,No,0,None,None
B000639,COX-2 Inhibitor,Line 3,12-May-2025,2025,Team C,21.63,48.99,316.00,41.40,6.09,99.13,6.80,126.60,89.07,95.75,Pass,0,No,0,None,None
B000373,GLP-1 Agonist,Line 3,27-Jun-2025,2025,Team A,22.43,37.08,324.00,40.20,8.76,98.92,7.10,128.00,86.44,93.27,Pass,0,No,0,None,None
B000798,Antidepressant,Line 3,01-Dec-2025,2025,Team C,21.96,52.62,340.00,36.90,7.33,,6.86,124.30,88.25,93.27,Pass,0,No,0,None,None
B001309,Antidepressant,Line 3,13-Jun-2024,2024,Team B,24.28,39.15,312.00,48.60,7.38,99.27,6.78,138.20,82.83,93.27,Pass,0,No,0,None,None
B001671,GLP-1 Agonist,Line 1,26-Jul-2024,2024,Team D,21.84,47.36,328.00,42.70,7.60,98.96,7.18,134.70,87.96,93.27,Pass,0,No,0,None,None
B002582,AED,Line 2,09-Oct-2025,2025,Team B,21.10,54.56,290.00,36.60,7.60,99.01,7.07,115.90,86.79,93.27,Pass,0,No,0,None,None
B000233,AED,Line 2,05-Sep-2024,2024,Team B,23.40,47.72,324.00,49.50,7.11,98.60,7.11,136.40,82.74,93.26,Pass,0,Yes,1,Process,Minor
B000596,Antidepressant,Line 3,02-Oct-2025,2025,Team C,22.54,45.00,343.00,38.90,7.18,99.03,7.01,144.80,90.23,93.26,Pass,0,No,0,None,None
B000662,AED,Line 3,07-Dec-2025,2025,Team B,21.58,39.94,345.00,51.30,7.64,99.21,6.71,141.00,83.88,93.26,Pass,0,No,0,None,None
B000908,Antidepressant,Line 3,12-Feb-2024,2024,Team B,22.72,40.35,322.00,36.70,7.53,99.11,6.85,,87.30,93.26,Pass,0,No,0,None,None
B001015,GLP-1 Agonist,Line 2,08-Jun-2024,2024,Team B,21.76,35.92,281.00,45.50,7.15,99.05,6.95,136.00,85.53,93.26,Pass,0,No,0,None,None
B001667,AED,Line 3,28-May-2025,2025,Team D,22.49,41.27,305.00,49.60,7.78,,6.87,126.40,88.37,93.26,Pass,0,No,0,None,None
B002407,COX-2 Inhibitor,Line 2,25-May-2025,2025,Team C,22.46,,371.00,36.20,6.01,98.90,6.70,129.50,87.39,95.75,Pass,0,No,0,None,None
B002038,Antidepressant,Line 1,06-Feb-2025,2025,Team A,21.36,46.88,299.00,30.70,6.50,99.32,6.91,116.00,88.05,93.26,Pass,0,No,0,None,None
B002090,GLP-1 Agonist,Line 1,06-Sep-2024,2024,Team D,20.62,47.08,310.00,51.00,7.48,98.87,7.17,137.40,,93.26,Pass,0,No,0,None,None
B002202,AED,Line 1,27-Jan-2025,2025,Team B,23.12,50.45,339.00,44.70,6.95,98.96,7.02,136.00,86.25,93.26,Pass,0,No,0,None,None
B002632,GLP-1 Agonist,Line 1,16-Aug-2024,2024,Team A,20.87,43.42,302.00,53.80,8.08,98.77,7.01,141.70,81.96,93.26,Pass,0,No,0,None,None
B000957,COX-2 Inhibitor,Line 3,31-Oct-2024,2024,Team B,21.27,42.40,375.00,40.10,7.21,99.05,6.76,126.70,84.90,95.76,Pass,0,No,0,None,None
B000011,GLP-1 Agonist,Line 1,09-Apr-2025,2025,Team A,22.08,39.90,308.00,50.50,7.42,98.58,6.64,144.00,84.59,93.25,Pass,0,No,0,None,None
B000507,GLP-1 Agonist,Line 2,06-Mar-2025,2025,Team B,21.50,,283.00,46.20,7.90,98.97,6.93,135.80,86.54,93.25,Pass,0,No,0,None,None
B000551,GLP-1 Agonist,Line 3,04-Oct-2025,2025,Team B,20.66,36.33,346.00,43.10,8.10,98.93,6.81,137.00,89.36,93.25,Pass,0,No,0,None,None
B000708,AED,Line 3,19-Dec-2024,2024,Team B,23.19,42.21,322.00,41.30,7.62,99.07,6.87,137.70,84.56,93.25,Failed,1,No,0,None,None
B001627,GLP-1 Agonist,Line 3,04-May-2024,2024,Team A,20.21,34.73,291.00,52.10,7.77,99.15,6.70,140.00,84.51,93.25,Pass,0,No,0,None,None
B001921,GLP-1 Agonist,Line 2,26-Jan-2024,2024,Team B,21.64,33.34,305.00,37.10,8.45,99.31,6.94,122.90,88.83,93.25,Pass,0,No,0,None,None
B001958,Antidepressant,Line 1,23-Jul-2024,2024,Team D,20.99,43.91,342.00,51.10,7.25,99.01,6.68,118.70,85.70,93.25,Pass,0,No,0,None,None
B001962,GLP-1 Agonist,Line 1,15-Jan-2024,2024,Team D,20.10,39.52,293.00,39.30,6.74,99.07,6.83,114.50,89.23,93.25,Pass,0,No,0,None,None
B002025,GLP-1 Agonist,Line 2,23-Jul-2025,2025,Team C,23.09,45.58,313.00,52.00,7.57,98.65,7.08,134.50,83.74,93.25,Pass,0,No,0,None,None
B000740,GLP-1 Agonist,Line 2,22-May-2025,2025,Team C,20.48,45.29,297.00,48.00,7.80,99.03,6.95,,85.59,93.24,Pass,0,No,0,None,None
B001078,GLP-1 Agonist,Line 2,02-Mar-2024,2024,Team C,22.46,42.02,322.00,43.30,7.27,99.10,6.98,143.70,89.56,93.24,Pass,0,No,0,None,None
B001191,GLP-1 Agonist,Line 1,09-Jan-2024,2024,Team D,20.54,41.00,307.00,47.80,8.35,98.96,6.70,147.80,,93.24,Pass,0,No,0,None,None
B001691,AED,Line 2,02-Jun-2024,2024,Team D,22.01,43.02,310.00,40.30,7.01,99.23,6.92,124.70,86.38,93.24,Pass,0,No,0,None,None
B001284,COX-2 Inhibitor,Line 1,08-Jul-2024,2024,Team D,21.19,49.40,364.00,36.10,6.11,99.12,6.81,110.50,89.31,95.77,Pass,0,No,0,None,None
B002358,GLP-1 Agonist,Line 2,21-Jul-2025,2025,Team D,21.58,30.95,316.00,42.80,8.59,99.18,6.64,124.70,90.32,93.24,Pass,0,No,0,None,None
B002650,AED,Line 1,05-Oct-2025,2025,Team C,22.40,35.73,307.00,51.50,7.42,99.07,6.81,133.10,86.57,93.24,Pass,0,No,0,None,None
B002946,GLP-1 Agonist,Line 1,27-Aug-2025,2025,Team B,23.35,36.01,299.00,47.10,8.14,98.56,6.83,153.90,87.70,93.24,Pass,0,No,0,None,None
B000280,AED,Line 1,29-Sep-2024,2024,Team B,21.12,54.72,346.00,48.70,8.17,98.82,7.14,138.00,85.54,93.23,Pass,0,No,0,None,None
B000615,GLP-1 Agonist,Line 2,20-May-2025,2025,Team B,20.50,40.56,311.00,45.60,7.37,98.88,6.81,133.50,90.14,93.23,Pass,0,No,0,None,None
B001021,AED,Line 1,14-Aug-2024,2024,Team D,21.30,42.43,309.00,44.40,6.58,98.83,6.74,127.20,88.15,93.23,Pass,0,No,0,None,None
B001513,COX-2 Inhibitor,Line 3,27-Jan-2025,2025,Team B,21.48,53.53,313.00,33.20,6.76,99.22,6.94,104.20,89.09,95.78,Pass,0,No,0,None,None
B001451,AED,Line 3,28-Oct-2024,2024,Team A,21.45,42.27,319.00,55.10,8.16,98.67,6.75,136.60,84.79,93.23,Pass,0,No,0,None,None
B001477,GLP-1 Agonist,Line 2,22-Feb-2025,2025,Team A,21.90,33.03,305.00,47.90,8.66,99.48,,135.90,84.48,93.23,Pass,0,Yes,1,Equipment,Minor
B001838,GLP-1 Agonist,Line 1,01-Sep-2024,2024,Team B,21.39,38.84,299.00,44.40,7.79,98.84,6.87,132.30,89.06,93.23,Pass,0,No,0,None,None
B000493,COX-2 Inhibitor,Line 3,03-Jan-2024,2024,Team B,22.90,43.28,334.00,44.20,6.39,99.45,6.60,121.60,87.59,95.80,Pass,0,No,0,None,None
B002393,GLP-1 Agonist,Line 3,08-Jun-2024,2024,Team C,21.75,41.35,285.00,47.60,7.42,98.63,7.03,163.20,81.45,93.23,Pass,0,No,0,None,None
B002587,GLP-1 Agonist,Line 2,10-Feb-2025,2025,Team D,21.03,43.10,315.00,48.80,6.91,98.48,7.01,133.70,85.72,93.23,Pass,0,No,0,None,None
B002788,GLP-1 Agonist,Line 3,27-Jun-2024,2024,Team C,21.19,37.03,321.00,47.70,8.09,,6.92,123.10,85.03,93.23,Pass,0,No,0,None,None
B000074,Antidepressant,Line 3,05-Jan-2025,2025,Team D,21.14,46.46,319.00,53.70,7.30,98.86,6.83,145.30,84.21,93.22,Pass,0,No,0,None,None
B000965,AED,Line 2,27-Nov-2024,2024,Team D,20.88,39.35,293.00,40.90,6.99,99.02,6.63,132.40,86.05,93.22,Pass,0,No,0,None,None
B002641,COX-2 Inhibitor,Line 2,12-Feb-2024,2024,Team A,21.12,47.06,335.00,38.50,6.61,99.60,6.72,115.80,86.34,95.80,Pass,0,No,0,None,None
B001639,Antidepressant,Line 1,15-Jul-2025,2025,Team A,22.47,50.55,321.00,41.70,6.64,99.10,6.84,,90.01,93.22,Pass,0,No,0,None,None
B002890,Antidepressant,Line 1,28-Jul-2025,2025,Team A,22.70,36.90,330.00,33.50,7.18,98.99,6.84,113.00,88.80,93.22,Pass,0,No,0,None,None
B002968,GLP-1 Agonist,Line 1,27-Aug-2025,2025,Team D,14.00,40.58,297.00,42.80,7.60,99.21,7.05,132.10,87.72,93.22,Pass,0,Yes,1,Process,Minor
B000510,Antidepressant,Line 1,06-Nov-2024,2024,Team D,22.43,43.84,341.00,46.80,7.75,98.99,6.77,136.30,86.91,93.21,Pass,0,No,0,None,None
B001225,Antidepressant,Line 1,25-Oct-2025,2025,Team B,21.39,35.76,321.00,35.50,7.47,99.32,6.81,111.30,88.88,93.21,Pass,0,No,0,None,None
B001629,Antidepressant,Line 1,22-Dec-2025,2025,Team C,20.25,54.15,308.00,52.00,7.56,98.43,6.95,137.80,90.68,93.21,Pass,0,No,0,None,None
B001870,AED,Line 2,11-Jul-2025,2025,Team C,22.03,37.68,344.00,42.90,6.87,98.53,6.75,132.00,85.30,93.21,Pass,0,No,0,None,None
B002517,Antidepressant,Line 1,26-Apr-2024,2024,Team D,21.72,49.87,322.00,38.20,7.20,98.80,6.98,112.90,88.40,93.21,Pass,0,No,0,None,None
B000105,COX-2 Inhibitor,Line 2,03-May-2025,2025,Team A,22.94,38.76,314.00,39.10,6.43,,6.84,117.20,95.46,95.81,Pass,0,No,0,None,None
B002970,Antidepressant,Line 3,12-Mar-2025,2025,Team B,22.82,43.48,300.00,48.60,7.09,98.80,6.86,135.20,87.07,93.21,Pass,0,No,0,None,None
B000026,Antidepressant,Line 1,13-Feb-2024,2024,Team A,21.66,41.66,310.00,36.70,6.45,99.16,6.64,129.80,,93.20,Pass,0,No,0,None,None
B000315,GLP-1 Agonist,Line 1,27-Dec-2025,2025,Team C,20.88,40.16,285.00,46.80,7.18,98.59,6.89,138.90,86.66,93.20,Pass,0,No,0,None,None
B000458,GLP-1 Agonist,Line 3,14-Mar-2025,2025,Team B,21.38,44.75,316.00,52.90,8.63,98.82,7.15,163.40,86.14,93.20,Pass,0,No,0,None,None
B000897,Antidepressant,Line 1,06-Oct-2025,2025,Team A,22.24,45.68,316.00,46.50,7.33,98.85,6.91,123.60,87.51,93.20,Pass,0,No,0,None,None
B001746,COX-2 Inhibitor,Line 1,30-May-2024,2024,Team B,,48.01,317.00,44.90,7.85,99.62,6.78,124.40,84.86,95.81,Pass,0,Yes,1,Material,Minor
B001519,Antidepressant,Line 3,08-Jan-2024,2024,Team D,20.94,46.19,327.00,48.40,7.39,98.90,6.82,131.70,84.28,93.20,Pass,0,Yes,1,Process,Minor
B002069,Antidepressant,Line 1,14-Jan-2024,2024,Team C,21.15,,345.00,52.70,8.11,98.98,6.81,132.00,88.14,93.20,Pass,0,No,0,None,None
B000613,AED,Line 2,15-Jan-2025,2025,Team A,21.40,35.89,318.00,49.80,7.44,98.62,,137.70,87.26,93.19,Pass,0,No,0,None,None
B000658,GLP-1 Agonist,Line 2,10-Aug-2025,2025,Team B,21.08,40.79,327.00,42.40,7.32,99.49,6.90,144.50,88.22,93.19,Pass,0,No,0,None,None
B000948,AED,Line 1,11-Jan-2024,2024,Team C,21.43,40.35,312.00,47.50,6.55,98.98,6.79,139.50,86.44,93.19,Pass,0,No,0,None,None
B001685,Antidepressant,Line 3,01-Sep-2024,2024,Team A,21.65,48.36,336.00,35.50,7.42,99.14,7.14,127.10,87.24,93.19,Pass,0,No,0,None,None
B002032,GLP-1 Agonist,Line 3,14-Feb-2025,2025,Team D,23.00,49.62,296.00,51.90,8.66,99.22,6.95,133.60,82.70,93.19,Pass,0,No,0,None,None
B002782,Antidepressant,Line 3,26-Jul-2025,2025,Team B,22.34,43.97,306.00,44.00,7.41,99.74,6.86,143.20,84.53,93.19,Pass,0,No,0,None,None
B002933,COX-2 Inhibitor,Line 1,17-Nov-2025,2025,Team C,22.02,47.30,329.00,36.80,7.04,,6.93,115.40,87.69,95.81,Pass,0,No,0,None,None
B001243,GLP-1 Agonist,Line 2,21-Nov-2025,2025,Team B,21.91,43.27,307.00,47.30,7.80,98.68,6.99,137.20,,93.18,Pass,0,No,0,None,None
B001648,AED,Line 1,17-Nov-2025,2025,Team A,21.33,45.05,308.00,41.80,6.87,99.21,6.99,127.10,88.17,93.18,Pass,0,No,0,None,None
B001780,GLP-1 Agonist,Line 2,17-Feb-2025,2025,Team C,22.00,49.18,291.00,39.40,8.14,98.75,7.22,141.00,86.62,93.18,Pass,0,No,0,None,None
B001877,Antidepressant,Line 1,25-Oct-2024,2024,Team C,21.41,40.08,314.00,37.40,7.25,99.12,6.69,123.30,88.91,93.18,Pass,0,No,0,None,None
B000064,COX-2 Inhibitor,Line 3,04-Mar-2024,2024,Team B,22.11,44.17,353.00,34.90,6.72,99.76,6.51,107.20,87.75,95.82,Pass,0,No,0,None,None
B002454,AED,Line 1,24-Dec-2025,2025,Team A,21.58,,289.00,41.80,6.54,99.11,6.78,127.40,87.47,93.18,Pass,0,No,0,None,None
B002485,AED,Line 3,03-May-2025,2025,Team B,21.71,58.34,296.00,40.30,7.74,98.40,7.07,112.00,90.23,93.18,Pass,0,No,0,None,None
B002776,GLP-1 Agonist,Line 1,13-Mar-2025,2025,Team A,21.93,45.90,305.00,48.80,8.37,98.39,6.77,135.20,89.30,93.18,Pass,0,No,0,None,None
B002880,Antidepressant,Line 1,13-Nov-2025,2025,Team D,21.77,42.78,332.00,36.00,7.18,98.63,6.78,134.50,87.66,93.18,Pass,0,No,0,None,None
B000027,GLP-1 Agonist,Line 1,05-May-2025,2025,Team A,21.43,35.07,307.00,53.20,8.32,99.18,6.52,141.80,85.06,93.17,Pass,0,No,0,None,None
B000840,GLP-1 Agonist,Line 1,08-Nov-2024,2024,Team C,22.90,36.35,316.00,53.00,8.16,99.03,6.85,149.80,85.50,93.17,Pass,0,No,0,None,None
B000850,AED,Line 1,10-Sep-2025,2025,Team A,22.20,41.92,315.00,38.90,8.23,98.83,6.86,127.10,90.84,93.17,Pass,0,No,0,None,None
B001270,GLP-1 Agonist,Line 3,07-Jul-2024,2024,Team D,21.79,41.85,287.00,45.90,8.57,99.06,6.93,,86.66,93.17,Pass,0,No,0,None,None
B001698,AED,Line 2,17-Jan-2024,2024,Team A,22.64,50.12,332.00,52.40,7.15,99.32,6.99,115.30,88.84,93.17,Pass,0,No,0,None,None
B000498,COX-2 Inhibitor,Line 3,29-Jul-2024,2024,Team C,21.72,31.22,318.00,36.60,5.63,99.63,6.65,118.40,85.80,95.82,Pass,0,Yes,1,Environmental,Minor
B002013,Antidepressant,Line 1,29-Jul-2024,2024,Team D,21.61,44.52,321.00,48.60,6.70,99.08,7.00,131.10,85.38,93.17,Pass,0,No,0,None,None
B002238,GLP-1 Agonist,Line 1,10-May-2024,2024,Team A,21.10,43.82,311.00,51.00,7.88,99.23,7.09,138.00,83.28,93.17,Pass,0,No,0,None,None
B002239,GLP-1 Agonist,Line 2,29-Sep-2025,2025,Team B,22.56,34.36,320.00,42.30,7.67,98.67,6.69,144.20,88.36,93.17,Failed,1,Yes,1,Documentation,Major
B002322,Antidepressant,Line 2,18-Jul-2024,2024,Team C,21.98,44.96,348.00,43.90,6.76,99.09,7.02,137.90,91.41,93.17,Pass,0,No,0,None,None
B002585,Antidepressant,Line 3,08-May-2024,2024,Team A,21.73,44.31,334.00,52.30,8.02,98.70,6.90,123.70,85.71,93.17,Pass,0,No,0,None,None
B002600,AED,Line 2,25-Oct-2024,2024,Team C,21.48,43.30,315.00,50.90,7.61,99.13,7.08,140.10,85.69,93.17,Pass,0,No,0,None,None
B002829,AED,Line 2,26-Jul-2025,2025,Team C,21.48,38.50,335.00,44.10,7.20,98.61,6.92,138.60,85.98,93.17,Pass,0,No,0,None,None
B002865,GLP-1 Agonist,Line 3,11-Jan-2024,2024,Team C,20.93,39.00,293.00,54.10,8.33,98.71,6.94,138.00,84.38,93.17,Pass,0,No,0,None,None
B002995,COX-2 Inhibitor,Line 2,02-Aug-2024,2024,Team C,22.15,47.91,372.00,41.60,6.35,99.01,6.67,124.20,87.78,95.82,Pass,0,No,0,None,None
B000560,GLP-1 Agonist,Line 2,31-May-2025,2025,Team A,21.04,33.08,347.00,49.10,7.80,99.33,7.08,125.60,83.88,93.16,Pass,0,No,0,None,None
B002002,GLP-1 Agonist,Line 2,14-Jan-2024,2024,Team C,20.21,41.55,305.00,45.70,8.01,99.38,6.94,127.10,86.25,93.16,Pass,0,No,0,None,None
B000086,Antidepressant,Line 1,18-Apr-2025,2025,Team D,21.23,49.71,309.00,31.60,7.13,99.08,6.94,98.70,89.06,93.15,Pass,0,No,0,None,None
B000502,AED,Line 2,18-Sep-2025,2025,Team D,21.95,47.95,308.00,34.60,6.83,99.57,7.05,122.80,87.91,93.15,Pass,0,No,0,None,None
B000640,AED,Line 2,29-Nov-2024,2024,Team C,20.83,42.86,342.00,40.00,6.74,98.80,6.83,130.00,87.96,93.15,Pass,0,No,0,None,None
B000688,AED,Line 3,14-Mar-2025,2025,Team B,21.51,43.27,316.00,37.30,7.41,99.21,,119.50,85.01,93.15,Pass,0,No,0,None,None
B000727,Antidepressant,Line 3,17-Oct-2025,2025,Team B,22.48,40.90,318.00,36.60,7.06,99.16,6.77,124.60,89.18,93.15,Pass,0,No,0,None,None
B001058,Antidepressant,Line 3,04-Dec-2025,2025,Team C,21.86,45.82,268.00,39.40,7.20,99.41,6.91,129.60,88.49,93.15,Pass,0,No,0,None,None
B000344,COX-2 Inhibitor,Line 1,07-May-2024,2024,Team B,22.98,40.47,320.00,32.00,5.38,99.23,6.80,135.80,88.92,95.83,Pass,0,Yes,1,Process,Minor
B001489,AED,Line 1,21-Jan-2024,2024,Team D,19.61,49.34,285.00,56.60,7.35,98.91,7.06,135.10,85.20,93.15,Pass,0,No,0,None,None
B002183,AED,Line 1,02-Mar-2025,2025,Team C,,45.84,349.00,37.40,6.89,98.86,6.96,124.20,87.45,93.15,Pass,0,No,0,None,None
B000861,COX-2 Inhibitor,Line 2,03-Aug-2025,2025,Team D,23.71,42.75,324.00,36.20,7.03,99.88,6.83,112.70,90.27,95.83,Pass,0,No,0,None,None
B002498,Antidepressant,Line 1,23-Jul-2025,2025,Team D,22.41,41.06,327.00,34.80,7.13,99.17,6.88,124.00,89.77,93.15,Pass,0,No,0,None,None
B000109,Antidepressant,Line 1,09-Apr-2025,2025,Team B,21.92,47.52,302.00,51.80,6.84,98.84,6.99,124.50,85.50,93.14,Pass,0,No,0,None,None
B001102,GLP-1 Agonist,Line 2,14-Oct-2024,2024,Team D,21.71,38.66,293.00,43.20,7.19,99.03,6.76,147.40,86.97,93.14,Pass,0,No,0,None,None
B001660,Antidepressant,Line 1,13-Dec-2024,2024,Team C,22.72,42.09,320.00,51.40,7.18,99.33,6.76,139.40,85.79,93.14,Pass,0,Yes,1,Equipment,Minor
B001399,COX-2 Inhibitor,Line 1,18-Nov-2025,2025,Team C,22.44,41.28,325.00,40.30,6.98,99.42,6.65,120.50,86.21,95.83,Pass,0,No,0,None,None
B002268,GLP-1 Agonist,Line 3,10-Apr-2025,2025,Team B,22.07,43.52,250.00,41.00,8.61,98.74,7.05,134.80,86.19,93.14,Pass,0,No,0,None,None
B002723,GLP-1 Agonist,Line 1,31-Jul-2025,2025,Team C,21.11,37.10,293.00,47.40,7.72,99.16,6.86,134.70,89.31,93.14,Pass,0,No,0,None,None
B002891,Antidepressant,Line 3,28-Dec-2024,2024,Team C,22.15,36.68,318.00,49.40,7.66,99.08,6.55,129.30,86.94,93.14,Pass,0,No,0,None,None
B000130,COX-2 Inhibitor,Line 3,04-Aug-2024,2024,Team B,21.68,43.05,364.00,36.00,6.05,99.00,6.89,115.90,91.74,95.84,Pass,0,No,0,None,None
B001686,Antidepressant,Line 2,06-May-2025,2025,Team C,21.75,37.76,352.00,45.70,7.92,99.02,6.77,132.70,86.17,93.13,Pass,0,Yes,1,Process,Minor
B000124,GLP-1 Agonist,Line 2,02-Aug-2024,2024,Team B,21.89,38.26,318.00,46.70,8.43,99.11,6.83,138.20,86.67,93.12,Pass,0,No,0,None,None
B000194,AED,Line 3,06-Aug-2024,2024,Team A,21.96,44.50,335.00,54.10,6.97,99.02,6.70,144.90,85.78,93.12,Failed,1,Yes,1,Environmental,Minor
B000838,AED,Line 1,10-Nov-2025,2025,Team D,21.94,50.67,316.00,50.90,7.08,99.01,7.04,134.20,88.08,93.12,Pass,0,No,0,None,None
B001206,Antidepressant,Line 3,01-Jul-2025,2025,Team B,23.22,47.42,316.00,34.00,8.12,99.28,6.76,133.90,94.00,93.12,Failed,1,Yes,1,Equipment,Minor
B001378,AED,Line 1,01-Apr-2025,2025,Team C,21.64,44.72,325.00,52.90,7.41,98.54,6.92,148.30,85.03,93.12,Pass,0,No,0,None,None
B001680,GLP-1 Agonist,Line 3,20-Jun-2025,2025,Team D,21.31,32.69,315.00,52.40,8.39,98.48,6.91,141.30,85.62,93.12,Pass,0,No,0,None,None
B002882,Antidepressant,Line 1,11-Apr-2024,2024,Team D,22.61,37.04,353.00,46.50,6.98,98.95,6.43,131.80,88.99,93.12,Pass,0,No,0,None,None
B002986,Antidepressant,Line 2,13-Apr-2024,2024,Team D,21.15,47.50,286.00,39.50,5.94,99.13,6.99,120.30,87.45,93.12,Pass,0,No,0,None,None
B000324,GLP-1 Agonist,Line 3,25-Dec-2025,2025,Team C,,37.58,272.00,52.50,8.40,99.50,6.86,144.40,87.96,93.11,Pass,0,No,0,None,None
B000585,AED,Line 3,16-Sep-2025,2025,Team D,22.46,39.36,344.00,42.00,8.56,,6.98,135.10,86.21,93.11,Pass,0,No,0,None,None
B000229,COX-2 Inhibitor,Line 2,21-Jul-2024,2024,Team C,22.03,42.73,366.00,38.90,5.75,98.76,6.97,108.60,87.31,95.84,Pass,0,No,0,None,None
B001330,Antidepressant,Line 3,05-Oct-2024,2024,Team B,22.31,35.60,292.00,48.60,6.99,99.39,6.65,126.80,85.31,93.11,Failed,1,No,0,None,None
B002319,GLP-1 Agonist,Line 2,07-Sep-2025,2025,Team A,22.09,38.33,328.00,45.90,7.93,99.29,7.05,132.30,87.23,93.11,Failed,1,No,0,None,None
B002779,Antidepressant,Line 3,24-Jan-2025,2025,Team B,22.16,37.53,314.00,34.30,7.50,99.15,6.65,94.10,87.74,93.11,Failed,1,No,0,None,None
B002789,AED,Line 3,25-May-2024,2024,Team D,21.81,43.19,308.00,42.80,7.60,98.83,6.91,147.60,81.20,93.11,Pass,0,Yes,1,Process,Minor
B001791,COX-2 Inhibitor,Line 2,03-Jan-2024,2024,Team A,22.94,46.06,326.00,39.90,5.94,98.98,6.77,116.40,88.22,95.84,Pass,0,No,0,None,None
B002705,COX-2 Inhibitor,Line 2,05-Jul-2024,2024,Team C,23.11,50.96,346.00,39.50,7.29,99.08,6.83,129.70,89.67,95.84,Pass,0,No,0,None,None
B001002,GLP-1 Agonist,Line 2,12-Feb-2025,2025,Team D,22.05,36.06,280.00,44.10,8.55,99.00,6.94,132.90,82.51,93.10,Pass,0,No,0,None,None
B001047,Antidepressant,Line 1,14-Mar-2024,2024,Team D,21.51,39.31,322.00,44.10,6.63,99.45,6.58,143.30,88.44,93.10,Pass,0,No,0,None,None
B001144,AED,Line 2,25-Jan-2025,2025,Team C,22.15,38.02,303.00,51.40,8.88,98.95,6.88,122.20,84.67,93.10,Pass,0,No,0,None,None
B001336,AED,Line 1,14-Dec-2025,2025,Team B,20.79,44.74,331.00,47.20,6.90,98.85,6.95,114.90,84.48,93.10,Pass,0,No,0,None,None
B001349,GLP-1 Agonist,Line 2,21-May-2024,2024,Team C,21.59,40.63,309.00,46.60,7.14,98.57,6.95,142.00,85.57,93.10,Pass,0,No,0,None,None
B002204,Antidepressant,Line 2,06-Feb-2024,2024,Team B,22.35,36.95,322.00,37.90,7.33,99.67,6.88,125.60,86.81,93.10,Pass,0,No,0,None,None
B002250,GLP-1 Agonist,Line 3,07-Sep-2024,2024,Team B,21.50,36.52,265.00,44.90,7.82,99.13,6.94,137.60,87.18,93.10,Pass,0,Yes,1,Material,Major
B002505,Antidepressant,Line 3,10-Aug-2025,2025,Team B,22.98,42.69,315.00,38.40,7.51,98.59,6.89,105.50,89.26,93.10,Pass,0,No,0,None,None
B002972,COX-2 Inhibitor,Line 1,01-Jul-2025,2025,Team D,21.90,35.61,351.00,32.80,6.16,99.64,6.61,,94.30,95.84,Pass,0,No,0,None,None
B000110,AED,Line 3,14-May-2025,2025,Team A,21.15,39.98,315.00,47.90,8.07,98.58,6.93,106.80,89.32,93.09,Pass,0,No,0,None,None
B000137,AED,Line 3,07-Apr-2024,2024,Team A,21.80,43.30,284.00,42.10,7.52,98.65,6.89,123.20,83.37,93.09,Pass,0,No,0,None,None
B000614,AED,Line 3,24-Jul-2025,2025,Team C,22.29,47.04,289.00,56.90,7.99,98.66,7.00,142.20,83.05,93.09,Pass,0,No,0,None,None
B000818,GLP-1 Agonist,Line 1,07-Jan-2025,2025,Team C,22.24,33.27,274.00,48.50,8.40,99.25,6.82,133.70,83.68,93.09,Pass,0,No,0,None,None
B002950,AED,Line 2,05-Aug-2024,2024,Team B,21.99,33.20,343.00,51.10,7.21,99.47,6.85,129.00,86.42,93.09,Pass,0,No,0,None,None
B000327,AED,Line 2,23-May-2025,2025,Team A,20.81,35.43,322.00,55.80,7.70,99.40,6.89,138.60,87.97,93.08,Pass,0,No,0,None,None
B000384,GLP-1 Agonist,Line 2,05-Nov-2024,2024,Team A,21.12,35.25,299.00,44.30,7.79,99.15,6.97,133.70,86.36,93.08,Pass,0,No,0,None,None
B000692,AED,Line 2,21-Jul-2024,2024,Team C,21.34,38.59,341.00,45.90,7.01,98.56,6.83,136.00,92.19,93.08,Pass,0,No,0,None,None
B000797,Antidepressant,Line 2,14-Jul-2025,2025,Team A,22.80,38.92,303.00,34.90,7.28,99.49,7.03,113.00,89.04,93.08,Pass,0,No,0,None,None
B000803,AED,Line 1,28-May-2025,2025,Team B,22.16,51.13,294.00,44.00,7.78,99.06,7.07,128.10,90.55,93.08,Pass,0,No,0,None,None
B001494,AED,Line 1,23-Apr-2024,2024,Team C,21.49,46.22,297.00,44.80,7.48,98.72,6.90,148.40,88.79,93.08,Pass,0,No,0,None,None
B001714,AED,Line 3,08-May-2025,2025,Team A,21.59,44.82,313.00,50.60,7.32,98.96,6.89,131.70,82.75,93.08,Pass,0,No,0,None,None
B001871,GLP-1 Agonist,Line 2,20-Apr-2025,2025,Team A,21.68,39.94,304.00,47.50,8.06,99.01,6.95,143.90,84.28,93.08,Pass,0,No,0,None,None
B002214,GLP-1 Agonist,Line 3,11-Jun-2024,2024,Team C,22.00,40.90,318.00,46.20,9.01,98.85,7.30,160.40,86.05,93.08,Pass,0,No,0,None,None
B002766,AED,Line 2,08-Apr-2025,2025,Team D,20.81,44.32,317.00,38.80,7.88,99.24,7.10,121.00,87.08,93.08,Pass,0,No,0,None,None
B002802,GLP-1 Agonist,Line 2,17-May-2024,2024,Team C,22.28,44.18,309.00,40.60,6.44,98.69,7.20,114.00,85.28,93.08,Pass,0,No,0,None,None
B002988,GLP-1 Agonist,Line 2,24-Sep-2024,2024,Team A,21.40,44.79,304.00,45.40,8.19,98.82,6.84,136.40,82.57,93.08,Pass,0,No,0,None,None
B000090,GLP-1 Agonist,Line 3,06-Feb-2025,2025,Team C,20.90,40.21,283.00,51.30,8.42,98.63,7.18,132.60,86.56,93.07,Pass,0,No,0,None,None
B000161,Antidepressant,Line 3,13-Apr-2024,2024,Team A,22.97,37.92,332.00,53.80,7.95,98.86,6.70,112.50,87.84,93.07,Pass,0,Yes,1,Equipment,Minor
B001345,AED,Line 3,19-Jun-2024,2024,Team C,20.42,49.47,300.00,52.30,7.61,98.35,6.77,140.40,84.10,93.07,Pass,0,Yes,1,Documentation,Major
B001355,AED,Line 3,24-Jun-2024,2024,Team D,21.88,39.32,349.00,49.80,8.41,99.28,6.91,126.90,84.85,93.07,Pass,0,No,0,None,None
B001550,Antidepressant,Line 1,14-Jul-2024,2024,Team C,20.97,38.53,306.00,45.20,6.23,99.85,6.83,123.10,89.44,93.07,Pass,0,No,0,None,None
B001595,AED,Line 1,03-Feb-2024,2024,Team D,21.46,49.82,327.00,39.60,7.27,99.28,7.00,125.00,85.36,93.07,Pass,0,No,0,None,None
B001601,AED,Line 2,27-Dec-2025,2025,Team B,22.48,43.24,328.00,32.10,7.10,98.85,6.92,117.30,87.65,93.07,Pass,0,No,0,None,None
B002425,AED,Line 3,10-Oct-2024,2024,Team D,21.02,36.33,318.00,44.10,7.18,99.26,7.10,130.60,87.76,93.07,Pass,0,No,0,None,None
B002638,Antidepressant,Line 3,21-Jul-2025,2025,Team B,22.52,38.29,337.00,33.40,6.75,98.75,6.74,136.10,88.94,93.07,Pass,0,No,0,None,None
B000088,GLP-1 Agonist,Line 2,14-Dec-2025,2025,Team D,20.49,32.89,291.00,49.60,7.59,99.21,6.81,146.50,84.84,93.06,Pass,0,No,0,None,None
B001070,GLP-1 Agonist,Line 1,01-Jan-2024,2024,Team B,21.66,39.75,311.00,55.00,8.00,99.29,7.07,138.60,83.54,93.06,Pass,0,No,0,None,None
B001448,GLP-1 Agonist,Line 2,04-Nov-2025,2025,Team A,22.41,32.47,307.00,46.20,8.63,98.81,6.94,153.10,83.49,93.06,Pass,0,No,0,None,None
B001659,GLP-1 Agonist,Line 2,17-Jul-2025,2025,Team A,22.04,41.28,314.00,45.60,8.16,99.09,7.18,146.70,83.95,93.06,Pass,0,No,0,None,None
B002378,COX-2 Inhibitor,Line 3,24-Jan-2024,2024,Team A,22.69,41.32,351.00,35.80,7.12,98.68,6.81,113.20,88.88,95.85,Pass,0,No,0,None,None
B002929,GLP-1 Agonist,Line 3,18-Apr-2025,2025,Team C,20.06,45.15,302.00,49.20,8.85,98.64,6.90,138.20,84.17,93.06,Pass,0,No,0,None,None
B000262,AED,Line 3,06-Jan-2025,2025,Team B,21.56,44.54,300.00,46.30,7.33,98.82,6.85,134.30,86.29,93.05,Pass,0,No,0,None,None
B000322,GLP-1 Agonist,Line 2,04-Nov-2024,2024,Team C,22.12,34.11,323.00,47.80,8.10,98.89,6.87,143.00,83.70,93.05,Pass,0,No,0,None,None
B000347,AED,Line 3,20-Mar-2025,2025,Team D,21.51,44.54,343.00,41.70,8.86,99.22,6.81,129.90,83.80,93.05,Pass,0,No,0,None,None
B000426,AED,Line 2,07-Nov-2024,2024,Team B,23.37,41.60,359.00,49.70,7.39,99.12,6.75,130.50,88.75,93.05,Pass,0,No,0,None,None
B001135,AED,Line 2,21-Nov-2024,2024,Team D,22.45,41.09,313.00,47.80,7.38,98.70,6.68,139.70,87.22,93.05,Pass,0,No,0,None,None
B001669,Antidepressant,Line 3,05-May-2024,2024,Team B,22.78,42.46,300.00,50.40,6.92,99.12,6.65,132.40,87.45,93.05,Pass,0,No,0,None,None
B000947,COX-2 Inhibitor,Line 1,06-Jun-2025,2025,Team C,24.62,52.75,332.00,48.80,6.16,98.67,6.86,130.80,83.56,95.86,Pass,0,No,0,None,None
B001290,COX-2 Inhibitor,Line 2,18-Mar-2025,2025,Team C,22.60,43.84,337.00,32.50,5.80,98.86,6.67,113.70,90.42,95.88,Pass,0,No,0,None,None
B001969,GLP-1 Agonist,Line 1,02-Oct-2024,2024,Team D,20.78,39.83,342.00,44.60,7.38,99.01,7.06,136.40,81.58,93.05,Pass,0,No,0,None,None
B002045,AED,Line 1,22-Jun-2025,2025,Team D,19.98,54.55,309.00,46.40,7.03,99.67,7.06,128.20,86.50,93.05,Pass,0,No,0,None,None
B002134,AED,Line 2,18-Oct-2025,2025,Team C,21.06,51.05,340.00,52.80,7.51,98.31,6.79,153.30,86.78,93.05,Pass,0,No,0,None,None
B002218,AED,Line 1,09-Jul-2024,2024,Team B,21.46,47.82,320.00,44.30,7.82,99.07,7.02,149.80,86.69,93.05,Pass,0,No,0,None,None
B000343,AED,Line 1,04-Jul-2024,2024,Team B,21.46,45.04,335.00,47.10,7.98,99.74,6.74,131.40,87.04,93.04,Pass,0,No,0,None,None
B000642,AED,Line 1,18-Apr-2025,2025,Team A,21.07,43.11,321.00,40.50,7.33,99.07,6.87,124.20,92.32,93.04,Pass,0,No,0,None,None
B000830,Antidepressant,Line 2,20-Oct-2025,2025,Team C,22.23,40.23,329.00,33.10,6.72,99.18,6.75,128.00,91.25,93.04,Pass,0,No,0,None,None
B001719,COX-2 Inhibitor,Line 2,18-Jan-2024,2024,Team A,23.45,36.81,350.00,38.80,6.03,98.92,6.81,122.30,90.49,95.88,Pass,0,No,0,None,None
B001582,GLP-1 Agonist,Line 3,27-Jun-2025,2025,Team B,20.94,47.38,314.00,48.00,7.99,99.01,7.05,136.60,88.44,93.04,Pass,0,No,0,None,None
B001840,COX-2 Inhibitor,Line 1,09-Mar-2024,2024,Team C,23.29,44.43,334.00,38.40,6.52,98.88,6.67,114.00,86.80,95.88,Pass,0,No,0,None,None
B000531,COX-2 Inhibitor,Line 1,02-Aug-2024,2024,Team B,23.10,41.19,333.00,36.00,7.18,99.63,6.45,107.60,90.25,95.89,Pass,0,No,0,None,None
B002097,Antidepressant,Line 3,02-Nov-2025,2025,Team B,21.60,43.77,340.00,42.30,7.39,101.80,6.98,123.40,86.92,93.04,Pass,0,No,0,None,None
B001626,COX-2 Inhibitor,Line 2,23-Jan-2024,2024,Team B,21.26,39.12,353.00,38.30,5.82,98.70,6.71,119.90,90.87,95.91,Pass,0,Yes,1,Equipment,Minor
B000142,GLP-1 Agonist,Line 1,20-Apr-2025,2025,Team D,20.44,36.57,329.00,50.70,7.70,98.49,7.08,144.70,82.18,93.03,Pass,0,No,0,None,None
B000506,AED,Line 2,21-Oct-2025,2025,Team B,22.06,35.42,324.00,40.60,7.41,99.41,6.92,139.40,91.07,93.02,Pass,0,No,0,None,None
B000821,Antidepressant,Line 3,21-Nov-2025,2025,Team B,21.00,42.50,301.00,38.60,7.51,99.23,6.77,105.40,88.14,93.02,Pass,0,No,0,None,None
B000826,Antidepressant,Line 2,27-Oct-2024,2024,Team B,23.46,41.62,317.00,48.90,7.98,99.36,7.02,131.00,88.90,93.02,Pass,0,No,0,None,None
B000855,Antidepressant,Line 2,13-Jun-2025,2025,Team A,22.59,38.82,318.00,36.70,7.19,98.86,6.86,117.70,87.52,93.02,Pass,0,No,0,None,None
B000974,AED,Line 1,21-Nov-2025,2025,Team B,22.63,43.97,328.00,38.10,7.66,99.12,7.14,143.60,86.10,93.02,Pass,0,No,0,None,None
B001635,AED,Line 2,09-Mar-2024,2024,Team C,,48.03,312.00,51.40,7.87,98.48,7.12,137.50,84.21,93.02,Pass,0,No,0,None,None
B002288,COX-2 Inhibitor,Line 2,21-Aug-2024,2024,Team A,22.64,35.93,360.00,35.30,6.57,,6.66,110.80,90.94,95.91,Pass,0,No,0,None,None
B002403,COX-2 Inhibitor,Line 2,12-Jun-2024,2024,Team B,21.64,47.92,331.00,41.10,7.28,99.85,6.91,131.00,84.94,95.91,Pass,0,No,0,None,None
B002843,GLP-1 Agonist,Line 1,02-May-2025,2025,Team C,20.42,41.71,310.00,52.80,7.85,98.87,6.93,135.70,88.00,93.02,Pass,0,No,0,None,None
B000169,GLP-1 Agonist,Line 1,26-Oct-2024,2024,Team D,21.36,54.31,299.00,49.30,8.33,98.82,,145.50,86.68,93.01,Pass,0,No,0,None,None
B001018,AED,Line 2,06-Sep-2025,2025,Team C,22.47,50.63,283.00,55.30,8.14,98.86,6.88,147.00,87.41,93.01,Pass,0,No,0,None,None
B001245,GLP-1 Agonist,Line 3,10-Nov-2025,2025,Team A,20.94,41.37,295.00,42.00,7.67,98.29,6.94,136.60,85.16,93.01,Pass,0,No,0,None,None
B002138,COX-2 Inhibitor,Line 1,22-May-2025,2025,Team B,22.19,39.88,340.00,40.10,6.77,98.56,6.68,118.10,89.29,95.93,Pass,0,No,0,None,None
B001343,GLP-1 Agonist,Line 2,28-May-2025,2025,Team A,22.10,43.48,275.00,40.00,7.77,99.04,6.82,140.90,85.36,93.01,Pass,0,No,0,None,None
B001370,GLP-1 Agonist,Line 2,18-Oct-2024,2024,Team A,22.17,46.24,308.00,59.80,8.55,98.65,7.06,156.70,85.60,93.01,Pass,0,No,0,None,None
B001459,AED,Line 1,14-Nov-2024,2024,Team A,20.77,43.33,294.00,40.20,8.20,99.10,6.71,133.50,84.76,93.01,Pass,0,No,0,None,None
B001696,GLP-1 Agonist,Line 2,12-Apr-2024,2024,Team B,22.80,44.72,290.00,53.00,7.59,99.64,6.86,147.70,83.62,93.01,Pass,0,No,0,None,None
B001776,GLP-1 Agonist,Line 1,01-Mar-2025,2025,Team B,21.08,45.33,296.00,43.60,7.31,99.28,6.93,139.00,88.62,93.01,Pass,0,No,0,None,None
B002054,AED,Line 1,23-Aug-2025,2025,Team C,21.18,37.45,352.00,46.30,7.44,98.87,7.01,136.00,86.51,93.01,Pass,0,No,0,None,None
B002109,GLP-1 Agonist,Line 2,11-Jun-2024,2024,Team A,21.51,35.87,295.00,45.60,8.03,99.22,7.04,145.80,86.13,93.01,Pass,0,No,0,None,None
B002111,GLP-1 Agonist,Line 1,09-Aug-2025,2025,Team A,21.35,46.55,320.00,41.50,8.21,98.83,7.07,138.80,86.75,93.01,Pass,0,No,0,None,None
B002691,AED,Line 2,14-Jan-2024,2024,Team C,22.48,50.73,286.00,38.50,7.65,99.09,7.06,133.40,,93.01,Pass,0,No,0,None,None
B002721,GLP-1 Agonist,Line 3,13-Feb-2025,2025,Team C,21.73,39.69,318.00,45.80,8.31,98.88,6.98,,84.92,93.01,Pass,0,Yes,1,Process,Minor
B001048,COX-2 Inhibitor,Line 1,29-Oct-2024,2024,Team A,22.21,43.02,367.00,41.90,7.05,99.36,6.88,126.90,91.57,95.94,Pass,0,No,0,None,None
B000115,Antidepressant,Line 2,03-Feb-2025,2025,Team C,23.22,41.52,303.00,42.40,7.64,99.33,,121.30,86.50,93.00,Pass,0,No,0,None,None
B000556,Antidepressant,Line 3,30-Sep-2025,2025,Team C,21.88,46.54,336.00,44.30,7.66,99.34,6.72,141.40,89.34,93.00,Pass,0,No,0,None,None
B000651,GLP-1 Agonist,Line 1,20-Mar-2025,2025,Team B,21.43,32.95,275.00,44.10,7.82,99.62,6.98,142.60,89.46,93.00,Pass,0,No,0,None,None
B001103,AED,Line 2,08-Oct-2024,2024,Team B,21.33,41.00,298.00,46.30,7.12,98.74,6.97,119.90,89.56,93.00,Pass,0,No,0,None,None
B001151,Antidepressant,Line 1,11-Mar-2024,2024,Team A,22.43,42.29,328.00,48.10,7.02,99.52,6.75,140.80,92.12,93.00,Pass,0,No,0,None,None
B001487,AED,Line 3,28-Jul-2024,2024,Team D,23.14,41.38,318.00,49.30,7.43,98.81,7.11,128.60,89.29,93.00,Pass,0,No,0,None,None
B001764,Antidepressant,Line 2,18-Feb-2025,2025,Team C,22.59,37.16,353.00,46.40,7.82,99.43,6.73,136.50,87.21,93.00,Failed,1,No,0,None,None
B001970,GLP-1 Agonist,Line 2,19-Jul-2025,2025,Team B,21.56,43.05,313.00,44.80,8.22,98.86,6.99,142.30,87.30,93.00,Pass,0,No,0,None,None
B002476,Antidepressant,Line 1,02-Sep-2024,2024,Team C,22.62,39.22,342.00,40.20,6.40,99.34,6.63,108.10,90.00,93.00,Pass,0,No,0,None,None
B000020,COX-2 Inhibitor,Line 1,02-Mar-2025,2025,Team D,22.86,43.02,345.00,44.10,6.73,99.54,6.71,120.70,83.16,95.97,Pass,0,No,0,None,None
B000403,AED,Line 2,01-Feb-2024,2024,Team B,20.82,39.88,315.00,43.10,6.97,99.14,7.00,146.00,83.98,92.99,Pass,0,No,0,None,None
B000537,GLP-1 Agonist,Line 1,10-Jul-2024,2024,Team B,22.03,41.84,321.00,51.00,6.90,98.78,6.91,148.50,83.06,92.99,Failed,1,No,0,None,None
B000540,AED,Line 1,20-May-2025,2025,Team A,21.92,48.51,315.00,51.30,7.54,98.61,6.79,138.60,83.07,92.99,Pass,0,No,0,None,None
B000765,AED,Line 1,16-Mar-2024,2024,Team B,21.49,48.10,335.00,40.60,7.75,99.24,6.85,118.60,91.19,92.99,Pass,0,No,0,None,None
B000977,GLP-1 Agonist,Line 1,10-Sep-2025,2025,Team B,21.28,42.29,297.00,46.30,8.34,98.79,6.97,136.10,86.66,92.99,Pass,0,No,0,None,None
B001008,GLP-1 Agonist,Line 1,19-Jan-2024,2024,Team D,21.52,32.71,282.00,49.80,7.81,98.89,6.86,135.50,86.97,92.99,Pass,0,No,0,None,None
B001291,GLP-1 Agonist,Line 1,13-Apr-2025,2025,Team A,20.34,51.36,298.00,46.40,7.20,98.88,6.91,147.60,89.14,92.99,Pass,0,No,0,None,None
B001926,Antidepressant,Line 2,26-Apr-2025,2025,Team C,22.12,39.53,290.00,38.10,7.36,98.66,6.61,128.40,89.37,92.99,Pass,0,No,0,None,None
B002606,Antidepressant,Line 2,03-Apr-2024,2024,Team D,22.07,36.67,321.00,46.80,6.97,98.89,6.67,136.90,86.12,92.99,Pass,0,No,0,None,None
B002719,Antidepressant,Line 1,22-Aug-2024,2024,Team B,21.55,42.09,301.00,41.60,8.03,99.08,6.92,113.40,86.10,92.99,Pass,0,No,0,None,None
B000276,GLP-1 Agonist,Line 3,24-Nov-2025,2025,Team A,22.19,45.62,321.00,51.10,7.81,98.69,,142.90,84.57,92.98,Pass,0,No,0,None,None
B000428,AED,Line 3,21-Jun-2024,2024,Team C,22.77,43.76,308.00,47.80,8.72,98.94,6.77,128.20,86.86,92.98,Pass,0,No,0,None,None
B000494,GLP-1 Agonist,Line 2,30-Jan-2025,2025,Team D,20.17,48.65,295.00,48.40,8.25,98.05,7.17,136.30,88.09,92.98,Pass,0,No,0,None,None
B000529,COX-2 Inhibitor,Line 3,15-Dec-2024,2024,Team C,22.98,38.21,315.00,36.30,7.38,99.05,6.57,116.20,88.71,95.97,Pass,0,No,0,None,None
B001104,AED,Line 1,03-Jul-2025,2025,Team A,21.86,44.01,350.00,39.60,6.95,99.19,6.98,119.00,88.69,92.98,Pass,0,No,0,None,None
B001369,Antidepressant,Line 1,26-Jan-2025,2025,Team C,21.91,42.42,343.00,44.00,7.71,98.96,6.90,123.00,86.89,92.98,Pass,0,No,0,None,None
B001633,COX-2 Inhibitor,Line 1,20-Sep-2024,2024,Team D,21.67,49.22,345.00,41.50,6.46,99.31,,121.70,88.26,95.97,Pass,0,Yes,1,Process,Major
B001540,GLP-1 Agonist,Line 2,12-Sep-2024,2024,Team B,21.37,34.74,317.00,42.80,7.50,99.06,6.67,126.50,88.40,92.98,Pass,0,No,0,None,None
B001619,AED,Line 2,14-Mar-2024,2024,Team D,22.57,43.74,298.00,50.20,8.49,98.91,7.01,123.90,87.46,92.98,Pass,0,No,0,None,None
B002590,GLP-1 Agonist,Line 2,12-Feb-2025,2025,Team C,22.62,30.75,309.00,50.40,7.41,99.27,7.00,146.00,86.73,92.98,Pass,0,No,0,None,None
B002604,COX-2 Inhibitor,Line 3,23-Jul-2024,2024,Team C,21.84,45.60,346.00,48.60,7.45,99.05,7.00,125.30,86.78,95.97,Pass,0,No,0,None,None
B000310,Antidepressant,Line 1,05-Jun-2024,2024,Team B,21.96,38.12,325.00,46.60,6.29,99.00,6.77,130.80,85.89,92.97,Pass,0,No,0,None,None
B000334,AED,Line 1,18-Jul-2025,2025,Team C,22.15,46.65,340.00,47.00,7.45,98.42,6.90,144.40,84.92,92.97,Pass,0,No,0,None,None
B000503,AED,Line 1,04-Aug-2025,2025,Team A,20.54,49.99,313.00,37.40,6.43,,6.94,125.00,91.37,92.97,Pass,0,No,0,None,None
B001027,AED,Line 2,14-Mar-2024,2024,Team A,22.25,45.27,292.00,55.00,6.87,98.36,6.89,135.40,86.26,92.96,Pass,0,No,0,None,None
B001275,Antidepressant,Line 1,29-Feb-2024,2024,Team D,21.33,38.03,308.00,36.00,6.88,99.07,6.84,112.40,86.46,92.96,Pass,0,No,0,None,None
B001455,GLP-1 Agonist,Line 2,24-Apr-2024,2024,Team B,22.38,37.36,345.00,58.20,7.04,98.61,7.03,159.40,83.63,92.96,Pass,0,No,0,None,None
B001471,AED,Line 3,06-Jan-2024,2024,Team C,,38.34,315.00,46.90,8.25,99.25,6.89,129.00,83.34,92.96,Pass,0,No,0,None,None
B002049,Antidepressant,Line 1,20-Sep-2024,2024,Team C,22.32,40.57,354.00,46.10,7.42,99.63,6.95,106.40,83.65,92.96,Pass,0,No,0,None,None
B000009,Antidepressant,Line 1,20-Dec-2025,2025,Team C,22.34,40.47,307.00,37.20,6.60,99.05,6.61,115.50,91.64,92.95,Pass,0,No,0,None,None
B000056,AED,Line 2,17-Jul-2025,2025,Team A,,41.85,316.00,54.40,7.45,98.93,6.95,144.20,84.83,92.95,Pass,0,No,0,None,None
B002914,COX-2 Inhibitor,Line 1,07-May-2025,2025,Team C,23.01,42.90,317.00,42.20,7.99,99.40,6.76,118.00,89.15,95.98,Failed,1,No,0,None,None
B000366,GLP-1 Agonist,Line 1,26-Nov-2024,2024,Team D,21.65,46.36,316.00,44.70,6.53,99.20,7.15,139.60,89.61,92.95,Pass,0,No,0,None,None
B000820,Antidepressant,Line 3,21-Sep-2024,2024,Team A,21.87,42.86,343.00,39.70,8.26,99.22,6.93,126.70,84.22,92.95,Pass,0,No,0,None,None
B001385,AED,Line 3,03-Feb-2024,2024,Team A,22.61,53.87,321.00,42.50,8.70,98.57,7.08,137.20,87.48,92.95,Pass,0,No,0,None,None
B001395,AED,Line 2,22-Jul-2025,2025,Team B,20.91,43.95,312.00,37.80,7.19,98.96,6.85,114.10,87.13,92.95,Pass,0,No,0,None,None
B002169,GLP-1 Agonist,Line 1,22-Jan-2025,2025,Team D,21.57,37.68,311.00,37.10,7.83,99.28,6.93,126.70,86.17,92.95,Failed,1,Yes,1,Material,Minor
B002762,AED,Line 3,11-Jun-2025,2025,Team B,21.65,45.71,311.00,36.30,6.80,98.65,7.09,115.60,84.78,92.95,Pass,0,No,0,None,None
B000278,GLP-1 Agonist,Line 2,22-Feb-2025,2025,Team A,22.63,37.22,295.00,52.20,7.35,99.07,7.01,153.60,87.21,92.94,Pass,0,No,0,None,None
B000497,GLP-1 Agonist,Line 3,04-Jan-2024,2024,Team B,21.47,36.36,321.00,45.10,7.62,98.87,6.81,150.60,87.58,92.94,Pass,0,No,0,None,None
B001381,GLP-1 Agonist,Line 2,18-May-2024,2024,Team C,21.45,45.05,298.00,43.30,8.66,98.84,6.85,126.50,87.11,92.94,Pass,0,No,0,None,None
B001663,AED,Line 2,06-Mar-2024,2024,Team C,22.00,49.77,284.00,44.60,7.39,98.95,7.05,121.40,84.14,92.94,Pass,0,No,0,None,None
B000003,AED,Line 1,20-Feb-2025,2025,Team A,,42.43,337.00,41.30,7.32,98.88,7.04,108.90,89.62,92.93,Pass,0,No,0,None,None
B000203,GLP-1 Agonist,Line 3,15-Mar-2024,2024,Team C,21.16,43.95,311.00,53.60,7.39,98.74,7.23,155.40,85.74,92.93,Failed,1,No,0,None,None
B000263,GLP-1 Agonist,Line 1,20-Feb-2025,2025,Team B,20.79,53.06,305.00,50.80,7.02,99.12,7.12,152.60,83.57,92.93,Pass,0,No,0,None,None
B002213,AED,Line 3,07-Dec-2025,2025,Team D,22.00,55.14,317.00,45.20,6.92,98.67,7.08,148.80,86.63,92.93,Pass,0,No,0,None,None
B002285,Antidepressant,Line 1,08-Jun-2024,2024,Team A,22.23,37.26,304.00,35.20,7.29,99.00,6.49,123.20,87.50,92.93,Pass,0,Yes,1,Documentation,Minor
B000052,Antidepressant,Line 1,17-Jun-2024,2024,Team D,21.22,47.37,320.00,27.80,7.75,,6.98,107.70,94.34,92.92,Pass,0,No,0,None,None
B000532,COX-2 Inhibitor,Line 1,03-Jan-2024,2024,Team D,21.09,50.13,350.00,36.90,7.41,99.19,7.00,119.10,89.48,95.99,Pass,0,No,0,None,None
B000805,Antidepressant,Line 1,05-Aug-2025,2025,Team A,21.69,41.18,318.00,48.60,6.66,99.60,6.82,139.90,87.37,92.92,Pass,0,No,0,None,None
B001559,COX-2 Inhibitor,Line 1,31-Jul-2025,2025,Team C,23.83,39.04,345.00,40.30,6.24,99.18,6.88,113.50,91.70,95.99,Pass,0,No,0,None,None
B000972,Antidepressant,Line 1,27-May-2024,2024,Team D,19.69,38.34,320.00,38.40,6.73,99.15,6.71,120.90,89.25,92.92,Pass,0,No,0,None,None
B001763,Antidepressant,Line 3,02-Apr-2024,2024,Team D,22.21,46.56,327.00,41.50,7.55,99.25,7.02,126.00,85.77,92.92,Pass,0,No,0,None,None
B000522,GLP-1 Agonist,Line 3,13-Sep-2024,2024,Team D,20.90,41.89,307.00,55.80,9.35,99.23,6.94,156.60,84.27,92.91,Pass,0,No,0,None,None
B000943,Antidepressant,Line 1,01-Jun-2024,2024,Team A,21.09,34.55,315.00,42.30,7.89,99.08,6.82,116.30,89.12,92.91,Pass,0,No,0,None,None
B001139,Antidepressant,Line 3,10-Jul-2024,2024,Team D,22.00,47.95,312.00,47.80,7.48,98.87,6.73,126.90,87.57,92.91,Pass,0,No,0,None,None
B001285,AED,Line 3,08-Sep-2024,2024,Team C,20.96,41.05,320.00,52.50,8.52,99.06,6.81,131.40,83.91,92.91,Pass,0,No,0,None,None
B001443,Antidepressant,Line 3,24-Nov-2025,2025,Team A,,46.24,317.00,44.50,7.81,99.20,6.84,141.00,85.55,92.91,Pass,0,No,0,None,None
B002024,Antidepressant,Line 2,21-Jan-2025,2025,Team D,,41.01,328.00,50.00,6.93,99.12,6.71,138.40,87.34,92.91,Pass,0,No,0,None,None
B002137,GLP-1 Agonist,Line 1,28-Aug-2025,2025,Team B,21.76,41.50,305.00,51.30,8.45,98.83,7.01,155.50,83.29,92.91,Pass,0,No,0,None,None
B000274,COX-2 Inhibitor,Line 3,29-Dec-2024,2024,Team D,23.29,42.72,363.00,38.10,7.80,98.71,6.76,132.50,90.39,96.00,Pass,0,No,0,None,None
B000671,Antidepressant,Line 2,16-Nov-2024,2024,Team D,22.30,40.19,309.00,44.10,6.95,99.28,6.67,120.50,87.90,92.90,Pass,0,No,0,None,None
B000716,Antidepressant,Line 3,26-Jun-2024,2024,Team D,22.70,38.86,368.00,34.70,7.59,98.54,6.71,115.70,,92.90,Pass,0,No,0,None,None
B000964,Antidepressant,Line 1,17-Oct-2025,2025,Team B,22.48,40.36,347.00,33.10,6.44,99.09,6.71,135.80,88.09,92.90,Pass,0,No,0,None,None
B001357,GLP-1 Agonist,Line 3,30-Jun-2025,2025,Team C,21.35,34.49,266.00,49.50,8.86,98.88,6.81,147.60,84.70,92.90,Pass,0,No,0,None,None
B001422,GLP-1 Agonist,Line 1,09-Nov-2024,2024,Team A,20.27,37.73,274.00,43.00,6.96,99.09,6.71,136.20,85.19,92.90,Pass,0,No,0,None,None
B001491,Antidepressant,Line 2,19-Sep-2024,2024,Team B,21.74,39.28,318.00,38.30,7.29,98.60,6.79,137.10,90.63,92.90,Pass,0,No,0,None,None
B001731,AED,Line 1,16-Oct-2025,2025,Team B,21.91,43.18,354.00,42.50,8.02,98.63,6.85,124.00,84.71,92.90,Pass,0,No,0,None,None
B001936,Antidepressant,Line 1,02-Jan-2025,2025,Team A,21.67,36.87,347.00,51.80,7.46,99.78,6.76,133.30,84.46,92.90,Pass,0,No,0,None,None
B002057,AED,Line 2,26-Nov-2025,2025,Team C,20.69,48.03,331.00,34.70,7.12,98.84,7.02,127.80,,92.90,Pass,0,No,0,None,None
B002888,AED,Line 1,13-Jul-2025,2025,Team A,21.91,44.71,314.00,35.40,6.94,98.79,6.86,117.20,90.41,92.90,Pass,0,No,0,None,None
B002892,AED,Line 2,23-May-2025,2025,Team C,21.77,49.43,322.00,43.50,8.01,98.89,7.08,139.30,87.03,92.90,Pass,0,No,0,None,None
B000252,AED,Line 2,10-Feb-2024,2024,Team B,22.72,,290.00,53.90,7.31,99.02,6.99,134.70,82.58,92.89,Pass,0,No,0,None,None
B000580,GLP-1 Agonist,Line 1,23-Jun-2024,2024,Team D,22.46,43.72,296.00,54.00,7.38,99.00,,136.90,81.49,92.89,Pass,0,No,0,None,None
B000686,GLP-1 Agonist,Line 1,21-Feb-2024,2024,Team D,21.30,39.11,278.00,49.40,7.95,99.29,6.74,140.50,87.13,92.89,Failed,1,No,0,None,None
B000886,GLP-1 Agonist,Line 1,17-May-2025,2025,Team D,21.08,37.11,313.00,53.50,7.99,99.14,6.95,144.70,87.34,92.89,Pass,0,No,0,None,None
B001016,Antidepressant,Line 2,19-Aug-2025,2025,Team A,20.90,,338.00,47.90,6.69,99.55,6.55,147.00,88.04,92.89,Pass,0,No,0,None,None
B001356,Antidepressant,Line 3,21-Feb-2025,2025,Team D,21.55,47.39,278.00,51.40,7.35,98.88,6.98,133.00,86.90,92.89,Failed,1,No,0,None,None
B001535,Antidepressant,Line 2,16-Dec-2025,2025,Team B,22.81,41.41,329.00,35.10,6.90,99.05,6.79,129.20,86.56,92.89,Pass,0,No,0,None,None
B001868,Antidepressant,Line 1,16-Apr-2025,2025,Team C,23.45,32.65,314.00,48.30,6.73,99.38,6.65,132.00,86.40,92.89,Pass,0,No,0,None,None
B002195,COX-2 Inhibitor,Line 3,30-Aug-2025,2025,Team B,21.75,54.84,326.00,43.40,7.40,99.22,6.65,126.30,86.97,96.00,Pass,0,No,0,None,None
B002131,Antidepressant,Line 1,02-Dec-2024,2024,Team A,22.55,37.68,320.00,38.00,6.39,98.81,6.65,124.70,87.25,92.89,Pass,0,No,0,None,None
B002874,Antidepressant,Line 1,08-Jun-2024,2024,Team A,23.55,37.27,348.00,35.80,7.72,99.25,6.50,126.70,89.15,92.89,Pass,0,No,0,None,None
B000022,GLP-1 Agonist,Line 3,16-Mar-2025,2025,Team D,22.91,38.06,288.00,52.40,8.60,98.89,6.92,135.20,85.97,92.88,Pass,0,No,0,None,None
B000348,Antidepressant,Line 2,20-Oct-2024,2024,Team B,21.92,44.92,317.00,40.30,6.77,99.10,6.85,121.10,87.49,92.88,Pass,0,No,0,None,None
B000785,AED,Line 2,05-Nov-2024,2024,Team D,22.52,42.73,308.00,38.50,7.35,99.01,6.92,138.50,83.13,92.88,Pass,0,No,0,None,None
B000912,AED,Line 2,10-May-2025,2025,Team C,22.86,47.53,290.00,50.30,7.81,99.54,6.98,130.70,85.29,92.88,Pass,0,No,0,None,None
B001612,COX-2 Inhibitor,Line 1,28-Mar-2024,2024,Team D,21.70,34.76,313.00,39.00,6.62,99.58,6.55,125.90,91.69,96.02,Pass,0,No,0,None,None
B002033,GLP-1 Agonist,Line 1,29-Mar-2025,2025,Team C,21.49,36.86,320.00,54.20,8.83,98.75,7.11,143.30,85.35,92.88,Pass,0,No,0,None,None
B002488,AED,Line 1,13-Jun-2025,2025,Team D,22.40,45.39,312.00,40.70,7.67,99.17,6.82,105.80,89.71,92.88,Pass,0,No,0,None,None
B002751,Antidepressant,Line 1,16-Aug-2025,2025,Team C,23.37,44.79,310.00,41.50,6.76,98.89,6.73,125.40,88.05,92.88,Pass,0,No,0,None,None
B002945,GLP-1 Agonist,Line 1,05-Dec-2025,2025,Team B,22.48,48.39,306.00,51.30,7.88,99.19,7.08,136.70,83.20,92.88,Pass,0,No,0,None,None
B000295,AED,Line 2,07-Sep-2024,2024,Team C,21.50,41.67,331.00,53.20,7.64,99.26,6.80,132.50,88.44,92.87,Pass,0,No,0,None,None
B000396,GLP-1 Agonist,Line 3,29-Aug-2025,2025,Team A,20.83,43.08,289.00,46.40,8.34,98.48,7.06,126.20,86.29,92.87,Pass,0,No,0,None,None
B000416,Antidepressant,Line 1,04-Dec-2024,2024,Team B,21.79,48.44,309.00,38.70,7.22,98.88,6.74,121.10,87.87,92.87,Pass,0,No,0,None,None
B000558,GLP-1 Agonist,Line 3,27-May-2024,2024,Team C,21.51,42.36,305.00,50.40,8.10,98.66,7.19,143.00,83.77,92.87,Pass,0,No,0,None,None
B000564,COX-2 Inhibitor,Line 1,03-Aug-2024,2024,Team B,22.61,44.54,330.00,37.40,6.14,99.03,6.84,113.20,89.07,96.03,Pass,0,No,0,None,None
B000933,GLP-1 Agonist,Line 2,10-May-2025,2025,Team B,19.96,48.61,283.00,50.80,8.89,99.02,7.31,149.90,82.81,92.87,Pass,0,No,0,None,None
B001472,Antidepressant,Line 1,21-Mar-2024,2024,Team D,22.43,39.35,300.00,37.70,6.69,99.55,6.87,124.40,85.15,92.87,Pass,0,No,0,None,None
B001874,AED,Line 2,03-Nov-2024,2024,Team D,19.97,44.47,345.00,41.20,6.22,99.35,6.99,,88.79,92.87,Pass,0,No,0,None,None
B002047,GLP-1 Agonist,Line 1,24-Dec-2024,2024,Team D,21.12,47.46,326.00,39.10,6.90,98.91,7.14,142.40,88.76,92.87,Pass,0,No,0,None,None
B002255,AED,Line 3,29-Mar-2025,2025,Team D,21.39,,315.00,46.30,7.55,99.05,6.99,140.10,83.69,92.87,Pass,0,No,0,None,None
B000604,COX-2 Inhibitor,Line 1,10-Aug-2025,2025,Team B,23.22,41.63,351.00,34.30,6.39,99.21,6.88,125.30,87.62,96.03,Pass,0,No,0,None,None
B000150,Antidepressant,Line 1,07-Jan-2024,2024,Team D,21.12,49.80,273.00,53.10,7.36,99.02,6.79,133.70,83.93,92.86,Pass,0,No,0,None,None
B002227,COX-2 Inhibitor,Line 1,21-Sep-2025,2025,Team A,22.52,47.16,295.00,31.20,6.84,98.90,6.69,122.70,89.08,96.03,Pass,0,No,0,None,None
B001509,Antidepressant,Line 3,20-Feb-2024,2024,Team B,21.40,46.32,313.00,42.10,7.57,99.07,6.76,130.70,85.41,92.86,Pass,0,No,0,None,None
B002748,Antidepressant,Line 3,19-Jul-2025,2025,Team D,21.18,45.55,315.00,45.10,7.47,99.09,6.74,120.40,88.64,92.86,Pass,0,No,0,None,None
B000470,GLP-1 Agonist,Line 3,24-Aug-2025,2025,Team B,20.96,38.15,297.00,55.80,8.42,99.07,6.97,143.30,82.51,92.85,Pass,0,No,0,None,None
B000710,GLP-1 Agonist,Line 3,09-Jul-2024,2024,Team B,20.70,39.88,312.00,44.60,8.80,98.68,7.04,132.00,90.31,92.85,Failed,1,No,0,None,None
B000354,COX-2 Inhibitor,Line 1,12-Jul-2024,2024,Team C,22.78,46.87,364.00,41.00,5.22,98.94,6.95,108.60,85.98,96.04,Pass,0,No,0,None,None
B000958,GLP-1 Agonist,Line 3,22-Oct-2025,2025,Team A,20.90,40.54,310.00,40.30,7.21,99.01,6.90,146.20,87.64,92.85,Pass,0,Yes,1,Environmental,Minor
B001670,AED,Line 1,04-Jun-2024,2024,Team B,22.80,38.89,302.00,51.70,8.65,99.42,6.88,142.30,85.31,92.85,Pass,0,No,0,None,None
B002072,GLP-1 Agonist,Line 2,17-Jun-2024,2024,Team C,21.60,43.01,324.00,56.50,8.30,98.52,7.20,134.20,80.01,92.85,Pass,0,No,0,None,None
B001751,COX-2 Inhibitor,Line 1,31-Jan-2025,2025,Team B,22.68,43.72,322.00,40.90,7.09,99.36,6.65,106.60,88.26,96.04,Pass,0,No,0,None,None
B002677,GLP-1 Agonist,Line 1,16-Nov-2025,2025,Team A,20.57,38.31,314.00,42.70,8.54,98.83,7.12,123.60,87.01,92.85,Pass,0,No,0,None,None
B002700,AED,Line 1,14-Dec-2025,2025,Team A,22.18,51.82,340.00,52.40,7.53,99.10,7.04,114.90,87.76,92.85,Pass,0,No,0,None,None
B002889,Antidepressant,Line 3,30-Sep-2025,2025,Team C,21.36,39.76,322.00,43.10,7.63,99.33,6.82,122.40,86.64,92.85,Pass,0,No,0,None,None
B002905,GLP-1 Agonist,Line 2,14-Dec-2024,2024,Team B,20.95,48.91,277.00,47.40,7.38,98.82,7.05,124.50,85.07,92.85,Pass,0,No,0,None,None
B001043,COX-2 Inhibitor,Line 1,27-Feb-2025,2025,Team A,22.16,39.26,316.00,36.50,6.59,99.47,6.63,107.20,92.07,96.05,Pass,0,No,0,None,None
B000143,AED,Line 3,05-Apr-2024,2024,Team A,21.05,41.16,300.00,40.70,7.32,98.63,6.97,122.60,84.86,92.83,Pass,0,No,0,None,None
B001775,COX-2 Inhibitor,Line 1,15-Aug-2024,2024,Team C,20.75,42.38,336.00,30.70,5.90,98.98,6.78,133.50,91.38,96.06,Pass,0,No,0,None,None
B001658,AED,Line 1,08-Aug-2025,2025,Team C,21.26,46.16,327.00,48.00,7.03,99.31,6.84,148.00,84.92,92.83,Pass,0,No,0,None,None
B001711,AED,Line 3,14-Apr-2025,2025,Team A,22.18,42.26,313.00,40.80,8.29,99.31,7.03,122.70,83.76,92.83,Pass,0,No,0,None,None
B002092,AED,Line 3,03-Jan-2025,2025,Team D,22.97,46.90,320.00,41.90,7.75,99.00,7.05,111.40,89.27,92.83,Pass,0,Yes,1,Equipment,Major
B002164,GLP-1 Agonist,Line 2,21-Sep-2024,2024,Team D,22.35,36.52,277.00,50.90,8.54,98.97,6.99,141.40,80.27,92.83,Pass,0,No,0,None,None
B000221,GLP-1 Agonist,Line 1,08-Nov-2024,2024,Team C,22.67,40.14,281.00,43.90,6.63,99.36,6.98,135.00,86.88,92.82,Pass,0,No,0,None,None
B000771,Antidepressant,Line 3,24-Apr-2025,2025,Team A,22.09,39.87,301.00,51.00,7.13,98.90,6.70,122.10,88.52,92.82,Pass,0,No,0,None,None
B000776,AED,Line 2,09-Jun-2024,2024,Team A,21.61,42.52,316.00,44.50,7.57,98.69,7.00,137.80,87.89,92.82,Pass,0,No,0,None,None
B000951,GLP-1 Agonist,Line 2,13-May-2025,2025,Team A,22.86,32.17,290.00,45.80,8.80,99.04,6.89,132.50,87.09,92.82,Pass,0,No,0,None,None
B001221,Antidepressant,Line 1,11-Feb-2025,2025,Team B,22.65,42.99,292.00,41.90,6.71,98.76,6.82,124.10,86.89,92.82,Pass,0,No,0,None,None
B002783,COX-2 Inhibitor,Line 2,29-Feb-2024,2024,Team A,21.76,45.11,333.00,28.10,5.85,99.35,6.73,131.90,88.91,96.06,Pass,0,No,0,None,None
B002042,AED,Line 1,27-Mar-2025,2025,Team D,20.98,42.93,336.00,43.60,6.45,98.90,,132.00,89.94,92.82,Pass,0,No,0,None,None
B002803,Antidepressant,Line 3,02-Nov-2024,2024,Team B,22.39,42.59,321.00,37.00,6.65,98.57,6.68,99.10,,92.82,Pass,0,Yes,1,Environmental,Minor
B000605,AED,Line 3,05-Oct-2025,2025,Team D,21.15,35.15,350.00,53.70,8.77,99.29,6.74,147.20,84.15,92.81,Pass,0,No,0,None,None
B000780,AED,Line 3,26-Apr-2025,2025,Team A,21.61,42.65,295.00,51.90,7.35,,6.75,147.10,82.84,92.81,Pass,0,Yes,1,Material,Minor
B000876,AED,Line 2,16-Jun-2024,2024,Team B,22.00,55.17,329.00,46.30,7.13,98.45,7.05,131.60,89.01,92.81,Pass,0,No,0,None,None
B000924,GLP-1 Agonist,Line 3,08-Jul-2024,2024,Team C,21.34,,341.00,50.50,7.03,98.61,7.15,118.80,86.12,92.81,Pass,0,No,0,None,None
B000994,Antidepressant,Line 1,08-Apr-2024,2024,Team B,21.51,40.17,340.00,31.40,7.10,98.64,6.74,133.50,91.46,92.81,Pass,0,No,0,None,None
B001099,AED,Line 3,26-Dec-2024,2024,Team D,21.02,51.08,336.00,49.20,8.14,98.98,7.08,134.40,89.14,92.81,Pass,0,No,0,None,None
B001164,Antidepressant,Line 2,25-Mar-2025,2025,Team C,22.77,44.68,307.00,33.40,5.61,98.75,6.78,129.40,89.20,92.81,Pass,0,Yes,1,Process,Minor
B002434,GLP-1 Agonist,Line 2,22-May-2024,2024,Team C,20.03,46.97,264.00,61.60,8.77,98.96,7.04,131.30,82.04,92.81,Pass,0,No,0,None,None
B002784,GLP-1 Agonist,Line 3,31-May-2025,2025,Team A,23.42,33.68,296.00,46.00,7.33,98.90,6.93,147.50,83.69,92.81,Pass,0,No,0,None,None
B002883,GLP-1 Agonist,Line 3,11-Apr-2024,2024,Team C,22.86,35.41,275.00,43.90,7.32,99.12,7.04,138.60,89.10,92.81,Pass,0,No,0,None,None
B001006,GLP-1 Agonist,Line 1,22-Jul-2024,2024,Team C,21.35,41.70,319.00,47.20,7.10,99.32,7.13,128.10,83.10,92.80,Pass,0,No,0,None,None
B001406,GLP-1 Agonist,Line 2,08-Jul-2024,2024,Team D,21.90,33.86,307.00,45.80,7.72,98.78,,149.20,82.53,92.80,Pass,0,No,0,None,None
B001675,AED,Line 2,27-Sep-2024,2024,Team A,23.75,43.82,301.00,48.60,6.85,98.70,6.78,134.00,86.65,92.80,Pass,0,No,0,None,None
B002073,Antidepressant,Line 2,17-Aug-2025,2025,Team A,21.49,41.45,284.00,36.50,6.13,98.90,6.72,120.10,89.01,92.80,Pass,0,No,0,None,None
B002639,AED,Line 1,19-Jun-2025,2025,Team C,21.41,39.54,312.00,50.50,7.29,99.15,7.05,136.40,91.28,92.80,Pass,0,No,0,None,None
B002852,GLP-1 Agonist,Line 3,09-Dec-2024,2024,Team A,22.95,41.65,307.00,50.40,8.37,99.21,7.00,144.90,80.88,92.80,Pass,0,No,0,None,None
B002917,Antidepressant,Line 3,18-Feb-2025,2025,Team D,21.38,45.42,332.00,43.40,7.88,98.97,6.83,131.90,87.82,92.80,Pass,0,No,0,None,None
B000429,Antidepressant,Line 3,03-Jun-2024,2024,Team D,22.11,39.36,310.00,42.30,7.91,99.39,6.74,134.90,90.32,92.79,Pass,0,No,0,None,None
B000865,Antidepressant,Line 3,26-Jul-2025,2025,Team B,23.69,44.86,337.00,38.90,6.97,99.60,6.72,122.20,89.90,92.79,Pass,0,No,0,None,None
B001067,GLP-1 Agonist,Line 1,08-Aug-2025,2025,Team D,20.26,43.61,312.00,39.70,6.67,98.79,7.19,138.90,86.96,92.79,Pass,0,No,0,None,None
B001566,GLP-1 Agonist,Line 2,14-Oct-2024,2024,Team C,21.33,35.19,279.00,56.10,8.69,99.31,6.95,146.50,82.57,92.79,Pass,0,No,0,None,None
B002775,COX-2 Inhibitor,Line 1,13-Jul-2024,2024,Team D,22.24,42.65,364.00,41.10,6.62,99.17,6.83,112.10,91.53,96.08,Pass,0,No,0,None,None
B001708,GLP-1 Agonist,Line 2,25-May-2024,2024,Team B,21.37,38.13,302.00,48.50,7.74,98.54,6.93,156.90,87.09,92.79,Pass,0,No,0,None,None
B001997,GLP-1 Agonist,Line 1,06-Feb-2024,2024,Team D,21.20,36.24,263.00,54.50,8.19,99.02,6.91,142.10,86.63,92.79,Pass,0,No,0,None,None
B002199,Antidepressant,Line 3,14-Feb-2024,2024,Team D,22.21,36.82,290.00,48.00,8.67,98.75,6.59,140.00,88.08,92.79,Failed,1,No,0,None,None
B002301,AED,Line 2,07-Aug-2024,2024,Team A,21.49,51.25,337.00,46.10,7.30,98.83,7.01,117.40,84.64,92.79,Pass,0,No,0,None,None
B002365,COX-2 Inhibitor,Line 3,27-Mar-2025,2025,Team B,21.30,41.79,344.00,40.40,7.34,99.27,6.86,125.80,88.79,96.11,Pass,0,No,0,None,None
B002763,Antidepressant,Line 3,21-Jul-2024,2024,Team C,21.77,42.50,348.00,54.50,8.74,98.45,6.69,,89.98,92.79,Pass,0,No,0,None,None
B002858,GLP-1 Agonist,Line 2,04-Oct-2024,2024,Team C,20.59,37.85,308.00,45.50,7.37,99.05,7.05,139.80,86.20,92.79,Pass,0,No,0,None,None
B000033,GLP-1 Agonist,Line 1,04-Feb-2024,2024,Team D,21.29,32.88,294.00,43.20,8.03,99.10,6.72,146.90,86.98,92.78,Pass,0,No,0,None,None
B000774,AED,Line 3,05-Aug-2024,2024,Team B,21.80,44.34,319.00,45.80,9.19,98.90,7.13,155.00,83.76,92.78,Pass,0,No,0,None,None
B001271,AED,Line 3,18-Feb-2024,2024,Team B,22.06,39.66,286.00,37.20,7.22,98.99,6.74,133.90,87.02,92.78,Pass,0,Yes,1,Documentation,Minor
B001792,GLP-1 Agonist,Line 1,29-Jan-2025,2025,Team A,22.08,46.85,312.00,50.10,7.28,98.71,7.02,140.10,84.43,92.78,Pass,0,No,0,None,None
B002015,GLP-1 Agonist,Line 1,15-Mar-2025,2025,Team A,21.14,43.52,277.00,51.70,8.40,98.86,7.05,146.30,81.91,92.78,Pass,0,No,0,None,None
B002165,AED,Line 2,12-Aug-2024,2024,Team B,21.32,47.23,335.00,52.70,7.70,99.02,6.90,140.80,85.99,92.78,Pass,0,No,0,None,None
B002729,GLP-1 Agonist,Line 3,18-Jan-2024,2024,Team B,21.81,34.03,296.00,43.50,8.09,99.49,6.84,135.20,89.67,92.78,Pass,0,No,0,None,None
B000641,COX-2 Inhibitor,Line 1,01-Jun-2025,2025,Team D,21.84,38.66,330.00,38.80,5.78,99.11,6.67,117.00,87.12,96.12,Pass,0,No,0,None,None
B000314,GLP-1 Agonist,Line 2,02-Aug-2025,2025,Team B,,40.84,329.00,42.00,7.74,99.29,6.97,142.80,85.82,92.77,Pass,0,No,0,None,None
B000694,GLP-1 Agonist,Line 2,05-Jan-2025,2025,Team D,21.60,,314.00,54.80,6.82,98.92,7.13,130.10,78.93,92.77,Pass,0,Yes,1,Equipment,Minor
B000700,GLP-1 Agonist,Line 2,29-May-2025,2025,Team C,20.62,39.65,290.00,48.50,7.31,98.89,7.08,152.10,90.36,92.77,Pass,0,No,0,None,None
B000757,GLP-1 Agonist,Line 1,29-Jan-2024,2024,Team B,31.50,35.88,298.00,45.90,8.77,99.49,7.01,147.00,86.25,92.77,Pass,0,No,0,None,None
B000788,GLP-1 Agonist,Line 1,19-Apr-2024,2024,Team A,22.66,38.64,323.00,54.20,7.80,98.86,6.94,166.60,83.84,92.77,Pass,0,No,0,None,None
B000836,COX-2 Inhibitor,Line 2,07-Feb-2024,2024,Team A,23.20,43.45,344.00,40.00,6.28,99.24,6.70,117.00,87.41,96.12,Pass,0,Yes,1,Material,Minor
B001372,AED,Line 1,09-Nov-2025,2025,Team B,21.26,46.86,319.00,48.20,7.22,99.22,6.87,129.40,88.85,92.77,Pass,0,No,0,None,None
B001384,AED,Line 2,13-Sep-2025,2025,Team A,21.22,39.88,299.00,23.60,6.31,98.70,6.73,118.40,89.60,92.77,Failed,1,No,0,None,None
B001417,GLP-1 Agonist,Line 2,08-Sep-2025,2025,Team C,21.32,46.25,300.00,52.20,7.75,98.94,7.09,153.40,83.46,92.77,Pass,0,No,0,None,None
B002116,AED,Line 3,22-Jun-2025,2025,Team A,21.18,44.83,284.00,42.70,7.06,99.39,7.04,135.20,86.86,92.77,Failed,1,No,0,None,None
B002219,AED,Line 1,26-Sep-2025,2025,Team B,21.17,46.21,344.00,37.70,7.16,99.48,7.02,124.30,88.96,92.77,Pass,0,No,0,None,None
B002374,Antidepressant,Line 2,24-Jul-2025,2025,Team B,22.87,43.44,276.00,39.10,7.19,99.21,6.82,108.60,88.25,92.77,Pass,0,No,0,None,None
B002385,Antidepressant,Line 1,20-May-2024,2024,Team C,20.89,38.75,294.00,46.60,6.91,99.37,6.67,,86.94,92.77,Pass,0,No,0,None,None
B000980,Antidepressant,Line 2,18-Sep-2025,2025,Team D,20.59,32.44,327.00,33.90,6.15,98.76,6.71,131.70,89.93,92.76,Pass,0,No,0,None,None
B001209,Antidepressant,Line 2,14-Jun-2024,2024,Team D,22.84,40.99,314.00,30.30,7.15,98.92,6.69,115.00,88.65,92.76,Pass,0,No,0,None,None
B001279,AED,Line 1,18-Aug-2024,2024,Team A,21.91,38.28,323.00,38.10,7.22,99.14,6.57,118.40,89.98,92.76,Pass,0,No,0,None,None
B001429,COX-2 Inhibitor,Line 1,18-Jun-2024,2024,Team A,22.85,42.51,339.00,37.10,5.77,98.48,6.74,113.30,91.59,96.12,Pass,0,No,0,None,None
B001375,AED,Line 2,03-May-2025,2025,Team D,22.42,44.42,324.00,40.50,7.58,99.27,7.06,127.70,85.24,92.75,Pass,0,No,0,None,None
B001650,AED,Line 2,25-Sep-2025,2025,Team C,21.45,46.88,310.00,39.40,6.60,98.95,6.97,138.60,87.94,92.75,Pass,0,No,0,None,None
B001727,GLP-1 Agonist,Line 3,09-Nov-2024,2024,Team A,21.55,42.29,305.00,45.50,7.67,98.61,7.02,133.80,83.05,92.75,Pass,0,No,0,None,None
B002610,GLP-1 Agonist,Line 3,25-Jul-2025,2025,Team C,21.64,40.89,282.00,48.00,7.62,99.01,6.92,146.70,89.99,92.75,Pass,0,Yes,1,Equipment,Minor
B002903,Antidepressant,Line 1,05-Jan-2024,2024,Team C,22.84,46.20,309.00,39.20,7.26,98.88,7.00,115.60,85.83,92.75,Pass,0,No,0,None,None
B000441,AED,Line 1,07-Nov-2024,2024,Team B,22.12,41.95,289.00,35.60,7.33,98.86,6.91,130.90,88.95,92.74,Pass,0,No,0,None,None
B000449,Antidepressant,Line 1,05-Aug-2025,2025,Team C,21.88,42.46,299.00,34.80,6.28,98.90,6.72,121.80,86.73,92.74,Pass,0,No,0,None,None
B000679,Antidepressant,Line 1,15-Aug-2024,2024,Team C,21.44,45.67,297.00,32.40,6.46,99.28,6.52,120.30,88.40,92.74,Pass,0,No,0,None,None
B001004,Antidepressant,Line 1,18-Oct-2025,2025,Team B,20.66,41.51,328.00,44.80,6.85,99.19,6.65,143.70,86.22,92.74,Pass,0,No,0,None,None
B001013,GLP-1 Agonist,Line 3,28-Oct-2024,2024,Team D,21.79,36.63,305.00,53.70,7.95,98.66,6.85,151.70,84.96,92.74,Pass,0,No,0,None,None
B001778,GLP-1 Agonist,Line 1,09-Nov-2024,2024,Team C,22.81,40.21,295.00,56.40,7.86,98.79,6.97,142.50,86.70,92.74,Pass,0,No,0,None,None
B002989,Antidepressant,Line 3,30-Jan-2024,2024,Team A,22.04,44.58,282.00,46.50,7.66,99.30,6.56,138.30,85.24,92.74,Pass,0,No,0,None,None
B000739,GLP-1 Agonist,Line 3,15-May-2025,2025,Team A,21.65,42.29,304.00,48.00,8.71,98.79,6.86,140.50,84.19,92.73,Pass,0,No,0,None,None
B001059,GLP-1 Agonist,Line 2,24-Sep-2025,2025,Team A,20.73,41.64,317.00,46.80,8.14,98.89,7.06,141.20,84.98,92.73,Pass,0,No,0,None,None
B001597,Antidepressant,Line 2,16-Nov-2025,2025,Team A,20.77,39.01,327.00,41.00,8.06,99.69,6.94,125.30,84.21,92.73,Pass,0,No,0,None,None
B001692,AED,Line 1,08-Jan-2025,2025,Team A,22.03,46.93,318.00,38.20,7.83,99.34,7.00,122.90,89.51,92.73,Pass,0,No,0,None,None
B001811,Antidepressant,Line 2,14-Dec-2025,2025,Team C,22.82,38.19,330.00,49.70,7.23,,6.73,137.00,86.64,92.73,Failed,1,No,0,None,None
B002493,Antidepressant,Line 1,24-May-2025,2025,Team A,21.90,38.18,295.00,35.40,6.76,99.19,6.85,96.50,85.98,92.73,Pass,0,No,0,None,None
B002853,AED,Line 1,02-Jul-2024,2024,Team C,21.18,37.86,289.00,46.00,7.51,99.21,6.82,123.40,87.30,92.73,Pass,0,No,0,None,None
B000016,Antidepressant,Line 3,12-Sep-2025,2025,Team D,23.25,42.05,319.00,39.60,8.48,99.06,6.94,122.60,89.01,92.72,Pass,0,No,0,None,None
B000029,Antidepressant,Line 2,15-Dec-2024,2024,Team C,21.87,36.20,340.00,38.30,6.95,98.85,6.76,138.20,90.84,92.72,Pass,0,No,0,None,None
B000297,AED,Line 3,15-Dec-2025,2025,Team C,21.37,47.65,326.00,53.80,8.04,98.68,7.02,133.30,87.28,92.72,Pass,0,Yes,1,Environmental,Minor
B001339,AED,Line 2,26-Apr-2024,2024,Team D,,38.71,334.00,50.50,7.02,99.41,6.67,135.00,88.30,92.72,Pass,0,No,0,None,None
B002275,AED,Line 2,28-Jun-2025,2025,Team B,21.15,44.12,295.00,41.40,7.15,98.87,6.97,128.40,87.02,92.72,Pass,0,No,0,None,None
B000092,COX-2 Inhibitor,Line 3,11-Aug-2024,2024,Team B,22.45,34.79,333.00,33.40,7.23,98.97,6.57,132.50,87.10,96.13,Pass,0,Yes,1,Equipment,Minor
B002545,GLP-1 Agonist,Line 2,10-Feb-2025,2025,Team B,21.34,29.77,315.00,49.20,8.09,99.39,6.71,128.20,80.56,92.72,Pass,0,No,0,None,None
B002660,Antidepressant,Line 3,25-Nov-2025,2025,Team B,21.57,41.40,321.00,34.60,7.88,98.77,6.55,130.30,89.74,92.72,Pass,0,No,0,None,None
B001797,COX-2 Inhibitor,Line 1,29-Sep-2025,2025,Team D,21.87,40.06,327.00,34.60,7.21,99.37,6.51,107.20,91.35,96.13,Pass,0,No,0,None,None
B000237,GLP-1 Agonist,Line 3,13-May-2024,2024,Team C,21.89,38.25,289.00,43.60,7.76,98.83,7.04,155.20,89.08,92.71,Pass,0,No,0,None,None
B000500,GLP-1 Agonist,Line 3,16-Aug-2025,2025,Team B,21.50,49.24,322.00,46.60,9.20,98.79,7.04,150.90,88.16,92.71,Pass,0,No,0,None,None
B000730,GLP-1 Agonist,Line 3,29-Jun-2025,2025,Team D,21.20,43.59,289.00,51.80,8.37,98.84,6.95,153.30,83.02,92.71,Pass,0,No,0,None,None
B001957,COX-2 Inhibitor,Line 3,13-Feb-2024,2024,Team D,21.68,49.20,341.00,36.80,7.44,99.43,6.79,112.90,90.33,96.13,Pass,0,No,0,None,None
B000884,GLP-1 Agonist,Line 2,22-Sep-2024,2024,Team D,23.67,42.32,323.00,50.30,7.96,98.75,6.96,128.70,84.84,92.71,Pass,0,Yes,1,Material,Minor
B001425,GLP-1 Agonist,Line 2,05-Jul-2025,2025,Team D,21.73,47.90,328.00,52.90,7.45,98.67,7.14,140.80,82.61,92.71,Pass,0,No,0,None,None
B001445,Antidepressant,Line 1,04-Sep-2024,2024,Team B,22.20,44.75,315.00,34.50,6.76,99.11,6.69,114.70,86.45,92.71,Pass,0,No,0,None,None
B002753,AED,Line 3,15-Dec-2025,2025,Team A,22.79,46.56,324.00,39.10,7.16,99.30,7.08,129.30,89.89,92.71,Pass,0,No,0,None,None
B002824,AED,Line 1,01-Jan-2025,2025,Team C,21.06,39.28,287.00,43.80,7.12,98.86,6.76,125.80,86.65,92.71,Pass,0,Yes,1,Process,Minor
B000536,Antidepressant,Line 3,02-Oct-2024,2024,Team D,23.26,37.88,344.00,47.20,7.42,99.17,6.46,136.50,90.10,92.70,Pass,0,No,0,None,None
B000559,COX-2 Inhibitor,Line 2,19-Jan-2025,2025,Team B,22.29,40.79,319.00,39.60,5.41,99.16,6.66,133.60,89.21,96.16,Pass,0,No,0,None,None
B000879,COX-2 Inhibitor,Line 1,04-Mar-2024,2024,Team A,22.99,42.17,347.00,39.70,5.57,99.33,6.74,121.00,87.18,96.16,Pass,0,No,0,None,None
B001083,AED,Line 3,18-Jan-2024,2024,Team A,22.31,51.79,306.00,44.60,7.39,99.21,6.95,,84.02,92.70,Pass,0,No,0,None,None
B002212,GLP-1 Agonist,Line 1,02-Nov-2024,2024,Team A,21.03,45.35,313.00,52.90,8.38,,7.01,141.30,85.35,92.70,Pass,0,No,0,None,None
B002580,AED,Line 3,21-Aug-2025,2025,Team A,20.91,38.50,292.00,43.40,6.58,98.91,6.78,129.40,86.64,92.70,Pass,0,No,0,None,None
B002563,COX-2 Inhibitor,Line 1,20-Oct-2024,2024,Team A,21.79,47.06,363.00,37.70,7.16,99.27,6.57,98.80,87.56,96.17,Pass,0,No,0,None,None
B002722,AED,Line 1,05-Jun-2024,2024,Team B,22.78,40.19,336.00,39.50,6.31,98.80,7.01,119.40,85.54,92.70,Pass,0,No,0,None,None
B000685,COX-2 Inhibitor,Line 1,07-Jun-2025,2025,Team A,22.00,44.48,310.00,36.70,6.15,99.59,6.57,131.90,89.68,96.18,Pass,0,No,0,None,None
B000705,GLP-1 Agonist,Line 1,15-May-2024,2024,Team A,20.24,37.05,295.00,46.00,7.65,99.58,6.94,127.90,87.68,92.69,Pass,0,No,0,None,None
B002182,AED,Line 2,18-Jan-2025,2025,Team B,20.03,52.01,324.00,37.90,7.75,99.19,6.96,127.00,86.28,92.69,Pass,0,No,0,None,None
B000258,Antidepressant,Line 1,05-Feb-2024,2024,Team C,24.58,44.48,323.00,31.60,6.92,99.79,6.93,133.70,90.40,92.68,Pass,0,No,0,None,None
B000720,AED,Line 2,25-Jun-2025,2025,Team B,22.63,44.73,310.00,44.80,7.82,98.90,6.96,122.90,84.27,92.68,Pass,0,Yes,1,Environmental,Minor
B001115,AED,Line 3,15-Oct-2024,2024,Team C,21.73,51.87,313.00,46.20,7.94,98.18,7.10,147.00,80.97,92.68,Pass,0,No,0,None,None
B001818,GLP-1 Agonist,Line 2,05-Oct-2025,2025,Team D,22.55,44.77,320.00,48.50,7.80,99.11,,136.50,85.26,92.68,Pass,0,Yes,1,Equipment,Major
B001853,GLP-1 Agonist,Line 3,19-Jan-2025,2025,Team B,20.86,39.13,302.00,55.40,8.25,99.23,6.88,147.10,83.54,92.68,Pass,0,No,0,None,None
B002205,GLP-1 Agonist,Line 1,27-May-2024,2024,Team D,21.90,42.39,318.00,42.70,7.53,98.80,6.91,133.60,85.30,92.68,Pass,0,No,0,None,None
B003000,Antidepressant,Line 3,14-Apr-2025,2025,Team A,21.35,49.96,300.00,37.40,7.45,98.87,6.88,113.50,93.20,92.68,Pass,0,No,0,None,None
B000759,Antidepressant,Line 3,24-Jan-2025,2025,Team D,21.39,40.32,291.00,44.40,7.41,99.21,6.78,139.40,82.25,92.67,Pass,0,No,0,None,None
B001287,GLP-1 Agonist,Line 3,12-May-2025,2025,Team C,,34.75,292.00,44.50,8.10,99.11,6.85,151.20,85.23,92.67,Pass,0,No,0,None,None
B001795,AED,Line 1,10-Jun-2025,2025,Team C,22.79,34.47,303.00,48.60,7.47,99.68,6.65,133.20,86.19,92.67,Pass,0,No,0,None,None
B001860,Antidepressant,Line 1,09-Mar-2025,2025,Team D,20.74,43.73,303.00,50.40,7.79,99.06,6.89,138.30,84.82,92.67,Pass,0,No,0,None,None
B002187,AED,Line 1,17-Sep-2024,2024,Team B,22.70,45.41,319.00,50.40,8.91,98.83,6.76,130.80,88.04,92.67,Pass,0,No,0,None,None
B002375,GLP-1 Agonist,Line 2,17-Jul-2025,2025,Team C,20.35,39.31,311.00,52.40,7.75,,6.75,138.00,84.55,92.67,Pass,0,No,0,None,None
B000005,Antidepressant,Line 1,22-Feb-2025,2025,Team C,22.12,35.37,318.00,30.90,6.06,99.26,6.95,126.70,90.43,92.66,Pass,0,No,0,None,None
B001756,COX-2 Inhibitor,Line 2,03-Sep-2025,2025,Team B,21.75,42.68,351.00,42.50,6.70,98.98,6.73,123.30,,96.18,Pass,0,No,0,None,None
B001000,GLP-1 Agonist,Line 1,26-Nov-2025,2025,Team C,21.93,37.29,310.00,52.20,8.94,98.74,6.74,134.50,82.57,92.66,Pass,0,No,0,None,None
B001080,GLP-1 Agonist,Line 2,03-Sep-2025,2025,Team C,20.60,32.50,320.00,43.20,7.55,98.25,6.93,135.30,86.85,92.66,Pass,0,No,0,None,None
B001228,GLP-1 Agonist,Line 1,15-Jun-2025,2025,Team A,22.18,36.35,301.00,41.90,8.35,99.25,6.99,118.60,86.50,92.66,Pass,0,No,0,None,None
B001447,AED,Line 2,19-Mar-2024,2024,Team A,21.95,45.47,332.00,32.90,6.82,98.40,,129.70,92.49,92.66,Pass,0,No,0,None,None
B001758,AED,Line 3,26-Oct-2024,2024,Team C,22.35,41.95,299.00,58.50,7.88,99.19,6.76,152.50,83.59,92.66,Pass,0,No,0,None,None
B002008,Antidepressant,Line 2,13-Mar-2025,2025,Team C,21.30,55.40,327.00,36.50,6.67,99.15,6.93,111.50,91.09,92.66,Pass,0,No,0,None,None
B002144,AED,Line 3,20-Nov-2025,2025,Team A,20.70,47.33,321.00,44.20,8.06,99.03,7.11,118.00,86.71,92.66,Pass,0,No,0,None,None
B002672,GLP-1 Agonist,Line 3,29-Feb-2024,2024,Team D,22.37,41.23,305.00,52.90,8.24,98.86,7.00,140.50,85.77,92.66,Pass,0,No,0,None,None
B002673,GLP-1 Agonist,Line 2,18-Feb-2025,2025,Team A,21.51,31.90,299.00,41.40,6.84,99.09,7.00,135.10,86.99,92.66,Pass,0,No,0,None,None
B002847,Antidepressant,Line 3,23-Feb-2024,2024,Team C,21.90,37.17,308.00,46.40,6.18,99.38,6.80,123.10,85.66,92.66,Pass,0,No,0,None,None
B000209,Antidepressant,Line 1,12-Nov-2024,2024,Team C,23.08,37.33,302.00,32.60,6.50,98.59,6.55,121.80,89.04,92.65,Pass,0,No,0,None,None
B000219,AED,Line 1,26-Jul-2025,2025,Team D,19.90,40.84,290.00,37.80,7.86,98.73,6.95,102.70,88.82,92.65,Failed,1,No,0,None,None
B002269,COX-2 Inhibitor,Line 3,03-Dec-2024,2024,Team A,21.41,42.46,326.00,30.70,7.58,99.24,6.78,120.50,91.73,96.18,Pass,0,No,0,None,None
B000239,Antidepressant,Line 2,24-Nov-2025,2025,Team B,22.30,35.91,313.00,49.10,7.38,98.94,6.69,129.20,85.74,92.65,Pass,0,No,0,None,None
B000547,GLP-1 Agonist,Line 2,10-May-2025,2025,Team D,21.56,41.24,264.00,53.00,8.59,98.77,6.97,152.10,85.04,92.65,Pass,0,No,0,None,None
B000783,GLP-1 Agonist,Line 3,01-Dec-2024,2024,Team C,21.32,41.28,315.00,45.80,7.64,,6.98,142.60,90.95,92.65,Pass,0,No,0,None,None
B001112,GLP-1 Agonist,Line 3,06-Mar-2025,2025,Team B,21.69,37.79,298.00,55.10,9.06,98.88,7.04,160.90,84.03,92.65,Pass,0,Yes,1,Environmental,Critical
B001405,Antidepressant,Line 2,11-Sep-2025,2025,Team B,21.43,38.53,311.00,45.20,8.27,98.74,7.01,137.60,84.28,92.65,Pass,0,No,0,None,None
B001495,GLP-1 Agonist,Line 1,31-Jul-2025,2025,Team A,22.47,39.55,274.00,53.00,7.62,98.81,6.91,145.60,87.10,92.65,Pass,0,No,0,None,None
B001816,GLP-1 Agonist,Line 1,04-Jun-2025,2025,Team D,22.15,39.06,295.00,50.90,7.62,99.21,6.71,138.90,86.79,92.65,Pass,0,No,0,None,None
B001847,GLP-1 Agonist,Line 1,22-Apr-2025,2025,Team B,20.74,43.32,295.00,63.20,8.98,98.72,7.05,149.80,85.58,92.65,Pass,0,No,0,None,None
B002262,AED,Line 2,06-Jan-2025,2025,Team B,21.38,41.41,301.00,43.60,6.97,98.80,6.81,138.20,86.25,92.65,Pass,0,No,0,None,None
B000488,Antidepressant,Line 3,27-Oct-2025,2025,Team D,21.28,37.38,327.00,37.20,7.46,99.63,6.98,142.60,90.23,92.64,Pass,0,No,0,None,None
B001146,GLP-1 Agonist,Line 1,15-Jun-2024,2024,Team C,21.64,39.20,297.00,49.80,8.21,98.91,7.15,129.60,83.34,92.64,Pass,0,No,0,None,None
B001300,GLP-1 Agonist,Line 3,08-Mar-2024,2024,Team B,20.81,42.99,291.00,48.70,8.20,99.03,7.05,145.30,89.23,92.64,Pass,0,No,0,None,None
B001323,Antidepressant,Line 2,20-Feb-2025,2025,Team C,21.89,48.99,333.00,39.70,6.90,99.22,7.01,102.70,86.87,92.64,Pass,0,No,0,None,None
B000054,COX-2 Inhibitor,Line 3,24-Jul-2025,2025,Team A,23.10,50.26,381.00,37.10,7.36,98.57,6.83,109.90,86.14,96.19,Pass,0,No,0,None,None
B002017,Antidepressant,Line 2,28-Jun-2024,2024,Team B,21.81,38.53,349.00,46.10,7.89,99.44,6.90,118.50,86.97,92.64,Pass,0,No,0,None,None
B000192,Antidepressant,Line 1,11-Oct-2025,2025,Team B,22.15,49.60,327.00,32.60,7.05,98.93,6.87,118.10,91.50,92.63,Pass,0,No,0,None,None
B000846,AED,Line 2,17-Aug-2025,2025,Team C,21.80,41.83,285.00,34.60,7.22,98.93,6.89,109.20,91.17,92.63,Pass,0,No,0,None,None
B001989,AED,Line 3,17-Oct-2025,2025,Team D,,40.52,316.00,38.70,6.68,99.20,6.88,113.20,87.02,92.63,Pass,0,No,0,None,None
B002368,GLP-1 Agonist,Line 3,24-Sep-2025,2025,Team B,21.18,39.46,319.00,53.30,8.53,98.94,7.02,135.80,87.71,92.63,Pass,0,Yes,1,Material,Minor
B000656,GLP-1 Agonist,Line 1,17-Apr-2024,2024,Team C,21.90,33.59,288.00,47.20,7.64,99.03,6.87,121.60,88.41,92.62,Pass,0,No,0,None,None
B001541,AED,Line 1,21-Sep-2025,2025,Team A,22.42,44.36,345.00,53.80,7.65,99.02,6.80,130.10,87.16,92.62,Pass,0,No,0,None,None
B001570,GLP-1 Agonist,Line 2,18-Mar-2024,2024,Team C,22.72,38.77,304.00,47.40,8.42,99.16,6.66,147.90,87.03,92.62,Pass,0,No,0,None,None
B002574,AED,Line 3,26-Mar-2025,2025,Team D,21.87,41.21,326.00,49.40,7.81,99.18,7.08,128.10,82.12,92.62,Pass,0,No,0,None,None
B000806,Antidepressant,Line 1,21-Nov-2025,2025,Team A,21.94,31.29,339.00,48.20,6.89,99.07,6.54,119.50,84.23,92.61,Pass,0,No,0,None,None
B001255,Antidepressant,Line 3,23-Jul-2025,2025,Team C,21.73,37.86,320.00,37.10,8.12,98.69,6.66,116.70,85.90,92.61,Pass,0,No,0,None,None
B001273,GLP-1 Agonist,Line 3,09-Aug-2024,2024,Team B,19.84,38.97,305.00,48.50,8.08,99.46,6.92,134.70,84.50,92.61,Pass,0,No,0,None,None
B001991,Antidepressant,Line 1,04-Apr-2025,2025,Team A,21.09,43.26,315.00,45.90,6.94,98.81,6.80,,93.30,92.61,Pass,0,No,0,None,None
B002682,AED,Line 2,10-May-2024,2024,Team C,23.07,51.13,326.00,53.40,7.57,99.23,7.28,149.10,87.71,92.61,Pass,0,No,0,None,None
B000652,AED,Line 1,31-May-2024,2024,Team A,20.73,46.43,297.00,40.70,5.94,99.12,7.05,138.50,,92.60,Pass,0,No,0,None,None
B002495,AED,Line 3,23-Jul-2025,2025,Team A,21.67,41.42,339.00,40.50,7.15,98.71,7.04,133.70,90.60,92.60,Pass,0,No,0,None,None
B002685,GLP-1 Agonist,Line 2,16-Sep-2024,2024,Team C,21.88,46.09,295.00,51.30,7.70,99.21,7.03,152.70,85.05,92.60,Pass,0,No,0,None,None
B002715,AED,Line 1,09-Jan-2024,2024,Team B,22.08,39.09,280.00,50.40,6.82,98.77,6.76,127.30,83.49,92.60,Pass,0,No,0,None,None
B000330,GLP-1 Agonist,Line 1,16-Apr-2024,2024,Team D,20.88,41.44,273.00,50.90,7.32,98.99,6.86,136.90,81.72,92.59,Pass,0,No,0,None,None
B000463,AED,Line 1,15-Sep-2025,2025,Team D,22.27,48.11,317.00,49.70,7.16,99.39,,147.50,90.46,92.59,Pass,0,No,0,None,None
B000979,GLP-1 Agonist,Line 2,14-Dec-2024,2024,Team B,21.81,41.39,270.00,48.80,8.30,99.02,6.93,146.70,84.27,92.59,Pass,0,No,0,None,None
B001402,Antidepressant,Line 3,17-Jan-2024,2024,Team A,24.02,47.86,321.00,45.60,7.75,98.61,6.95,126.80,84.86,92.59,Pass,0,No,0,None,None
B001563,AED,Line 1,17-Feb-2024,2024,Team A,20.51,38.26,335.00,53.50,7.34,99.23,6.89,146.90,84.69,92.59,Pass,0,No,0,None,None
B002521,Antidepressant,Line 2,28-Oct-2025,2025,Team D,22.34,40.95,333.00,40.70,6.84,98.97,6.81,117.90,87.85,92.59,Pass,0,No,0,None,None
B002626,GLP-1 Agonist,Line 2,04-Mar-2025,2025,Team B,22.25,45.64,325.00,42.70,6.87,99.43,7.10,146.50,84.80,92.59,Pass,0,No,0,None,None
B002736,GLP-1 Agonist,Line 3,23-Oct-2024,2024,Team D,22.31,37.71,310.00,38.20,7.35,,6.77,147.40,86.21,92.59,Pass,0,No,0,None,None
B000756,Antidepressant,Line 2,22-Jul-2025,2025,Team D,22.74,40.51,304.00,39.30,7.60,99.24,6.91,117.70,86.85,92.58,Pass,0,No,0,None,None
B001968,AED,Line 1,06-Feb-2025,2025,Team D,22.62,45.06,337.00,52.10,7.71,98.73,6.85,150.10,89.99,92.58,Pass,0,No,0,None,None
B002001,AED,Line 1,02-Nov-2025,2025,Team B,22.37,35.71,288.00,38.50,7.01,99.35,6.62,105.30,87.24,92.58,Failed,1,No,0,None,None
B002126,GLP-1 Agonist,Line 1,25-Sep-2025,2025,Team B,20.59,36.97,326.00,36.50,7.41,98.94,6.85,,88.60,92.58,Pass,0,No,0,None,None
B002839,GLP-1 Agonist,Line 2,20-Oct-2025,2025,Team A,20.63,30.48,314.00,43.80,7.71,99.13,6.95,132.40,88.57,92.58,Pass,0,No,0,None,None
B000342,AED,Line 3,26-Dec-2025,2025,Team D,21.19,41.82,334.00,41.30,7.98,99.04,6.69,124.40,89.98,92.57,Pass,0,No,0,None,None
B000914,AED,Line 2,20-Sep-2024,2024,Team B,21.78,45.22,326.00,40.70,6.85,98.67,6.84,132.20,87.67,92.57,Pass,0,No,0,None,None
B001278,Antidepressant,Line 3,16-Jul-2025,2025,Team D,21.26,41.68,315.00,47.30,7.43,99.07,6.65,131.10,84.89,92.57,Pass,0,No,0,None,None
B002419,Antidepressant,Line 1,07-May-2024,2024,Team B,22.57,40.80,338.00,31.00,7.38,98.97,6.67,122.80,88.86,92.57,Pass,0,No,0,None,None
B002895,AED,Line 1,23-Oct-2025,2025,Team B,20.38,45.22,313.00,38.30,6.81,99.19,7.02,127.70,90.28,92.57,Failed,1,No,0,None,None
B000681,Antidepressant,Line 3,06-Nov-2025,2025,Team C,22.49,39.67,352.00,37.20,7.08,99.10,6.82,125.50,87.02,92.56,Pass,0,No,0,None,None
B000786,GLP-1 Agonist,Line 3,16-Mar-2024,2024,Team B,22.00,42.05,334.00,50.80,7.87,98.41,6.93,137.50,84.89,92.56,Failed,1,Yes,1,Environmental,Minor
B001333,GLP-1 Agonist,Line 1,30-Jul-2025,2025,Team D,20.90,26.51,308.00,58.90,7.62,99.18,6.61,147.70,82.89,92.56,Pass,0,No,0,None,None
B001584,Antidepressant,Line 3,24-Nov-2025,2025,Team B,21.54,44.70,338.00,35.30,7.26,99.13,6.61,122.30,89.22,92.56,Pass,0,No,0,None,None
B002436,AED,Line 1,11-Feb-2024,2024,Team C,22.03,56.18,311.00,46.00,7.87,99.52,7.19,133.80,86.26,92.56,Pass,0,No,0,None,None
B002699,GLP-1 Agonist,Line 3,08-May-2024,2024,Team B,22.25,37.27,279.00,56.00,8.43,98.47,7.26,156.00,81.45,92.56,Pass,0,No,0,None,None
B000734,GLP-1 Agonist,Line 2,13-Jan-2024,2024,Team B,21.98,43.97,290.00,48.00,7.21,98.70,7.00,134.30,85.15,92.55,Pass,0,No,0,None,None
B000697,COX-2 Inhibitor,Line 1,27-Nov-2024,2024,Team C,21.78,47.66,364.00,41.60,7.21,99.25,6.64,120.80,87.82,96.19,Pass,0,No,0,None,None
B001415,Antidepressant,Line 1,05-May-2025,2025,Team B,23.32,41.36,319.00,48.10,7.13,99.25,6.98,123.00,86.86,92.55,Pass,0,No,0,None,None
B001536,GLP-1 Agonist,Line 1,22-May-2024,2024,Team B,20.61,30.63,293.00,54.00,7.62,99.52,6.77,153.00,84.07,92.55,Pass,0,No,0,None,None
B000443,COX-2 Inhibitor,Line 1,18-Feb-2025,2025,Team D,23.98,48.46,335.00,30.50,6.47,98.98,6.75,125.50,88.82,96.21,Pass,0,Yes,1,Environmental,Minor
B001579,AED,Line 2,20-Jun-2025,2025,Team A,22.99,50.92,321.00,37.00,7.28,98.81,7.03,115.60,93.68,92.55,Failed,1,No,0,None,None
B001782,AED,Line 3,04-May-2025,2025,Team C,21.26,41.43,310.00,47.60,7.76,99.02,6.88,141.30,81.33,92.55,Pass,0,No,0,None,None
B002236,AED,Line 2,16-May-2025,2025,Team C,21.46,40.63,301.00,39.60,6.42,99.06,6.72,133.60,88.19,92.55,Pass,0,No,0,None,None
B000128,Antidepressant,Line 1,17-Nov-2024,2024,Team B,,41.57,325.00,44.10,6.25,99.03,7.06,118.70,87.61,92.54,Pass,0,No,0,None,None
B000164,Antidepressant,Line 3,11-Sep-2025,2025,Team A,22.65,41.05,310.00,54.00,8.97,99.02,6.88,142.50,83.15,92.54,Pass,0,No,0,None,None
B000222,GLP-1 Agonist,Line 3,15-Jul-2025,2025,Team A,20.73,41.47,320.00,47.70,8.45,99.37,6.89,134.90,82.54,92.54,Pass,0,No,0,None,None
B000341,Antidepressant,Line 2,23-Jan-2025,2025,Team C,22.07,40.91,332.00,46.90,8.00,99.19,7.23,127.00,89.77,92.54,Pass,0,No,0,None,None
B000748,GLP-1 Agonist,Line 3,02-Mar-2024,2024,Team C,21.98,40.91,283.00,42.60,8.42,99.07,7.06,136.50,82.32,92.54,Pass,0,No,0,None,None
B000810,AED,Line 3,28-Nov-2025,2025,Team A,20.52,58.62,309.00,49.70,6.92,99.16,7.23,137.10,87.83,92.54,Pass,0,No,0,None,None
B002261,COX-2 Inhibitor,Line 2,20-Jun-2024,2024,Team D,21.45,43.39,332.00,38.20,7.04,99.05,6.60,100.50,89.34,96.21,Pass,0,No,0,None,None
B001364,Antidepressant,Line 3,06-Jul-2025,2025,Team D,22.58,,342.00,47.00,7.51,99.07,7.03,151.10,84.43,92.54,Pass,0,No,0,None,None
B002768,COX-2 Inhibitor,Line 2,19-Jan-2024,2024,Team A,22.16,52.35,375.00,34.20,6.44,98.80,6.71,126.70,91.47,96.22,Pass,0,Yes,1,Process,Minor
B001754,AED,Line 2,12-Jun-2025,2025,Team A,22.19,47.28,316.00,43.60,7.07,99.09,7.13,127.50,86.39,92.54,Pass,0,No,0,None,None
B002140,AED,Line 3,03-Aug-2025,2025,Team C,21.92,38.08,325.00,49.70,7.39,98.62,6.91,136.90,85.61,92.54,Pass,0,No,0,None,None
B001867,AED,Line 1,22-Nov-2024,2024,Team B,22.20,38.80,314.00,39.50,7.70,98.84,6.79,126.60,89.02,92.53,Pass,0,No,0,None,None
B002026,GLP-1 Agonist,Line 2,31-Dec-2024,2024,Team A,20.71,35.40,284.00,44.60,7.93,99.01,6.93,137.50,85.34,92.53,Pass,0,Yes,1,Process,Minor
B002486,GLP-1 Agonist,Line 3,04-May-2024,2024,Team C,22.58,42.63,286.00,49.70,9.28,98.65,7.14,159.90,88.07,92.53,Pass,0,No,0,None,None
B002756,AED,Line 2,19-May-2025,2025,Team D,22.05,36.95,315.00,38.50,7.90,99.37,6.76,146.70,86.75,92.53,Pass,0,No,0,None,None
B000356,GLP-1 Agonist,Line 2,05-Dec-2025,2025,Team B,21.95,45.23,299.00,51.00,7.56,98.96,6.89,,85.97,92.52,Pass,0,No,0,None,None
B000377,AED,Line 1,30-Apr-2025,2025,Team C,21.14,44.04,297.00,37.70,6.08,98.75,7.14,124.60,86.62,92.52,Pass,0,No,0,None,None
B001480,GLP-1 Agonist,Line 3,29-Sep-2024,2024,Team B,21.97,40.53,292.00,42.30,7.87,98.72,6.85,126.80,91.17,92.52,Pass,0,No,0,None,None
B002147,Antidepressant,Line 3,04-Jan-2025,2025,Team B,21.76,46.46,322.00,45.30,6.44,99.05,6.72,141.10,91.28,92.52,Pass,0,No,0,None,None
B002444,GLP-1 Agonist,Line 3,26-Dec-2024,2024,Team A,21.27,37.88,316.00,55.10,7.92,98.95,6.75,139.80,84.85,92.52,Pass,0,No,0,None,None
B000045,AED,Line 3,27-Jan-2024,2024,Team C,20.93,42.35,344.00,46.70,8.06,99.30,6.70,126.60,83.72,92.51,Pass,0,No,0,None,None
B000320,AED,Line 1,06-Feb-2025,2025,Team D,21.71,,337.00,51.40,7.87,98.70,7.05,134.70,87.97,92.51,Pass,0,No,0,None,None
B001060,COX-2 Inhibitor,Line 3,08-Mar-2025,2025,Team A,22.49,48.83,352.00,42.70,6.71,99.14,6.61,114.80,87.13,96.23,Pass,0,No,0,None,None
B001504,GLP-1 Agonist,Line 2,11-Apr-2024,2024,Team B,21.30,45.40,291.00,53.40,7.19,98.72,7.17,147.30,78.86,92.51,Pass,0,No,0,None,None
B002974,AED,Line 3,24-Jul-2024,2024,Team B,21.06,47.56,308.00,40.80,7.66,98.61,7.08,143.90,88.41,92.51,Pass,0,No,0,None,None
B001208,GLP-1 Agonist,Line 1,14-Jun-2025,2025,Team A,21.56,38.97,313.00,55.60,8.75,98.96,6.89,147.40,86.93,92.50,Pass,0,No,0,None,None
B002664,Antidepressant,Line 1,10-Feb-2025,2025,Team D,21.25,38.63,292.00,43.70,7.27,99.37,6.82,122.00,86.65,92.50,Pass,0,No,0,None,None
B000627,AED,Line 3,18-Mar-2025,2025,Team D,21.65,42.28,341.00,51.40,8.15,99.43,6.72,135.30,84.22,92.49,Failed,1,No,0,None,None
B000682,Antidepressant,Line 1,02-Oct-2025,2025,Team D,21.22,48.07,327.00,48.10,6.40,98.94,7.12,137.50,84.62,92.49,Pass,0,No,0,None,None
B000357,COX-2 Inhibitor,Line 2,30-May-2024,2024,Team D,22.19,42.71,338.00,37.40,5.55,98.74,6.85,99.90,87.73,96.24,Pass,0,No,0,None,None
B001100,Antidepressant,Line 3,20-May-2025,2025,Team B,21.44,,292.00,32.00,6.85,99.00,7.06,130.10,89.73,92.49,Pass,0,No,0,None,None
B001620,Antidepressant,Line 2,10-Dec-2025,2025,Team D,22.23,46.11,308.00,34.30,6.32,99.17,7.03,123.70,87.97,92.49,Pass,0,Yes,1,Equipment,Minor
B001888,Antidepressant,Line 3,28-Oct-2024,2024,Team C,22.33,38.44,320.00,48.60,6.80,98.74,6.62,130.20,86.33,92.49,Pass,0,No,0,None,None
B002394,Antidepressant,Line 2,19-Apr-2024,2024,Team A,21.78,43.72,319.00,42.90,7.78,99.51,6.65,141.20,87.88,92.49,Pass,0,No,0,None,None
B002415,GLP-1 Agonist,Line 3,16-Feb-2025,2025,Team A,21.55,32.63,307.00,54.50,8.73,,6.97,146.30,82.78,92.49,Pass,0,No,0,None,None
B000355,GLP-1 Agonist,Line 2,13-Feb-2025,2025,Team C,22.31,33.01,291.00,43.20,8.34,99.24,6.72,146.30,86.77,92.48,Pass,0,No,0,None,None
B000370,AED,Line 2,18-Jan-2024,2024,Team A,22.76,47.85,321.00,50.00,7.87,98.68,7.22,135.70,86.54,92.48,Pass,0,No,0,None,None
B000877,GLP-1 Agonist,Line 1,01-Feb-2024,2024,Team D,20.92,37.44,310.00,46.80,8.49,99.29,6.80,138.10,86.73,92.48,Pass,0,No,0,None,None
B001220,Antidepressant,Line 3,16-Mar-2025,2025,Team A,22.58,37.53,310.00,51.40,7.73,99.45,6.76,140.50,86.15,92.48,Pass,0,No,0,None,None
B002475,GLP-1 Agonist,Line 3,04-Jul-2025,2025,Team C,21.40,45.46,296.00,35.00,8.34,99.07,7.11,135.60,87.68,92.48,Pass,0,No,0,None,None
B000332,Antidepressant,Line 1,25-Nov-2024,2024,Team C,20.52,43.08,291.00,43.20,7.57,99.15,6.64,130.10,90.25,92.47,Pass,0,No,0,None,None
B002893,COX-2 Inhibitor,Line 2,21-Nov-2025,2025,Team D,21.55,44.24,347.00,33.90,5.89,99.20,6.78,112.10,88.48,96.24,Pass,0,No,0,None,None
B000935,COX-2 Inhibitor,Line 2,25-Feb-2025,2025,Team D,22.10,43.33,331.00,36.70,6.19,99.56,6.83,117.90,87.47,96.25,Pass,0,No,0,None,None
B001128,COX-2 Inhibitor,Line 2,06-Jul-2025,2025,Team D,22.70,48.84,344.00,39.40,7.19,99.14,6.71,124.30,87.82,96.25,Pass,0,No,0,None,None
B002467,AED,Line 3,27-Jun-2025,2025,Team C,20.46,50.82,314.00,44.50,8.24,98.78,6.91,124.00,84.71,92.47,Pass,0,No,0,None,None
B002944,Antidepressant,Line 3,12-Oct-2024,2024,Team D,21.94,50.26,312.00,36.90,7.49,98.90,7.17,133.30,85.01,92.47,Pass,0,No,0,None,None
B002957,Antidepressant,Line 2,11-Jun-2025,2025,Team B,20.84,53.40,322.00,48.90,7.12,98.83,6.96,122.70,84.87,92.47,Pass,0,No,0,None,None
B000114,COX-2 Inhibitor,Line 2,06-Aug-2024,2024,Team A,22.92,44.59,338.00,43.00,6.65,99.27,6.77,109.10,87.50,96.27,Pass,0,No,0,None,None
B000905,AED,Line 2,26-Jul-2024,2024,Team D,21.36,41.10,317.00,49.10,7.38,98.46,6.82,154.40,85.95,92.46,Pass,0,No,0,None,None
B001560,AED,Line 3,22-Aug-2024,2024,Team C,21.91,33.26,303.00,51.60,7.56,98.86,6.80,132.00,86.73,92.46,Pass,0,No,0,None,None
B002263,GLP-1 Agonist,Line 1,31-Aug-2024,2024,Team B,21.62,34.81,300.00,55.70,7.98,99.45,6.78,138.70,81.92,92.46,Pass,0,No,0,None,None
B002461,AED,Line 3,21-Mar-2024,2024,Team D,21.51,52.97,308.00,38.50,7.45,98.68,6.93,119.40,89.46,92.46,Pass,0,No,0,None,None
B000260,COX-2 Inhibitor,Line 1,04-Sep-2025,2025,Team A,21.95,43.75,338.00,32.40,6.86,98.68,6.78,122.60,88.35,96.28,Pass,0,No,0,None,None
B000078,COX-2 Inhibitor,Line 2,04-Apr-2024,2024,Team A,23.17,41.54,372.00,40.90,6.91,99.12,6.75,135.60,87.94,96.30,Pass,0,No,0,None,None
B000579,AED,Line 3,20-Dec-2025,2025,Team B,21.29,38.54,308.00,49.40,7.92,99.33,6.94,132.50,86.42,92.45,Pass,0,No,0,None,None
B000668,AED,Line 1,21-May-2025,2025,Team B,22.25,47.18,305.00,35.40,6.41,99.07,7.19,101.00,88.96,92.45,Pass,0,No,0,None,None
B000746,GLP-1 Agonist,Line 3,10-Jul-2024,2024,Team D,22.71,42.14,306.00,48.90,6.84,99.08,7.14,141.40,84.88,92.45,Pass,0,No,0,None,None
B001138,GLP-1 Agonist,Line 3,01-Apr-2024,2024,Team C,22.46,31.85,306.00,37.70,7.78,99.24,6.84,124.60,88.74,92.45,Pass,0,No,0,None,None
B001155,GLP-1 Agonist,Line 2,12-Aug-2025,2025,Team D,21.71,36.70,295.00,52.30,7.40,99.03,,141.40,80.34,92.45,Failed,1,No,0,None,None
B001864,GLP-1 Agonist,Line 3,19-Jan-2024,2024,Team C,21.30,44.62,305.00,39.30,8.04,98.68,6.97,136.20,87.48,92.45,Pass,0,No,0,None,None
B002342,Antidepressant,Line 1,18-Feb-2024,2024,Team C,20.85,41.09,320.00,35.30,7.15,99.24,6.91,122.30,86.71,92.45,Pass,0,No,0,None,None
B001154,Antidepressant,Line 2,07-Jan-2024,2024,Team B,21.23,40.94,344.00,42.10,7.35,99.40,6.72,111.30,88.55,92.44,Pass,0,No,0,None,None
B001657,Antidepressant,Line 3,23-Apr-2025,2025,Team C,21.85,43.03,328.00,51.70,7.73,98.96,6.86,146.20,84.94,92.44,Pass,0,No,0,None,None
B001737,AED,Line 3,02-Feb-2025,2025,Team B,21.39,43.60,307.00,36.90,7.40,98.97,6.76,122.10,88.04,92.44,Pass,0,No,0,None,None
B002012,GLP-1 Agonist,Line 2,23-Jul-2024,2024,Team B,21.08,,279.00,49.10,8.71,98.76,6.98,124.20,87.12,92.44,Pass,0,No,0,None,None
B002245,GLP-1 Agonist,Line 2,04-Apr-2024,2024,Team B,20.94,42.71,297.00,58.60,8.68,98.40,7.10,152.10,83.72,92.44,Pass,0,No,0,None,None
B002547,AED,Line 3,26-Dec-2024,2024,Team D,21.07,45.44,342.00,43.90,7.56,99.32,6.82,126.80,89.05,92.44,Pass,0,No,0,None,None
B000904,GLP-1 Agonist,Line 2,24-Mar-2025,2025,Team B,23.31,33.60,336.00,46.40,7.94,99.39,6.89,138.60,87.12,92.43,Pass,0,No,0,None,None
B001177,GLP-1 Agonist,Line 2,25-Feb-2025,2025,Team D,21.89,44.28,295.00,49.80,8.38,98.53,7.05,139.50,83.48,92.43,Pass,0,Yes,1,Equipment,Minor
B001999,AED,Line 2,22-Sep-2024,2024,Team C,21.55,45.96,322.00,36.70,5.79,99.06,6.91,137.90,88.47,92.43,Pass,0,No,0,None,None
B000148,GLP-1 Agonist,Line 3,19-Sep-2024,2024,Team A,22.51,44.37,317.00,58.80,8.40,98.47,6.81,150.70,82.08,92.42,Pass,0,No,0,None,None
B000379,GLP-1 Agonist,Line 2,24-Oct-2024,2024,Team D,22.35,36.07,312.00,41.00,7.04,98.86,6.74,140.20,87.01,92.42,Pass,0,No,0,None,None
B000398,GLP-1 Agonist,Line 1,22-Mar-2024,2024,Team B,21.03,34.89,329.00,51.80,8.33,98.50,6.89,148.90,83.38,92.42,Pass,0,No,0,None,None
B001992,COX-2 Inhibitor,Line 3,20-Jan-2025,2025,Team D,22.88,39.03,345.00,41.90,7.09,99.55,6.59,132.90,91.35,96.30,Pass,0,No,0,None,None
B001205,Antidepressant,Line 3,27-Nov-2024,2024,Team D,21.53,45.11,280.00,33.00,6.87,98.97,6.89,129.60,89.70,92.42,Pass,0,No,0,None,None
B001427,Antidepressant,Line 1,01-Sep-2025,2025,Team A,,47.31,303.00,41.30,6.64,99.36,7.07,137.40,85.86,92.42,Pass,0,No,0,None,None
B001499,GLP-1 Agonist,Line 3,28-Jan-2024,2024,Team A,21.27,41.85,299.00,55.60,8.22,98.53,6.90,145.80,85.36,92.42,Pass,0,No,0,None,None
B001768,Antidepressant,Line 2,16-Aug-2024,2024,Team D,21.58,46.49,335.00,29.30,6.72,99.02,6.80,108.50,92.47,92.42,Pass,0,No,0,None,None
B002323,GLP-1 Agonist,Line 3,04-Oct-2024,2024,Team B,20.87,45.73,291.00,59.30,7.96,99.19,7.14,150.70,79.14,92.42,Pass,0,No,0,None,None
B002621,AED,Line 2,29-Dec-2025,2025,Team A,20.54,54.32,312.00,39.50,8.14,98.78,7.11,124.80,91.39,92.42,Pass,0,No,0,None,None
B000077,GLP-1 Agonist,Line 1,19-Mar-2024,2024,Team C,22.55,45.16,315.00,53.30,8.49,98.93,7.02,139.00,85.98,92.41,Pass,0,No,0,None,None
B002546,GLP-1 Agonist,Line 1,11-May-2025,2025,Team A,20.27,36.92,293.00,54.40,8.63,99.30,7.19,141.60,86.51,92.41,Pass,0,No,0,None,None
B002731,Antidepressant,Line 1,04-Jan-2025,2025,Team A,21.99,52.78,332.00,30.00,6.40,98.37,7.04,123.80,92.44,92.41,Pass,0,No,0,None,None
B000138,GLP-1 Agonist,Line 1,24-Oct-2025,2025,Team B,21.14,38.60,294.00,42.00,7.60,98.50,7.05,130.20,86.91,92.40,Pass,0,Yes,1,Process,Minor
B001105,Antidepressant,Line 3,27-Nov-2025,2025,Team A,22.46,39.25,303.00,45.80,7.19,99.33,6.90,132.60,85.28,92.40,Failed,1,No,0,None,None
B001561,AED,Line 3,16-Jan-2025,2025,Team B,21.21,48.76,294.00,44.30,7.00,98.73,6.89,137.70,89.76,92.40,Failed,1,No,0,None,None
B000594,COX-2 Inhibitor,Line 1,26-Jun-2024,2024,Team D,22.58,40.36,339.00,41.30,6.08,98.92,6.74,115.80,89.44,96.32,Pass,0,No,0,None,None
B002615,Antidepressant,Line 2,19-Jan-2024,2024,Team D,22.35,41.11,324.00,43.70,7.78,99.18,6.89,120.00,84.62,92.40,Pass,0,No,0,None,None
B002872,GLP-1 Agonist,Line 1,01-Dec-2025,2025,Team B,20.95,39.34,327.00,44.80,7.09,98.59,6.94,130.70,88.10,92.40,Pass,0,No,0,None,None
B001720,AED,Line 1,27-Apr-2024,2024,Team A,22.41,47.63,310.00,48.10,5.87,98.90,6.99,143.20,86.50,92.39,Pass,0,No,0,None,None
B001770,AED,Line 3,05-May-2024,2024,Team D,20.64,42.81,317.00,44.40,7.58,99.30,7.00,133.40,83.86,92.39,Pass,0,No,0,None,None
B002044,AED,Line 2,24-Sep-2024,2024,Team D,21.48,43.46,326.00,43.60,7.64,98.80,6.82,129.10,83.94,92.39,Pass,0,No,0,None,None
B000119,GLP-1 Agonist,Line 1,07-Jul-2024,2024,Team A,21.13,38.80,287.00,39.70,7.96,99.04,6.98,116.40,87.77,92.38,Pass,0,Yes,1,Material,Minor
B001124,Antidepressant,Line 2,19-Jun-2024,2024,Team B,,39.08,319.00,43.30,6.59,99.09,6.61,137.00,85.01,92.38,Pass,0,No,0,None,None
B001959,AED,Line 2,13-Aug-2025,2025,Team A,20.68,43.92,305.00,47.90,7.24,98.69,6.85,128.00,88.06,92.38,Pass,0,No,0,None,None
B002155,COX-2 Inhibitor,Line 1,09-Apr-2025,2025,Team B,21.44,36.50,327.00,38.70,6.78,99.23,6.73,129.20,87.67,96.32,Pass,0,No,0,None,None
B002520,Antidepressant,Line 2,21-May-2024,2024,Team A,22.71,42.05,327.00,54.50,7.08,99.72,6.65,117.40,86.33,92.38,Pass,0,No,0,None,None
B000067,COX-2 Inhibitor,Line 2,22-May-2025,2025,Team B,21.64,47.93,336.00,34.80,5.15,99.26,6.52,101.50,88.38,96.33,Pass,0,No,0,None,None
B002884,GLP-1 Agonist,Line 3,26-Mar-2024,2024,Team D,22.56,47.61,286.00,50.70,7.84,98.58,7.15,142.70,84.79,92.38,Pass,0,No,0,None,None
B002446,COX-2 Inhibitor,Line 1,16-Jun-2025,2025,Team C,22.27,45.69,325.00,32.80,6.81,99.02,6.57,127.50,89.72,96.33,Pass,0,No,0,None,None
B000680,GLP-1 Agonist,Line 1,27-Aug-2024,2024,Team C,20.26,43.40,296.00,47.90,7.76,98.93,7.03,129.10,86.99,92.37,Pass,0,No,0,None,None
B000799,COX-2 Inhibitor,Line 2,22-Sep-2025,2025,Team C,22.54,46.84,326.00,41.90,6.95,99.13,6.85,105.60,88.19,96.34,Pass,0,No,0,None,None
B002193,COX-2 Inhibitor,Line 1,19-Dec-2025,2025,Team C,22.36,44.29,336.00,34.70,6.44,99.27,6.69,106.10,,96.34,Pass,0,No,0,None,None
B001827,GLP-1 Agonist,Line 1,09-Apr-2025,2025,Team B,,33.45,305.00,42.40,7.92,98.82,7.09,137.40,83.88,92.37,Pass,0,Yes,1,Material,Minor
B002324,Antidepressant,Line 1,22-Jul-2024,2024,Team B,21.36,39.08,314.00,35.80,6.60,99.36,,115.10,88.27,92.37,Pass,0,No,0,None,None
B002692,GLP-1 Agonist,Line 1,12-Mar-2025,2025,Team C,20.69,37.04,281.00,38.10,7.34,98.63,6.95,121.70,92.18,92.37,Pass,0,No,0,None,None
B000210,GLP-1 Agonist,Line 1,17-Oct-2025,2025,Team B,21.58,33.01,288.00,47.70,7.84,99.25,6.89,,87.55,92.36,Pass,0,No,0,None,None
B000304,GLP-1 Agonist,Line 3,11-Jun-2024,2024,Team C,20.16,37.66,278.00,53.00,8.81,98.54,6.98,143.80,85.16,92.36,Pass,0,No,0,None,None
B000673,AED,Line 1,05-Jul-2024,2024,Team B,21.90,45.48,338.00,37.90,7.61,99.09,7.01,121.30,85.17,92.36,Pass,0,No,0,None,None
B000809,GLP-1 Agonist,Line 3,31-Dec-2024,2024,Team A,21.15,38.91,298.00,44.10,8.32,98.99,6.96,128.10,87.78,92.36,Pass,0,No,0,None,None
B001131,AED,Line 3,30-Sep-2024,2024,Team D,23.21,40.72,327.00,45.60,8.72,98.95,7.04,137.10,87.37,92.36,Pass,0,No,0,None,None
B001217,GLP-1 Agonist,Line 3,20-May-2024,2024,Team C,22.60,43.39,307.00,55.00,8.22,98.44,7.15,143.50,83.31,92.36,Pass,0,No,0,None,None
B002335,GLP-1 Agonist,Line 2,27-Dec-2024,2024,Team C,21.54,42.25,301.00,58.60,8.58,99.25,7.16,146.10,83.14,92.36,Pass,0,No,0,None,None
B002383,Antidepressant,Line 3,20-Feb-2025,2025,Team B,22.25,37.16,288.00,50.30,7.28,99.32,6.83,151.80,86.89,92.36,Pass,0,No,0,None,None
B002597,Antidepressant,Line 3,29-Aug-2024,2024,Team C,22.88,47.74,327.00,36.90,7.64,98.86,6.94,111.80,88.85,92.36,Pass,0,No,0,None,None
B000386,AED,Line 3,25-Oct-2024,2024,Team A,21.98,45.31,313.00,39.40,7.84,98.70,6.93,118.90,90.90,92.35,Pass,0,No,0,None,None
B000452,AED,Line 2,14-Oct-2024,2024,Team A,22.26,50.82,319.00,45.80,7.63,98.52,7.09,132.40,83.14,92.35,Pass,0,No,0,None,None
B000576,GLP-1 Agonist,Line 2,10-Sep-2025,2025,Team D,20.30,42.82,311.00,57.20,8.64,99.21,6.85,141.90,86.64,92.35,Pass,0,No,0,None,None
B000883,AED,Line 3,16-Jun-2025,2025,Team C,21.80,45.59,293.00,54.70,7.41,99.04,6.75,133.80,85.01,92.35,Pass,0,No,0,None,None
B001212,AED,Line 2,20-Jan-2024,2024,Team A,22.47,44.63,340.00,40.30,7.11,98.72,6.87,126.60,89.39,92.35,Pass,0,No,0,None,None
B001558,GLP-1 Agonist,Line 3,07-Nov-2025,2025,Team B,21.13,39.87,310.00,43.90,8.40,99.50,,132.90,86.29,92.35,Pass,0,No,0,None,None
B002814,Antidepressant,Line 3,24-Oct-2024,2024,Team D,21.50,41.70,338.00,42.10,7.15,99.12,6.77,113.30,83.50,92.35,Pass,0,No,0,None,None
B002860,GLP-1 Agonist,Line 1,13-Sep-2024,2024,Team D,21.23,41.22,275.00,52.20,7.94,98.53,7.01,149.40,87.21,92.35,Pass,0,Yes,1,Process,Minor
B001050,Antidepressant,Line 3,28-Jun-2024,2024,Team B,22.42,40.88,316.00,53.80,8.17,99.12,6.82,129.60,85.89,92.34,Pass,0,No,0,None,None
B000448,COX-2 Inhibitor,Line 3,18-Oct-2024,2024,Team A,23.04,43.73,340.00,37.30,7.05,99.25,6.79,111.50,85.68,96.36,Pass,0,No,0,None,None
B002925,Antidepressant,Line 2,17-Jul-2024,2024,Team C,22.37,48.75,340.00,40.20,7.65,98.72,,120.10,89.79,92.34,Failed,1,No,0,None,None
B000200,GLP-1 Agonist,Line 3,14-Mar-2025,2025,Team A,20.68,38.49,298.00,54.60,8.03,98.21,7.21,153.90,80.45,92.33,Pass,0,No,0,None,None
B000515,GLP-1 Agonist,Line 3,22-Jan-2025,2025,Team D,21.03,40.67,300.00,50.30,7.63,98.67,6.87,152.10,87.32,92.33,Pass,0,No,0,None,None
B002294,GLP-1 Agonist,Line 2,15-May-2025,2025,Team B,20.58,44.78,302.00,50.30,8.08,98.69,7.03,137.20,87.86,92.33,Pass,0,No,0,None,None
B002442,Antidepressant,Line 3,09-Aug-2025,2025,Team A,22.08,37.81,295.00,44.80,7.62,99.21,6.72,145.80,91.58,92.33,Pass,0,No,0,None,None
B002596,AED,Line 2,14-Mar-2025,2025,Team A,21.09,43.55,300.00,56.50,7.35,98.95,6.99,154.50,83.87,92.33,Pass,0,No,0,None,None
B000439,COX-2 Inhibitor,Line 1,30-Nov-2024,2024,Team C,,38.33,371.00,39.00,6.39,99.69,6.72,116.90,88.40,96.41,Pass,0,No,0,None,None
B000754,GLP-1 Agonist,Line 3,18-Apr-2025,2025,Team B,21.03,25.28,308.00,48.30,8.43,98.77,7.00,140.20,82.29,92.32,Pass,0,No,0,None,None
B002058,GLP-1 Agonist,Line 2,01-Jul-2025,2025,Team C,21.73,38.50,283.00,49.90,8.06,99.20,7.03,136.80,85.07,92.32,Pass,0,No,0,None,None
B002589,GLP-1 Agonist,Line 2,26-Feb-2025,2025,Team C,20.93,53.26,350.00,50.00,7.65,98.06,7.09,144.80,82.69,92.32,Pass,0,No,0,None,None
B002821,GLP-1 Agonist,Line 3,13-Sep-2025,2025,Team D,20.53,38.60,317.00,44.60,8.01,98.49,6.88,142.70,86.16,92.32,Pass,0,No,0,None,None
B000172,GLP-1 Agonist,Line 3,02-Oct-2024,2024,Team D,21.77,33.11,299.00,165.00,7.78,99.00,6.89,143.30,86.14,92.31,Failed,1,No,0,None,None
B000399,GLP-1 Agonist,Line 3,24-Jun-2024,2024,Team D,21.30,42.46,325.00,52.50,9.51,98.85,6.82,158.90,88.27,92.31,Pass,0,No,0,None,None
B001348,GLP-1 Agonist,Line 3,29-Jan-2025,2025,Team B,21.45,42.39,319.00,57.70,8.20,98.91,7.12,150.30,86.43,92.31,Failed,1,No,0,None,None
B001383,GLP-1 Agonist,Line 1,19-Dec-2025,2025,Team D,21.16,36.18,304.00,41.40,7.69,99.74,7.09,131.10,88.79,92.31,Pass,0,No,0,None,None
B001902,Antidepressant,Line 1,19-Nov-2025,2025,Team C,21.54,39.76,342.00,42.40,7.16,99.09,7.06,126.10,84.89,92.31,Pass,0,No,0,None,None
B002077,AED,Line 2,27-Jun-2025,2025,Team B,22.34,48.10,333.00,55.00,7.62,98.67,7.00,,85.38,92.31,Pass,0,No,0,None,None
B002900,GLP-1 Agonist,Line 1,25-Apr-2024,2024,Team B,21.93,47.07,306.00,38.80,8.44,98.71,7.15,130.80,85.15,92.31,Pass,0,No,0,None,None
B000606,AED,Line 1,15-Sep-2024,2024,Team C,21.90,39.50,305.00,43.60,7.32,98.99,7.02,142.50,84.41,92.30,Pass,0,No,0,None,None
B000731,GLP-1 Agonist,Line 3,01-Jul-2025,2025,Team D,21.07,32.01,286.00,49.90,8.53,99.09,6.82,143.70,80.87,92.30,Pass,0,No,0,None,None
B001715,GLP-1 Agonist,Line 2,31-Aug-2025,2025,Team A,22.00,39.31,328.00,42.60,8.19,99.28,6.96,143.30,85.75,92.30,Pass,0,No,0,None,None
B001302,COX-2 Inhibitor,Line 3,09-Jan-2025,2025,Team C,22.40,53.07,306.00,35.30,6.78,98.67,6.92,111.80,91.25,96.41,Pass,0,No,0,None,None
B002528,AED,Line 1,01-May-2025,2025,Team A,20.62,50.65,302.00,42.00,7.57,99.14,6.98,121.40,89.60,92.30,Pass,0,No,0,None,None
B002807,GLP-1 Agonist,Line 3,24-May-2025,2025,Team C,20.59,48.15,286.00,44.70,8.69,98.82,7.16,145.40,85.72,92.30,Pass,0,No,0,None,None
B001416,AED,Line 3,01-Sep-2024,2024,Team C,21.20,49.16,344.00,53.10,7.72,98.88,7.31,132.50,86.38,92.29,Failed,1,No,0,None,None
B000666,COX-2 Inhibitor,Line 2,06-Mar-2024,2024,Team C,23.00,,356.00,39.30,6.28,99.02,6.61,106.30,88.77,96.43,Pass,0,No,0,None,None
B002674,GLP-1 Agonist,Line 2,18-Apr-2025,2025,Team C,20.34,43.45,301.00,57.90,9.50,99.17,6.87,129.60,85.28,92.29,Pass,0,Yes,1,Environmental,Major
B000453,COX-2 Inhibitor,Line 1,21-Oct-2025,2025,Team D,21.09,42.99,336.00,35.30,6.42,99.39,6.72,123.10,85.58,96.45,Pass,0,No,0,None,None
B000188,Antidepressant,Line 3,15-Aug-2025,2025,Team C,22.16,45.77,306.00,44.40,7.78,99.31,6.96,122.50,84.90,92.27,Pass,0,No,0,None,None
B000244,GLP-1 Agonist,Line 1,26-Jun-2025,2025,Team B,22.38,43.38,289.00,51.20,8.77,99.01,6.92,157.90,87.69,92.27,Pass,0,No,0,None,None
B000296,AED,Line 3,08-Oct-2024,2024,Team B,22.06,42.83,322.00,37.20,8.11,98.66,6.96,144.30,88.71,92.27,Pass,0,No,0,None,None
B000899,Antidepressant,Line 1,23-Nov-2024,2024,Team B,21.77,46.62,281.00,48.60,6.96,99.23,6.77,125.10,84.65,92.27,Pass,0,No,0,None,None
B001269,GLP-1 Agonist,Line 3,13-Aug-2025,2025,Team A,20.89,38.90,293.00,46.00,7.46,98.71,7.09,126.60,87.66,92.27,Pass,0,No,0,None,None
B002056,GLP-1 Agonist,Line 1,22-May-2025,2025,Team B,20.65,44.67,329.00,45.50,7.64,98.81,6.83,133.70,85.20,92.26,Pass,0,No,0,None,None
B002167,AED,Line 2,07-Aug-2024,2024,Team D,21.83,42.80,328.00,43.90,7.46,99.07,6.89,117.30,86.25,92.26,Pass,0,No,0,None,None
B002359,AED,Line 2,04-May-2025,2025,Team C,20.75,29.84,312.00,36.90,6.75,98.90,6.66,140.60,88.46,92.26,Pass,0,No,0,None,None
B002402,AED,Line 1,20-Jul-2024,2024,Team B,21.35,50.28,278.00,50.60,7.72,99.25,7.06,144.60,85.51,92.26,Pass,0,No,0,None,None
B002630,Antidepressant,Line 1,24-Nov-2025,2025,Team B,23.18,37.17,322.00,34.50,6.90,98.89,6.82,111.40,82.83,92.26,Pass,0,No,0,None,None
B000190,Antidepressant,Line 1,26-Mar-2025,2025,Team D,21.55,33.10,293.00,47.40,6.80,99.55,6.81,145.20,90.34,92.25,Failed,1,No,0,None,None
B000554,AED,Line 2,26-May-2024,2024,Team A,21.30,36.90,315.00,51.50,8.31,99.31,6.69,163.80,84.02,92.25,Pass,0,No,0,None,None
B000487,GLP-1 Agonist,Line 3,25-Apr-2025,2025,Team A,21.36,37.06,257.00,51.40,7.68,98.97,6.93,152.20,85.47,92.24,Pass,0,No,0,None,None
B000590,Antidepressant,Line 1,09-Apr-2025,2025,Team A,22.19,40.84,322.00,35.80,6.56,99.34,6.79,104.10,89.03,92.24,Pass,0,No,0,None,None
B001973,COX-2 Inhibitor,Line 1,10-Jan-2025,2025,Team A,22.77,41.66,373.00,33.30,6.81,99.37,6.70,110.30,90.02,96.49,Pass,0,No,0,None,None
B001065,GLP-1 Agonist,Line 1,15-Apr-2024,2024,Team B,21.87,42.02,314.00,42.10,8.05,99.16,7.34,116.80,86.42,92.23,Pass,0,No,0,None,None
B001136,GLP-1 Agonist,Line 1,28-Oct-2024,2024,Team C,22.07,37.68,286.00,49.90,8.61,99.15,6.83,135.40,84.96,92.23,Pass,0,No,0,None,None
B001981,AED,Line 3,05-Sep-2024,2024,Team D,22.28,48.95,326.00,48.40,7.76,98.43,6.87,,84.71,92.23,Pass,0,No,0,None,None
B002180,AED,Line 2,10-Apr-2025,2025,Team B,23.26,31.20,290.00,36.80,7.98,99.49,6.67,123.00,89.46,92.23,Pass,0,Yes,1,Process,Minor
B002623,Antidepressant,Line 2,07-Oct-2024,2024,Team C,21.58,46.17,294.00,44.40,6.13,99.26,6.67,129.30,84.75,92.23,Pass,0,No,0,None,None
B000071,Antidepressant,Line 1,18-Jun-2025,2025,Team B,23.15,33.53,317.00,31.00,6.89,99.14,6.78,107.70,92.32,92.22,Pass,0,No,0,None,None
B000106,COX-2 Inhibitor,Line 3,06-Aug-2024,2024,Team D,23.45,41.69,366.00,36.80,7.04,99.18,6.76,123.50,87.89,96.53,Pass,0,No,0,None,None
B000573,GLP-1 Agonist,Line 1,28-Nov-2024,2024,Team D,23.72,27.86,298.00,44.00,6.76,98.52,,162.60,86.15,92.22,Pass,0,No,0,None,None
B000624,GLP-1 Agonist,Line 3,06-Mar-2025,2025,Team D,20.36,39.69,282.00,51.90,8.15,98.90,6.92,147.00,81.67,92.22,Pass,0,No,0,None,None
B001262,GLP-1 Agonist,Line 3,19-Apr-2025,2025,Team C,21.36,40.26,306.00,47.10,8.24,98.97,7.12,137.40,86.07,92.22,Pass,0,No,0,None,None
B002171,GLP-1 Agonist,Line 3,03-Mar-2025,2025,Team C,19.53,44.02,285.00,51.00,7.80,99.14,7.15,151.70,83.46,92.22,Pass,0,No,0,None,None
B002413,GLP-1 Agonist,Line 1,01-Mar-2025,2025,Team C,20.74,38.56,289.00,46.70,7.90,98.91,6.86,135.60,90.91,92.22,Pass,0,No,0,None,None
B002727,AED,Line 2,20-Oct-2024,2024,Team B,21.14,47.85,316.00,31.00,6.15,99.23,7.02,116.60,89.41,92.22,Failed,1,No,0,None,None
B001232,COX-2 Inhibitor,Line 1,16-Nov-2025,2025,Team A,22.81,45.84,330.00,36.30,6.66,99.29,6.71,,88.25,96.55,Pass,0,No,0,None,None
B001322,GLP-1 Agonist,Line 2,13-Oct-2024,2024,Team B,20.69,44.33,306.00,41.70,6.94,99.13,6.88,,87.04,92.21,Pass,0,No,0,None,None
B002728,Antidepressant,Line 1,11-Mar-2025,2025,Team D,22.43,,328.00,47.10,5.93,98.87,6.87,141.20,86.56,92.21,Pass,0,No,0,None,None
B000632,AED,Line 3,20-Aug-2024,2024,Team C,21.56,46.19,297.00,43.20,7.32,99.06,6.84,132.80,86.69,92.20,Pass,0,No,0,None,None
B000874,GLP-1 Agonist,Line 1,05-Jun-2024,2024,Team C,21.11,47.72,330.00,41.80,6.74,98.44,7.14,122.00,86.04,92.20,Failed,1,No,0,None,None
B001424,GLP-1 Agonist,Line 1,12-Dec-2025,2025,Team D,21.77,41.04,291.00,54.70,8.59,98.69,7.04,148.20,86.44,92.20,Pass,0,No,0,None,None
B001518,AED,Line 1,09-Jul-2025,2025,Team B,21.48,42.87,338.00,38.50,8.02,99.15,6.89,114.20,90.21,92.20,Pass,0,No,0,None,None
B002082,Antidepressant,Line 2,13-May-2024,2024,Team C,21.02,42.86,336.00,44.90,8.05,99.03,6.95,124.70,88.19,92.20,Pass,0,No,0,None,None
B002251,GLP-1 Agonist,Line 2,22-Aug-2025,2025,Team D,20.71,37.53,305.00,45.80,7.94,98.62,6.94,154.90,85.12,92.20,Pass,0,No,0,None,None
B000345,AED,Line 2,07-Aug-2025,2025,Team C,21.03,43.27,340.00,44.40,6.76,,6.92,115.20,89.20,92.19,Pass,0,No,0,None,None
B001010,GLP-1 Agonist,Line 2,21-Jul-2025,2025,Team D,20.57,55.13,286.00,53.80,6.63,99.25,7.09,133.90,88.31,92.19,Pass,0,No,0,None,None
B001927,GLP-1 Agonist,Line 1,16-Sep-2024,2024,Team B,21.89,42.10,309.00,43.00,7.27,98.83,7.12,142.10,86.38,92.19,Pass,0,No,0,None,None
B000152,AED,Line 2,18-Dec-2025,2025,Team C,21.75,46.62,296.00,49.40,8.67,,6.87,155.10,83.41,92.18,Pass,0,No,0,None,None
B002871,COX-2 Inhibitor,Line 2,09-Dec-2024,2024,Team B,21.73,45.25,360.00,37.90,7.08,99.20,6.90,112.80,86.66,96.55,Pass,0,No,0,None,None
B001676,AED,Line 1,21-Mar-2024,2024,Team C,22.03,47.52,311.00,40.40,6.85,98.33,7.14,135.70,86.10,92.18,Pass,0,No,0,None,None
B001914,GLP-1 Agonist,Line 3,27-Nov-2025,2025,Team B,22.25,35.09,320.00,41.60,8.64,99.37,6.85,135.40,89.18,92.18,Pass,0,No,0,None,None
B002516,AED,Line 3,01-May-2024,2024,Team D,22.15,39.08,324.00,36.50,7.34,98.51,6.86,119.10,88.42,92.18,Pass,0,No,0,None,None
B001312,AED,Line 3,12-Dec-2025,2025,Team B,21.03,33.32,334.00,56.30,8.27,99.03,6.68,135.20,85.90,92.17,Pass,0,No,0,None,None
B001435,Antidepressant,Line 2,29-Apr-2024,2024,Team B,21.75,48.52,310.00,36.30,7.30,98.89,,115.70,88.16,92.17,Pass,0,No,0,None,None
B001941,Antidepressant,Line 3,11-Aug-2024,2024,Team C,20.43,42.43,338.00,40.90,6.28,99.65,6.90,116.00,86.58,92.17,Failed,1,No,0,None,None
B001964,Antidepressant,Line 1,07-May-2024,2024,Team D,21.06,48.25,328.00,49.10,7.78,99.15,6.85,124.90,88.48,92.17,Pass,0,No,0,None,None
B002511,GLP-1 Agonist,Line 1,04-Oct-2025,2025,Team C,22.10,35.52,357.00,39.90,7.01,99.07,6.88,144.50,86.95,92.17,Pass,0,No,0,None,None
B002613,GLP-1 Agonist,Line 1,28-Jul-2025,2025,Team A,21.41,33.93,294.00,42.80,6.61,99.19,6.97,45.00,88.51,92.17,Pass,0,No,0,None,None
B002743,Antidepressant,Line 3,01-May-2024,2024,Team A,23.00,48.66,336.00,35.40,7.23,98.82,6.96,123.70,87.13,92.17,Pass,0,No,0,None,None
B001977,GLP-1 Agonist,Line 2,02-Aug-2024,2024,Team A,21.76,42.47,283.00,44.10,7.12,98.56,7.06,125.30,88.96,92.16,Pass,0,Yes,1,Material,Minor
B002523,GLP-1 Agonist,Line 2,11-Jan-2024,2024,Team B,21.02,41.75,305.00,52.10,7.76,99.06,7.10,156.00,81.78,92.16,Pass,0,No,0,None,None
B000660,GLP-1 Agonist,Line 1,15-May-2024,2024,Team A,20.84,33.64,277.00,47.10,7.40,,6.75,142.40,,92.15,Pass,0,No,0,None,None
B001227,GLP-1 Agonist,Line 2,01-May-2024,2024,Team A,21.64,40.20,296.00,40.10,7.89,98.66,,137.20,85.77,92.15,Pass,0,No,0,None,None
B000070,GLP-1 Agonist,Line 2,31-Aug-2024,2024,Team D,20.61,41.03,297.00,46.50,8.01,99.08,6.87,130.00,86.99,92.14,Pass,0,No,0,None,None
B000273,Antidepressant,Line 2,25-May-2025,2025,Team B,22.32,47.94,304.00,31.60,7.23,98.91,6.95,126.60,92.08,92.13,Pass,0,No,0,None,None
B002543,GLP-1 Agonist,Line 2,15-Jul-2024,2024,Team C,22.17,39.65,312.00,52.70,8.73,99.01,7.08,149.70,85.47,92.13,Pass,0,No,0,None,None
B000062,GLP-1 Agonist,Line 2,22-Mar-2024,2024,Team B,21.85,36.60,314.00,54.90,8.40,99.35,6.95,142.70,82.93,92.12,Pass,0,No,0,None,None
B000107,GLP-1 Agonist,Line 1,07-Apr-2025,2025,Team D,22.17,37.49,306.00,49.10,7.41,98.77,7.12,141.40,86.76,92.12,Pass,0,No,0,None,None
B000599,AED,Line 3,09-Mar-2024,2024,Team B,22.09,52.97,315.00,50.10,7.61,98.84,7.15,136.60,81.81,92.12,Pass,0,No,0,None,None
B000603,AED,Line 2,13-Apr-2025,2025,Team D,20.65,40.14,331.00,54.50,7.74,98.84,6.75,123.70,90.09,92.12,Pass,0,No,0,None,None
B000863,AED,Line 3,23-Feb-2024,2024,Team C,22.35,42.56,331.00,42.60,6.92,99.38,6.71,137.50,86.00,92.12,Pass,0,No,0,None,None
B001222,Antidepressant,Line 1,04-Aug-2024,2024,Team C,21.86,43.50,312.00,59.10,6.57,99.01,6.76,126.30,81.69,92.12,Pass,0,No,0,None,None
B001272,GLP-1 Agonist,Line 2,02-Nov-2024,2024,Team B,20.90,43.41,315.00,36.90,7.25,98.82,7.02,123.90,88.08,92.12,Pass,0,No,0,None,None
B001769,Antidepressant,Line 1,10-Mar-2025,2025,Team C,22.14,32.15,303.00,33.70,6.64,,6.49,113.20,88.66,92.12,Pass,0,No,0,None,None
B002099,Antidepressant,Line 3,24-Jun-2025,2025,Team B,21.49,46.35,327.00,50.70,7.20,99.10,6.79,139.20,86.96,92.12,Pass,0,No,0,None,None
B002154,AED,Line 1,17-Jan-2024,2024,Team A,22.06,38.37,340.00,43.10,6.63,98.48,7.06,149.80,85.79,92.12,Pass,0,No,0,None,None
B000514,GLP-1 Agonist,Line 3,29-Mar-2024,2024,Team C,21.45,48.03,310.00,47.70,7.95,98.55,7.08,148.80,85.89,92.11,Pass,0,No,0,None,None
B001028,GLP-1 Agonist,Line 2,21-Sep-2024,2024,Team D,21.49,36.73,302.00,48.20,8.01,98.75,7.27,136.50,85.35,92.11,Pass,0,No,0,None,None
B000025,COX-2 Inhibitor,Line 1,13-Aug-2024,2024,Team D,23.82,43.97,352.00,32.20,5.92,99.24,6.52,97.10,87.35,96.56,Pass,0,No,0,None,None
B002879,GLP-1 Agonist,Line 3,08-Aug-2024,2024,Team B,,46.03,286.00,48.40,8.24,98.93,7.01,142.30,81.95,92.11,Pass,0,No,0,None,None
B000570,GLP-1 Agonist,Line 1,03-Oct-2024,2024,Team D,21.12,38.28,279.00,36.00,7.19,99.41,6.93,136.40,88.24,92.10,Pass,0,No,0,None,None
B000767,Antidepressant,Line 2,22-Jun-2025,2025,Team B,21.49,40.11,330.00,53.10,6.73,98.75,6.80,122.60,86.30,92.10,Pass,0,No,0,None,None
B001829,AED,Line 3,07-Aug-2024,2024,Team A,22.96,41.69,343.00,36.30,6.91,99.34,6.89,146.40,86.50,92.10,Failed,1,No,0,None,None
B002019,COX-2 Inhibitor,Line 2,11-Jan-2025,2025,Team C,21.93,42.00,334.00,38.30,6.55,98.43,6.53,116.20,84.94,96.56,Pass,0,No,0,None,None
B000306,GLP-1 Agonist,Line 1,21-Jan-2025,2025,Team B,20.47,46.95,290.00,51.40,8.31,99.13,7.24,131.10,83.90,92.09,Pass,0,No,0,None,None
B000312,GLP-1 Agonist,Line 3,10-Jul-2025,2025,Team A,21.84,39.81,335.00,48.40,8.06,98.90,7.15,155.80,86.56,92.09,Pass,0,No,0,None,None
B001437,Antidepressant,Line 3,31-Mar-2024,2024,Team C,22.02,32.81,321.00,49.30,6.45,99.36,6.80,122.10,88.46,92.09,Pass,0,No,0,None,None
B001630,GLP-1 Agonist,Line 1,29-May-2024,2024,Team C,22.85,37.56,292.00,37.40,6.70,98.67,6.88,116.70,89.45,92.09,Pass,0,Yes,1,Process,Minor
B001637,GLP-1 Agonist,Line 2,27-Jun-2025,2025,Team A,20.93,,302.00,40.50,7.19,99.17,6.90,132.90,85.70,92.09,Pass,0,No,0,None,None
B002011,Antidepressant,Line 1,06-Sep-2024,2024,Team C,22.02,31.01,336.00,45.20,7.35,99.63,6.60,119.90,87.42,92.09,Pass,0,No,0,None,None
B002373,GLP-1 Agonist,Line 1,23-Oct-2024,2024,Team D,20.81,42.36,314.00,61.80,8.68,99.13,7.00,151.50,83.48,92.09,Pass,0,No,0,None,None
B002602,COX-2 Inhibitor,Line 1,09-May-2024,2024,Team B,21.46,40.02,317.00,42.10,6.45,99.18,6.60,108.90,92.06,96.60,Pass,0,No,0,None,None
B002628,GLP-1 Agonist,Line 3,04-Dec-2025,2025,Team C,20.87,37.11,266.00,51.10,8.30,99.11,6.98,150.60,84.93,92.09,Pass,0,No,0,None,None
B000171,GLP-1 Agonist,Line 3,05-Dec-2025,2025,Team C,21.34,37.02,278.00,48.50,7.96,99.55,6.84,135.20,85.62,92.08,Pass,0,No,0,None,None
B000437,Antidepressant,Line 1,03-Jul-2025,2025,Team B,21.09,41.30,304.00,37.20,7.09,99.59,6.72,117.90,85.56,92.08,Pass,0,No,0,None,None
B000938,Antidepressant,Line 2,04-Mar-2024,2024,Team D,22.92,41.82,312.00,38.80,6.60,98.80,6.64,133.40,87.25,92.08,Pass,0,No,0,None,None
B001450,Antidepressant,Line 1,14-Jul-2024,2024,Team B,22.56,34.99,339.00,49.30,8.44,99.02,6.70,140.20,87.97,92.08,Pass,0,No,0,None,None
B002306,GLP-1 Agonist,Line 2,17-Dec-2025,2025,Team D,21.67,31.36,301.00,40.90,7.60,99.14,7.01,157.30,85.48,92.08,Failed,1,No,0,None,None
B002923,Antidepressant,Line 3,16-Dec-2025,2025,Team A,23.74,42.01,334.00,37.70,7.25,99.07,6.85,121.60,91.55,92.08,Pass,0,Yes,1,Environmental,Minor
B000952,Antidepressant,Line 3,19-Oct-2025,2025,Team A,22.84,48.42,315.00,39.10,7.20,99.13,6.92,142.50,84.11,92.07,Pass,0,No,0,None,None
B002067,GLP-1 Agonist,Line 2,12-Dec-2025,2025,Team B,21.59,42.49,296.00,41.90,8.36,98.25,6.97,139.40,90.72,92.06,Pass,0,No,0,None,None
B002907,AED,Line 2,08-May-2024,2024,Team A,22.30,50.38,334.00,39.70,6.11,98.68,6.82,124.00,85.18,92.06,Pass,0,No,0,None,None
B002920,COX-2 Inhibitor,Line 1,28-Mar-2025,2025,Team C,22.22,41.37,330.00,36.20,5.98,99.64,6.83,109.30,85.98,96.60,Pass,0,No,0,None,None
B001527,GLP-1 Agonist,Line 3,02-Nov-2024,2024,Team D,22.44,40.85,293.00,50.60,8.19,98.48,6.92,132.20,84.63,92.05,Pass,0,No,0,None,None
B001717,GLP-1 Agonist,Line 2,30-Oct-2024,2024,Team C,21.64,36.43,283.00,43.70,8.04,98.85,6.97,145.70,84.78,92.05,Pass,0,Yes,1,Material,Major
B002123,Antidepressant,Line 2,15-Nov-2024,2024,Team D,23.31,42.27,321.00,52.10,7.89,99.25,6.66,133.60,86.51,92.05,Pass,0,No,0,None,None
B002559,GLP-1 Agonist,Line 3,11-Jan-2024,2024,Team B,21.90,43.68,326.00,51.10,8.68,98.82,7.18,132.50,86.54,92.05,Pass,0,No,0,None,None
B002651,AED,Line 3,04-Mar-2025,2025,Team C,22.15,39.50,310.00,53.30,8.05,98.62,,132.80,86.24,92.05,Pass,0,No,0,None,None
B002760,GLP-1 Agonist,Line 1,24-Dec-2024,2024,Team B,22.05,49.75,302.00,44.00,8.23,98.58,7.14,136.70,85.72,92.05,Pass,0,No,0,None,None
B000191,AED,Line 1,22-Nov-2025,2025,Team C,22.15,48.59,331.00,36.60,6.75,99.02,7.23,111.70,91.22,92.04,Pass,0,No,0,None,None
B001295,GLP-1 Agonist,Line 3,19-Dec-2025,2025,Team B,21.08,32.43,315.00,46.20,8.56,99.02,7.09,124.90,85.38,92.04,Pass,0,No,0,None,None
B001944,Antidepressant,Line 3,09-Aug-2025,2025,Team B,23.74,48.26,327.00,37.10,7.50,99.30,6.84,123.30,87.28,92.04,Failed,1,No,0,None,None
B002356,AED,Line 3,06-May-2025,2025,Team D,21.23,42.30,356.00,44.20,7.90,98.67,7.04,118.20,87.67,92.04,Pass,0,No,0,None,None
B002448,GLP-1 Agonist,Line 2,02-Jul-2025,2025,Team A,20.75,38.36,290.00,55.60,7.78,99.14,6.96,150.30,85.99,92.04,Pass,0,No,0,None,None
B002603,GLP-1 Agonist,Line 3,26-Nov-2025,2025,Team D,21.04,34.06,291.00,56.20,9.80,99.31,6.90,149.00,83.70,92.04,Pass,0,No,0,None,None
B002918,AED,Line 3,02-Jan-2024,2024,Team A,21.30,,351.00,34.80,6.59,98.76,7.05,129.50,86.94,92.04,Pass,0,No,0,None,None
B000113,GLP-1 Agonist,Line 3,18-Jan-2024,2024,Team D,20.43,51.63,320.00,44.90,8.06,98.87,7.10,127.80,83.70,92.03,Pass,0,No,0,None,None
B001354,GLP-1 Agonist,Line 1,02-Apr-2025,2025,Team B,21.17,38.56,292.00,55.70,7.82,99.09,6.88,156.60,84.51,92.03,Pass,0,No,0,None,None
B001789,AED,Line 1,01-Nov-2024,2024,Team A,21.68,41.16,301.00,49.90,6.30,99.05,7.07,152.90,87.04,92.03,Pass,0,No,0,None,None
B001943,GLP-1 Agonist,Line 2,16-Jun-2024,2024,Team D,21.40,29.25,244.00,51.90,7.55,98.57,6.70,142.80,86.64,92.03,Pass,0,No,0,None,None
B002028,GLP-1 Agonist,Line 1,02-Dec-2025,2025,Team C,20.71,41.52,318.00,32.90,7.62,98.74,6.86,120.20,86.42,92.03,Failed,1,No,0,None,None
B001426,GLP-1 Agonist,Line 2,03-May-2025,2025,Team B,21.14,45.21,292.00,41.10,7.35,98.80,6.92,142.00,86.66,92.02,Pass,0,No,0,None,None
B002065,GLP-1 Agonist,Line 3,28-Oct-2025,2025,Team B,20.52,41.99,308.00,45.00,8.20,99.13,6.98,,88.13,92.02,Pass,0,No,0,None,None
B002264,Antidepressant,Line 3,12-Jan-2025,2025,Team C,22.84,42.06,365.00,51.60,8.24,98.51,6.71,137.70,86.42,92.02,Pass,0,No,0,None,None
B002357,GLP-1 Agonist,Line 2,19-Aug-2025,2025,Team D,20.47,40.80,297.00,44.30,7.33,99.63,7.09,143.20,82.18,92.02,Pass,0,No,0,None,None
B002732,GLP-1 Agonist,Line 3,11-Dec-2024,2024,Team A,21.19,34.86,298.00,55.10,8.78,99.37,7.11,114.60,83.22,92.02,Failed,1,No,0,None,None
B001201,COX-2 Inhibitor,Line 1,29-Jul-2025,2025,Team C,22.82,44.63,300.00,35.80,5.68,99.19,6.93,101.50,85.84,96.61,Pass,0,No,0,None,None
B001895,GLP-1 Agonist,Line 3,30-Mar-2025,2025,Team D,21.10,39.10,305.00,50.80,7.90,99.07,6.79,130.30,86.20,92.01,Failed,1,No,0,None,None
B000323,GLP-1 Agonist,Line 3,02-May-2024,2024,Team A,21.86,42.26,306.00,50.20,7.83,98.58,7.23,133.80,82.32,92.00,Pass,0,No,0,None,None
B002745,GLP-1 Agonist,Line 3,27-Jul-2024,2024,Team D,20.83,46.09,325.00,53.40,8.00,98.70,6.90,141.90,86.88,92.00,Pass,0,No,0,None,None
B001250,AED,Line 3,21-Nov-2025,2025,Team A,21.87,55.31,333.00,41.20,8.59,99.11,6.99,133.10,84.94,91.99,Pass,0,No,0,None,None
B001577,AED,Line 3,19-Feb-2024,2024,Team C,21.83,47.85,319.00,39.30,7.05,99.25,7.05,128.40,86.67,91.99,Pass,0,Yes,1,Environmental,Minor
B001587,GLP-1 Agonist,Line 2,28-Jun-2025,2025,Team C,21.71,43.98,313.00,46.20,8.26,98.99,6.93,128.90,85.59,91.99,Pass,0,No,0,None,None
B002146,AED,Line 3,09-Aug-2025,2025,Team B,20.49,51.76,322.00,42.00,7.82,98.70,7.13,121.40,83.22,91.99,Pass,0,No,0,None,None
B002567,Antidepressant,Line 2,07-Apr-2024,2024,Team D,22.53,44.00,317.00,38.50,7.35,99.00,6.84,123.00,88.92,91.99,Pass,0,No,0,None,None
B002662,GLP-1 Agonist,Line 1,16-Feb-2024,2024,Team A,20.85,36.77,291.00,37.90,6.51,99.22,6.78,130.60,90.88,91.99,Pass,0,No,0,None,None
B002909,AED,Line 1,10-May-2025,2025,Team C,21.97,49.22,323.00,37.90,7.90,99.19,7.02,131.10,92.57,91.99,Pass,0,No,0,None,None
B000704,AED,Line 3,05-Sep-2025,2025,Team D,21.88,45.30,295.00,49.80,7.24,98.99,7.00,132.10,83.63,91.97,Pass,0,No,0,None,None
B001622,GLP-1 Agonist,Line 3,16-Oct-2025,2025,Team A,21.60,38.74,314.00,51.10,8.73,98.99,7.00,141.40,85.96,91.96,Failed,1,No,0,None,None
B001814,Antidepressant,Line 3,18-May-2024,2024,Team C,21.73,46.87,309.00,36.30,6.67,98.90,6.89,123.80,85.81,91.96,Pass,0,No,0,None,None
B002235,COX-2 Inhibitor,Line 3,07-Oct-2024,2024,Team B,23.14,47.98,324.00,41.60,7.51,98.84,6.82,126.50,90.77,96.61,Pass,0,No,0,None,None
B002554,AED,Line 1,23-Nov-2024,2024,Team B,21.87,46.04,328.00,43.30,6.40,98.47,7.03,121.90,84.92,91.95,Pass,0,No,0,None,None
B000243,Antidepressant,Line 3,24-Aug-2024,2024,Team C,23.07,44.44,284.00,37.50,6.79,98.91,6.94,128.80,91.59,91.94,Pass,0,No,0,None,None
B000430,AED,Line 3,19-Jul-2024,2024,Team A,21.42,38.69,347.00,54.50,8.11,99.14,6.73,155.10,84.34,91.94,Pass,0,No,0,None,None
B000562,Antidepressant,Line 2,11-Jul-2025,2025,Team D,22.31,40.64,317.00,36.80,7.74,99.34,6.84,116.10,88.92,91.94,Pass,0,Yes,1,Material,Major
B002960,AED,Line 1,01-Apr-2025,2025,Team D,20.96,34.99,307.00,32.10,8.19,98.81,6.88,110.30,83.63,91.94,Pass,0,No,0,None,None
B002994,GLP-1 Agonist,Line 3,03-Sep-2025,2025,Team B,21.67,36.26,307.00,48.10,8.04,98.75,6.92,139.80,89.52,91.94,Pass,0,No,0,None,None
B000249,GLP-1 Agonist,Line 3,22-Dec-2025,2025,Team D,20.76,29.83,326.00,46.80,7.80,99.03,6.84,149.20,82.74,91.93,Pass,0,No,0,None,None
B002910,COX-2 Inhibitor,Line 1,13-Dec-2024,2024,Team D,22.31,46.94,329.00,35.70,5.81,99.33,6.68,126.30,86.10,96.63,Pass,0,No,0,None,None
B001161,Antidepressant,Line 2,17-Mar-2025,2025,Team B,21.88,39.76,318.00,45.50,7.09,99.24,6.59,134.20,87.19,91.93,Pass,0,No,0,None,None
B001282,GLP-1 Agonist,Line 2,25-Jul-2024,2024,Team A,21.60,41.42,321.00,44.60,7.70,98.76,6.85,136.60,81.57,91.93,Pass,0,No,0,None,None
B001389,AED,Line 3,08-Sep-2025,2025,Team B,22.11,42.44,304.00,45.70,8.52,99.27,7.00,128.30,89.79,91.93,Pass,0,No,0,None,None
B002150,Antidepressant,Line 1,26-Nov-2025,2025,Team D,23.49,41.37,367.00,53.70,7.33,98.92,6.55,136.40,86.64,91.93,Pass,0,No,0,None,None
B002344,GLP-1 Agonist,Line 2,12-Sep-2024,2024,Team C,20.51,47.63,289.00,50.30,8.16,98.42,7.24,151.80,79.48,91.93,Pass,0,No,0,None,None
B002842,GLP-1 Agonist,Line 1,26-Oct-2024,2024,Team A,21.23,42.37,315.00,56.70,7.50,99.43,6.84,140.70,85.89,91.93,Pass,0,Yes,1,Material,Major
B000811,Antidepressant,Line 2,15-Sep-2024,2024,Team A,21.97,50.59,334.00,49.60,7.68,98.66,6.85,125.00,89.83,91.92,Pass,0,No,0,None,None
B000602,COX-2 Inhibitor,Line 1,22-May-2024,2024,Team A,24.51,46.57,358.00,44.60,7.00,99.13,7.05,125.20,85.34,96.70,Pass,0,No,0,None,None
B001546,GLP-1 Agonist,Line 1,13-Dec-2025,2025,Team B,21.07,29.77,280.00,52.50,7.12,,6.73,156.90,81.14,91.92,Pass,0,Yes,1,Process,Major
B000880,COX-2 Inhibitor,Line 2,31-Mar-2025,2025,Team C,23.32,41.75,353.00,32.20,5.84,99.28,6.74,117.80,95.44,96.70,Pass,0,No,0,None,None
B002211,AED,Line 2,16-Apr-2025,2025,Team B,21.86,43.09,323.00,35.90,7.24,98.94,6.79,111.90,86.95,91.92,Pass,0,No,0,None,None
B002749,GLP-1 Agonist,Line 3,09-Oct-2024,2024,Team B,20.88,49.60,301.00,49.60,8.56,98.67,7.19,145.40,85.72,91.92,Pass,0,No,0,None,None
B001069,Antidepressant,Line 3,29-Nov-2024,2024,Team C,21.42,38.79,341.00,50.40,7.43,99.24,6.78,135.20,86.81,91.91,Pass,0,No,0,None,None
B002593,COX-2 Inhibitor,Line 2,13-Dec-2024,2024,Team C,,39.30,369.00,38.50,6.01,99.70,6.48,130.10,87.38,96.74,Pass,0,No,0,None,None
B002952,COX-2 Inhibitor,Line 2,27-Feb-2024,2024,Team C,23.09,37.58,345.00,39.60,6.89,99.35,6.52,122.30,88.81,96.76,Pass,0,No,0,None,None
B000521,AED,Line 2,05-Sep-2025,2025,Team A,21.86,,341.00,43.40,7.18,98.98,7.35,127.60,88.00,91.90,Pass,0,No,0,None,None
B001046,GLP-1 Agonist,Line 1,23-Nov-2025,2025,Team A,20.45,39.73,315.00,39.80,7.05,98.63,7.03,148.50,87.08,91.90,Pass,0,No,0,None,None
B002347,AED,Line 3,28-Nov-2024,2024,Team A,20.77,39.34,280.00,50.40,7.80,99.33,6.87,147.40,88.20,91.90,Pass,0,No,0,None,None
B001096,GLP-1 Agonist,Line 1,15-Dec-2025,2025,Team C,20.33,35.69,303.00,56.90,7.21,98.51,7.07,151.90,85.90,91.89,Pass,0,No,0,None,None
B001822,GLP-1 Agonist,Line 1,16-May-2025,2025,Team C,20.20,27.70,258.00,54.50,8.49,98.85,6.85,159.30,85.49,91.89,Pass,0,Yes,1,Environmental,Minor
B001890,GLP-1 Agonist,Line 3,23-Sep-2025,2025,Team B,21.44,39.17,305.00,41.50,8.22,99.40,6.87,145.80,86.73,91.89,Failed,1,No,0,None,None
B002233,Antidepressant,Line 2,09-Jul-2025,2025,Team C,21.35,43.51,345.00,60.60,7.40,98.95,6.80,131.30,85.11,91.89,Pass,0,No,0,None,None
B002862,GLP-1 Agonist,Line 1,22-Mar-2025,2025,Team D,21.89,35.92,292.00,40.60,6.18,,7.04,128.00,87.06,91.89,Pass,0,No,0,None,None
B002878,GLP-1 Agonist,Line 1,15-Nov-2024,2024,Team A,21.27,41.64,325.00,51.70,7.47,98.44,6.94,146.80,87.94,91.89,Failed,1,No,0,None,None
B000198,AED,Line 1,22-Oct-2024,2024,Team C,20.12,37.54,348.00,41.20,7.04,98.85,6.81,130.90,86.65,91.88,Pass,0,No,0,None,None
B000517,GLP-1 Agonist,Line 2,30-Jul-2024,2024,Team D,21.40,33.88,283.00,51.60,7.74,98.70,7.04,142.70,82.75,91.88,Pass,0,No,0,None,None
B001586,AED,Line 3,01-Dec-2024,2024,Team C,22.27,34.42,309.00,57.50,7.31,98.88,6.89,136.30,81.06,91.88,Failed,1,No,0,None,None
B001945,AED,Line 2,14-Aug-2025,2025,Team C,23.15,,299.00,37.40,7.08,98.74,6.75,122.60,90.68,91.88,Pass,0,No,0,None,None
B002295,GLP-1 Agonist,Line 3,05-Apr-2024,2024,Team B,21.71,40.08,293.00,44.50,8.45,98.55,6.99,121.60,88.48,91.88,Pass,0,No,0,None,None
B000789,AED,Line 2,26-Oct-2025,2025,Team B,21.52,46.75,345.00,40.80,6.83,98.97,7.13,128.10,85.03,91.87,Pass,0,No,0,None,None
B001229,AED,Line 2,10-Nov-2025,2025,Team A,20.93,44.41,306.00,51.60,7.18,98.66,7.01,149.90,86.03,91.87,Pass,0,No,0,None,None
B002191,Antidepressant,Line 2,20-Aug-2024,2024,Team A,22.47,39.93,356.00,55.80,7.77,99.43,6.87,122.70,84.65,91.87,Pass,0,No,0,None,None
B000048,GLP-1 Agonist,Line 2,01-May-2024,2024,Team D,21.19,40.96,293.00,39.40,7.72,,6.87,127.30,85.11,91.86,Pass,0,No,0,None,None
B001076,GLP-1 Agonist,Line 2,25-Dec-2024,2024,Team C,21.59,36.72,330.00,55.60,8.34,98.48,6.94,130.20,83.32,91.86,Pass,0,No,0,None,None
B002299,Antidepressant,Line 1,10-Jan-2024,2024,Team B,22.92,48.02,308.00,41.10,7.93,98.74,6.89,130.60,84.27,91.86,Pass,0,No,0,None,None
B002381,AED,Line 1,26-Jul-2025,2025,Team B,22.62,51.17,299.00,53.00,7.40,98.86,7.06,130.70,87.50,91.86,Pass,0,No,0,None,None
B001690,GLP-1 Agonist,Line 3,31-Aug-2025,2025,Team C,22.23,37.03,302.00,53.50,8.56,99.01,6.59,146.80,82.49,91.85,Pass,0,No,0,None,None
B001699,AED,Line 2,09-Jan-2024,2024,Team B,22.84,45.63,335.00,51.60,7.63,99.13,6.71,138.70,83.29,91.85,Pass,0,No,0,None,None
B001807,Antidepressant,Line 2,15-Jan-2025,2025,Team D,22.22,39.99,325.00,32.30,7.06,98.98,6.80,130.00,90.61,91.85,Pass,0,No,0,None,None
B001831,GLP-1 Agonist,Line 2,02-Aug-2024,2024,Team D,21.06,36.96,296.00,54.90,7.20,98.37,7.10,132.80,80.88,91.85,Pass,0,No,0,None,None
B002088,GLP-1 Agonist,Line 2,13-Dec-2025,2025,Team A,22.69,41.02,299.00,49.10,7.29,99.58,7.10,144.60,84.96,91.85,Pass,0,No,0,None,None
B001886,GLP-1 Agonist,Line 3,23-Aug-2024,2024,Team C,20.03,47.68,284.00,56.70,8.30,98.74,6.93,139.50,83.82,91.84,Pass,0,No,0,None,None
B002161,GLP-1 Agonist,Line 3,28-Nov-2024,2024,Team D,22.13,45.91,295.00,49.10,7.70,99.13,7.01,141.90,84.07,91.84,Pass,0,No,0,None,None
B000186,COX-2 Inhibitor,Line 1,23-Aug-2025,2025,Team C,23.73,,334.00,37.90,7.03,99.11,6.63,102.30,91.15,96.78,Pass,0,No,0,None,None
B000845,Antidepressant,Line 3,16-Sep-2025,2025,Team C,22.40,43.93,313.00,50.60,6.91,99.16,6.94,135.70,83.02,91.83,Pass,0,No,0,None,None
B002311,AED,Line 2,07-Aug-2024,2024,Team A,22.49,38.48,318.00,41.90,7.50,99.03,6.93,128.20,89.00,91.83,Pass,0,No,0,None,None
B002519,GLP-1 Agonist,Line 1,08-Jun-2024,2024,Team B,20.67,48.12,298.00,57.20,7.58,99.17,7.03,134.40,85.17,91.83,Pass,0,No,0,None,None
B001360,Antidepressant,Line 3,13-Oct-2024,2024,Team B,22.34,50.60,294.00,51.40,7.58,98.91,6.96,130.90,84.99,91.82,Pass,0,No,0,None,None
B002439,GLP-1 Agonist,Line 3,27-Dec-2025,2025,Team A,21.85,45.42,330.00,51.00,7.86,98.46,7.07,143.80,82.19,91.82,Pass,0,No,0,None,None
B002456,GLP-1 Agonist,Line 2,19-Sep-2024,2024,Team B,19.88,42.27,281.00,55.30,8.64,99.51,6.79,148.30,84.80,91.82,Pass,0,No,0,None,None
B002535,AED,Line 3,02-Nov-2025,2025,Team B,21.95,48.10,316.00,50.70,7.54,99.25,6.93,135.20,85.35,91.82,Pass,0,No,0,None,None
B000747,GLP-1 Agonist,Line 1,10-Sep-2025,2025,Team B,21.41,37.25,300.00,55.10,7.60,99.07,6.87,144.90,80.33,91.81,Pass,0,No,0,None,None
B001239,Antidepressant,Line 2,02-Sep-2024,2024,Team A,21.46,39.95,349.00,50.70,6.65,99.18,6.78,116.20,86.92,91.81,Pass,0,Yes,1,Equipment,Minor
B002707,AED,Line 3,19-Jun-2025,2025,Team C,21.75,41.86,324.00,46.30,7.33,98.54,6.86,135.80,86.86,91.81,Pass,0,No,0,None,None
B002711,AED,Line 3,17-Mar-2025,2025,Team D,21.86,39.38,306.00,55.60,8.76,99.03,7.00,128.00,82.91,91.81,Pass,0,No,0,None,None
B000311,GLP-1 Agonist,Line 3,31-May-2024,2024,Team A,22.59,39.92,310.00,59.70,8.37,99.18,7.08,132.60,83.66,91.80,Pass,0,No,0,None,None
B000520,AED,Line 3,17-Feb-2025,2025,Team A,20.82,44.70,303.00,50.50,8.06,98.45,7.19,122.80,87.07,91.80,Pass,0,No,0,None,None
B000582,GLP-1 Agonist,Line 3,05-Jun-2025,2025,Team C,21.36,35.36,313.00,42.60,7.93,99.38,6.88,130.40,88.69,91.80,Pass,0,No,0,None,None
B001845,Antidepressant,Line 2,20-Jan-2025,2025,Team C,22.01,39.71,319.00,47.00,5.78,98.93,6.83,118.40,88.77,91.80,Pass,0,No,0,None,None
B002863,GLP-1 Agonist,Line 2,02-Sep-2025,2025,Team C,21.19,39.13,303.00,43.30,7.27,98.94,7.02,126.70,86.17,91.78,Pass,0,No,0,None,None
B002837,COX-2 Inhibitor,Line 3,23-May-2024,2024,Team C,22.27,39.95,342.00,39.80,6.88,99.10,6.69,116.00,87.33,96.80,Pass,0,No,0,None,None
B000588,GLP-1 Agonist,Line 2,28-Oct-2024,2024,Team D,21.37,43.61,288.00,42.50,7.82,98.33,6.96,119.20,86.62,91.77,Pass,0,No,0,None,None
B000325,AED,Line 2,23-Oct-2025,2025,Team D,22.50,45.42,328.00,39.40,6.35,98.78,6.83,126.50,86.47,91.76,Pass,0,No,0,None,None
B000986,AED,Line 1,09-Mar-2024,2024,Team D,21.98,47.61,259.00,57.10,7.51,99.16,6.95,132.80,,91.76,Pass,0,No,0,None,None
B001268,AED,Line 3,25-Aug-2025,2025,Team C,20.86,45.11,293.00,52.00,7.21,98.90,6.84,138.10,86.03,91.76,Pass,0,No,0,None,None
B002119,Antidepressant,Line 1,27-Oct-2025,2025,Team B,21.88,51.53,316.00,55.70,7.15,98.75,6.99,115.70,84.05,91.76,Pass,0,No,0,None,None
B002961,AED,Line 1,23-Jul-2025,2025,Team C,21.79,45.04,301.00,40.50,7.19,98.97,6.87,140.70,87.14,91.76,Pass,0,No,0,None,None
B000177,GLP-1 Agonist,Line 3,24-Jun-2025,2025,Team D,21.25,43.25,274.00,44.70,8.05,98.79,7.00,150.50,81.83,91.75,Pass,0,No,0,None,None
B000800,COX-2 Inhibitor,Line 1,11-Aug-2024,2024,Team D,22.88,49.70,339.00,37.10,6.43,98.80,6.88,125.70,87.42,96.81,Pass,0,No,0,None,None
B001116,Antidepressant,Line 1,10-Aug-2024,2024,Team A,20.91,42.68,311.00,31.40,6.88,99.05,,131.10,90.12,91.75,Pass,0,Yes,1,Process,Minor
B001242,GLP-1 Agonist,Line 3,02-Oct-2024,2024,Team D,21.95,37.92,300.00,54.20,8.63,98.68,6.95,140.70,82.83,91.75,Pass,0,Yes,1,Equipment,Minor
B002396,AED,Line 2,19-Sep-2024,2024,Team D,21.73,51.96,328.00,36.20,5.93,99.07,7.01,115.90,89.10,91.75,Pass,0,No,0,None,None
B000126,GLP-1 Agonist,Line 1,28-Mar-2024,2024,Team A,21.38,40.48,289.00,57.00,7.50,98.77,,138.80,82.75,91.74,Pass,0,No,0,None,None
B000860,GLP-1 Agonist,Line 1,21-May-2025,2025,Team A,21.91,40.63,280.00,58.50,9.08,99.44,6.96,140.50,81.98,91.74,Pass,0,No,0,None,None
B000954,Antidepressant,Line 3,05-Sep-2025,2025,Team D,22.16,37.47,327.00,45.60,7.41,99.24,6.89,121.60,89.71,91.74,Failed,1,No,0,None,None
B000380,COX-2 Inhibitor,Line 3,26-Sep-2024,2024,Team C,23.19,42.55,376.00,38.10,6.78,98.73,,133.90,89.55,96.82,Pass,0,No,0,None,None
B000235,AED,Line 1,07-Jan-2025,2025,Team C,22.66,46.29,327.00,29.20,6.74,99.21,6.84,116.00,89.29,91.73,Pass,0,No,0,None,None
B000844,GLP-1 Agonist,Line 2,15-Oct-2024,2024,Team C,21.50,50.59,334.00,43.60,7.17,98.60,6.96,130.80,85.19,91.73,Pass,0,No,0,None,None
B001277,Antidepressant,Line 2,15-Nov-2024,2024,Team B,21.43,51.35,329.00,50.40,6.90,98.63,6.77,120.80,90.45,91.73,Pass,0,Yes,1,Process,Minor
B002418,GLP-1 Agonist,Line 3,26-Jan-2024,2024,Team A,22.07,33.30,294.00,47.90,9.31,98.38,6.50,,88.71,91.73,Pass,0,No,0,None,None
B002575,GLP-1 Agonist,Line 1,01-Mar-2024,2024,Team D,20.39,37.73,305.00,57.00,8.38,99.35,6.61,129.00,83.88,91.73,Pass,0,No,0,None,None
B002936,GLP-1 Agonist,Line 2,21-Aug-2024,2024,Team A,19.57,37.91,317.00,44.50,7.49,98.81,7.08,137.40,,91.73,Failed,1,Yes,1,Equipment,Major
B000823,GLP-1 Agonist,Line 2,22-Apr-2024,2024,Team B,22.09,36.03,292.00,48.80,7.56,98.70,6.93,148.30,88.23,91.72,Pass,0,No,0,None,None
B001325,GLP-1 Agonist,Line 1,23-May-2024,2024,Team B,20.85,42.77,261.00,46.10,7.80,98.56,6.88,143.90,87.13,91.72,Pass,0,Yes,1,Environmental,Minor
B001503,GLP-1 Agonist,Line 2,04-Apr-2024,2024,Team B,22.25,38.18,309.00,35.30,7.56,99.10,7.19,129.50,86.79,91.72,Pass,0,No,0,None,None
B002690,GLP-1 Agonist,Line 3,23-Jul-2025,2025,Team B,23.57,45.69,317.00,52.10,9.39,98.91,7.18,160.60,81.09,91.72,Pass,0,Yes,1,Material,Minor
B000592,GLP-1 Agonist,Line 1,21-Jun-2025,2025,Team D,21.90,36.76,302.00,41.50,7.11,98.73,7.05,130.90,91.98,91.71,Pass,0,No,0,None,None
B000940,Antidepressant,Line 1,01-Feb-2024,2024,Team D,23.75,39.09,322.00,49.40,6.46,99.18,,126.90,89.24,91.71,Pass,0,No,0,None,None
B000956,AED,Line 2,01-Dec-2025,2025,Team B,22.48,39.47,337.00,54.90,7.38,98.69,6.78,145.10,82.76,91.71,Pass,0,No,0,None,None
B001123,AED,Line 3,24-Apr-2024,2024,Team B,21.99,47.50,315.00,48.00,7.96,98.32,7.13,127.60,89.73,91.71,Pass,0,Yes,1,Process,Major
B000155,Antidepressant,Line 1,23-Apr-2025,2025,Team C,21.35,42.32,301.00,51.10,8.17,98.84,6.83,133.10,82.95,91.70,Pass,0,No,0,None,None
B000550,GLP-1 Agonist,Line 3,15-May-2025,2025,Team A,21.73,46.48,280.00,50.90,8.35,98.83,6.82,,88.59,91.70,Pass,0,No,0,None,None
B001583,GLP-1 Agonist,Line 3,22-Nov-2025,2025,Team D,20.47,44.56,303.00,58.00,8.92,99.07,6.97,162.80,83.49,91.70,Pass,0,No,0,None,None
B002479,GLP-1 Agonist,Line 2,27-Jul-2025,2025,Team B,19.79,42.92,281.00,58.90,8.41,99.11,6.96,147.60,90.67,91.69,Pass,0,No,0,None,None
B002825,AED,Line 2,14-Jul-2024,2024,Team C,22.12,47.01,313.00,43.40,7.04,98.86,7.01,116.30,86.93,91.69,Pass,0,No,0,None,None
B000647,Antidepressant,Line 2,12-Nov-2024,2024,Team B,21.33,43.21,317.00,40.40,6.50,98.95,6.70,125.30,85.44,91.68,Pass,0,No,0,None,None
B001365,GLP-1 Agonist,Line 3,12-Oct-2025,2025,Team B,21.66,44.02,330.00,40.60,7.27,98.77,7.10,127.70,83.44,91.67,Pass,0,No,0,None,None
B001889,AED,Line 2,05-Nov-2025,2025,Team D,22.52,44.50,347.00,53.80,7.65,99.13,,143.20,82.70,91.67,Pass,0,Yes,1,Material,Minor
B001022,COX-2 Inhibitor,Line 1,07-Dec-2025,2025,Team D,21.37,46.75,348.00,38.50,5.82,98.51,6.89,116.90,88.71,96.89,Pass,0,No,0,None,None
B002309,COX-2 Inhibitor,Line 1,06-Jun-2024,2024,Team D,23.88,40.20,356.00,41.80,6.52,99.39,6.74,117.50,89.03,96.89,Pass,0,No,0,None,None
B000057,GLP-1 Agonist,Line 2,07-Jun-2025,2025,Team C,21.39,34.46,289.00,44.70,7.62,99.04,6.84,136.90,87.22,91.66,Pass,0,No,0,None,None
B002391,COX-2 Inhibitor,Line 2,02-Mar-2025,2025,Team B,22.26,37.37,323.00,37.60,6.08,99.27,6.68,109.30,91.96,96.91,Pass,0,No,0,None,None
B000664,Antidepressant,Line 3,16-May-2025,2025,Team D,22.94,51.92,319.00,30.20,6.84,99.24,6.96,113.90,90.34,91.66,Pass,0,No,0,None,None
B000479,COX-2 Inhibitor,Line 3,27-Jan-2024,2024,Team B,21.65,48.07,365.00,35.50,6.08,99.12,6.76,120.00,88.79,97.01,Failed,1,Yes,1,Environmental,Major
B001462,GLP-1 Agonist,Line 2,17-Jun-2024,2024,Team D,21.23,34.31,290.00,60.50,7.73,99.04,6.75,149.80,82.89,91.66,Pass,0,No,0,None,None
B001638,AED,Line 3,11-Aug-2024,2024,Team A,21.89,42.49,306.00,40.50,7.48,99.02,7.25,118.80,87.56,91.66,Pass,0,No,0,None,None
B001744,AED,Line 1,05-Feb-2025,2025,Team C,20.21,57.13,326.00,36.40,6.18,98.93,7.04,120.60,89.03,91.66,Pass,0,No,0,None,None
B002222,GLP-1 Agonist,Line 2,22-Apr-2024,2024,Team D,22.23,40.09,310.00,41.00,7.00,98.73,7.20,123.50,91.53,91.66,Pass,0,No,0,None,None
B002260,GLP-1 Agonist,Line 1,24-Sep-2025,2025,Team B,21.70,41.84,310.00,56.90,8.32,98.69,6.89,132.40,86.36,91.66,Pass,0,No,0,None,None
B000084,Antidepressant,Line 3,07-Oct-2024,2024,Team A,22.41,52.09,302.00,50.60,7.93,99.33,6.87,134.30,87.69,91.65,Pass,0,No,0,None,None
B001111,Antidepressant,Line 1,08-Jan-2024,2024,Team A,21.01,40.41,324.00,58.10,7.21,99.50,6.80,138.40,,91.65,Pass,0,No,0,None,None
B001347,GLP-1 Agonist,Line 3,14-May-2024,2024,Team B,,32.78,305.00,42.90,8.10,98.69,6.81,119.10,87.61,91.65,Pass,0,No,0,None,None
B001885,GLP-1 Agonist,Line 3,07-Jan-2024,2024,Team C,21.31,50.66,294.00,56.70,8.20,98.80,7.22,108.20,81.55,91.65,Pass,0,Yes,1,Equipment,Minor
B002544,Antidepressant,Line 2,08-Dec-2025,2025,Team D,22.03,45.03,327.00,51.00,6.23,98.30,6.75,,87.07,91.65,Pass,0,No,0,None,None
B000870,Antidepressant,Line 2,31-Mar-2025,2025,Team C,22.93,40.74,316.00,46.50,7.01,98.79,6.42,133.80,88.36,91.64,Pass,0,No,0,None,None
B000910,GLP-1 Agonist,Line 3,04-Sep-2025,2025,Team C,22.79,38.15,308.00,52.40,7.68,99.01,6.92,144.10,84.33,91.64,Pass,0,No,0,None,None
B001118,AED,Line 3,02-Jun-2025,2025,Team D,22.72,47.63,313.00,44.90,7.70,98.90,7.15,117.80,91.03,91.64,Pass,0,No,0,None,None
B001554,GLP-1 Agonist,Line 3,04-Nov-2024,2024,Team B,20.45,32.57,319.00,49.70,8.84,99.17,6.75,150.60,85.52,91.64,Pass,0,Yes,1,Equipment,Minor
B001924,GLP-1 Agonist,Line 3,24-Apr-2025,2025,Team A,21.76,49.65,307.00,47.90,7.96,99.39,7.24,139.90,86.44,91.64,Pass,0,No,0,None,None
B002101,COX-2 Inhibitor,Line 2,02-Sep-2024,2024,Team D,22.21,41.49,357.00,40.30,6.05,99.25,6.54,121.60,88.96,97.04,Pass,0,No,0,None,None
B000480,GLP-1 Agonist,Line 2,18-Nov-2024,2024,Team C,21.47,40.50,292.00,58.00,7.96,99.21,7.13,160.60,82.65,91.63,Failed,1,No,0,None,None
B001682,AED,Line 1,29-Apr-2024,2024,Team C,22.19,41.80,290.00,40.10,7.37,98.97,7.23,130.90,89.67,91.63,Pass,0,No,0,None,None
B002186,Antidepressant,Line 3,29-Sep-2025,2025,Team D,22.78,32.23,306.00,53.40,7.00,99.45,6.53,134.80,81.91,91.63,Pass,0,No,0,None,None
B002198,GLP-1 Agonist,Line 2,08-Nov-2024,2024,Team A,21.50,34.81,333.00,51.20,7.18,99.15,6.81,144.80,82.51,91.63,Pass,0,No,0,None,None
B002718,AED,Line 3,04-Jul-2024,2024,Team B,22.39,42.07,315.00,40.10,7.40,99.13,6.92,132.80,88.44,91.63,Pass,0,No,0,None,None
B002897,AED,Line 1,09-Oct-2024,2024,Team C,21.38,41.66,332.00,34.90,6.16,99.17,6.86,134.70,86.48,91.63,Pass,0,Yes,1,Process,Minor
B002256,GLP-1 Agonist,Line 3,23-Oct-2025,2025,Team B,21.39,,290.00,55.30,7.84,98.70,7.03,133.60,81.37,91.62,Pass,0,No,0,None,None
B002465,Antidepressant,Line 1,07-Mar-2025,2025,Team D,22.25,43.14,325.00,45.30,7.51,98.81,7.12,127.30,88.68,91.62,Pass,0,No,0,None,None
B000833,GLP-1 Agonist,Line 2,10-Jun-2025,2025,Team A,21.54,49.64,312.00,55.60,8.87,98.66,6.85,145.90,84.02,91.61,Pass,0,No,0,None,None
B001074,AED,Line 1,09-Nov-2024,2024,Team A,22.19,36.25,323.00,38.40,7.20,99.20,6.90,114.00,89.28,91.61,Pass,0,No,0,None,None
B001311,GLP-1 Agonist,Line 2,19-Aug-2024,2024,Team D,20.82,40.88,301.00,59.70,8.03,98.26,6.97,146.10,84.42,91.61,Pass,0,No,0,None,None
B001851,Antidepressant,Line 1,13-Aug-2024,2024,Team A,22.19,38.59,316.00,47.90,7.22,99.32,6.66,130.00,86.92,91.61,Pass,0,No,0,None,None
B000038,GLP-1 Agonist,Line 1,22-Sep-2024,2024,Team C,22.02,37.48,290.00,46.30,7.31,98.88,6.97,139.70,86.83,91.60,Pass,0,No,0,None,None
B001458,GLP-1 Agonist,Line 2,24-Nov-2025,2025,Team D,21.44,37.69,278.00,44.30,7.80,98.56,6.96,120.60,84.36,91.60,Pass,0,No,0,None,None
B001464,GLP-1 Agonist,Line 3,01-Jun-2024,2024,Team C,22.26,42.37,304.00,54.30,8.42,98.68,7.07,149.80,85.26,91.60,Pass,0,No,0,None,None
B001649,AED,Line 1,21-Dec-2024,2024,Team D,21.08,45.82,305.00,54.70,7.75,98.88,7.00,127.20,85.01,91.60,Pass,0,No,0,None,None
B002717,GLP-1 Agonist,Line 3,05-Dec-2025,2025,Team A,22.88,42.32,291.00,52.70,8.62,,6.99,145.30,81.39,91.60,Pass,0,No,0,None,None
B000583,Antidepressant,Line 2,16-Jan-2024,2024,Team D,21.80,44.67,317.00,39.50,6.86,98.81,6.82,122.40,88.45,91.59,Failed,1,Yes,1,Equipment,Minor
B000888,Antidepressant,Line 3,10-Jan-2025,2025,Team D,22.55,33.62,337.00,39.50,8.07,99.28,6.82,117.70,86.18,91.59,Pass,0,No,0,None,None
B001036,COX-2 Inhibitor,Line 2,02-Jun-2025,2025,Team C,24.80,46.92,343.00,37.90,6.69,99.14,6.89,,88.28,97.06,Pass,0,No,0,None,None
B001571,GLP-1 Agonist,Line 1,09-Apr-2025,2025,Team A,20.08,51.11,299.00,52.20,7.01,99.43,6.99,141.60,86.10,91.59,Pass,0,No,0,None,None
B001609,GLP-1 Agonist,Line 1,09-Jul-2025,2025,Team A,21.55,30.06,321.00,39.30,7.26,98.66,7.14,136.70,84.95,91.59,Pass,0,No,0,None,None
B001643,GLP-1 Agonist,Line 2,22-Jan-2024,2024,Team D,22.27,37.09,299.00,58.00,7.92,98.87,7.01,128.40,86.86,91.59,Pass,0,No,0,None,None
B002919,Antidepressant,Line 3,11-Apr-2025,2025,Team B,22.42,37.39,306.00,32.50,7.40,99.31,6.61,115.30,88.31,91.59,Pass,0,No,0,None,None
B000684,GLP-1 Agonist,Line 2,15-Jul-2024,2024,Team D,22.35,,282.00,42.80,7.98,98.23,6.98,139.20,85.06,91.58,Pass,0,No,0,None,None
B001798,GLP-1 Agonist,Line 2,19-Dec-2025,2025,Team C,20.73,45.67,290.00,54.60,8.01,99.13,6.94,141.80,84.10,91.58,Pass,0,No,0,None,None
B002315,GLP-1 Agonist,Line 2,26-Apr-2025,2025,Team D,21.94,35.11,326.00,42.60,8.12,98.84,7.14,139.40,88.90,91.58,Pass,0,No,0,None,None
B002431,AED,Line 2,22-May-2025,2025,Team D,21.56,36.00,295.00,48.30,7.57,99.12,6.69,145.00,84.18,91.58,Pass,0,No,0,None,None
B002812,AED,Line 1,23-Jun-2024,2024,Team A,21.79,47.33,327.00,42.10,7.39,98.74,7.06,127.70,85.93,91.58,Pass,0,No,0,None,None
B002841,AED,Line 2,13-Dec-2024,2024,Team A,21.30,52.77,293.00,30.00,7.42,99.10,6.96,112.20,90.10,91.58,Pass,0,No,0,None,None
B002975,GLP-1 Agonist,Line 3,24-Oct-2025,2025,Team D,21.01,41.72,297.00,44.10,9.24,98.97,7.11,135.40,86.80,91.58,Pass,0,Yes,1,Equipment,Major
B001409,AED,Line 3,24-Oct-2025,2025,Team B,21.76,46.94,305.00,45.80,8.10,98.94,7.09,136.40,85.17,91.57,Pass,0,No,0,None,None
B000145,GLP-1 Agonist,Line 3,20-Mar-2025,2025,Team B,22.71,35.08,287.00,48.20,9.34,99.73,6.96,145.10,88.43,91.56,Failed,1,No,0,None,None
B001793,Antidepressant,Line 1,02-May-2025,2025,Team D,21.58,36.46,303.00,53.90,7.85,99.12,6.64,127.20,87.26,91.56,Pass,0,No,0,None,None
B002027,AED,Line 2,03-Aug-2024,2024,Team B,21.11,38.32,310.00,51.90,8.31,99.02,6.90,147.20,83.54,91.56,Pass,0,No,0,None,None
B002529,AED,Line 3,04-Sep-2025,2025,Team D,21.56,36.06,308.00,38.30,7.96,99.32,6.80,130.70,87.81,91.56,Pass,0,No,0,None,None
B001854,COX-2 Inhibitor,Line 1,31-Jul-2025,2025,Team B,22.62,40.55,348.00,37.30,7.60,99.36,6.76,128.30,89.79,97.08,Pass,0,No,0,None,None
B002993,GLP-1 Agonist,Line 3,29-Mar-2024,2024,Team D,21.99,36.64,276.00,40.80,7.84,98.54,6.90,143.60,84.42,91.56,Pass,0,No,0,None,None
B000400,GLP-1 Agonist,Line 2,26-Feb-2025,2025,Team D,22.16,33.62,296.00,33.60,6.56,99.20,6.77,133.10,89.94,91.55,Pass,0,Yes,1,Material,Minor
B000885,Antidepressant,Line 3,22-Feb-2024,2024,Team C,22.95,39.69,302.00,54.30,7.05,98.60,6.64,122.30,87.43,91.55,Pass,0,No,0,None,None
B002534,Antidepressant,Line 2,06-Aug-2025,2025,Team B,23.33,39.51,321.00,28.70,6.59,98.83,6.79,103.30,92.43,91.55,Pass,0,No,0,None,None
B002819,GLP-1 Agonist,Line 2,29-May-2025,2025,Team C,21.93,41.66,312.00,38.70,7.65,98.71,6.98,120.60,89.43,91.55,Pass,0,No,0,None,None
B000095,GLP-1 Agonist,Line 2,17-Jul-2024,2024,Team C,21.87,46.40,267.00,37.20,7.88,98.76,7.39,138.80,83.47,91.54,Pass,0,No,0,None,None
B001545,GLP-1 Agonist,Line 2,22-Aug-2024,2024,Team D,21.60,48.64,304.00,61.30,8.63,99.03,7.11,145.70,83.95,91.54,Pass,0,No,0,None,None
B002310,AED,Line 1,08-Sep-2024,2024,Team D,22.93,36.56,335.00,61.30,7.39,99.34,6.96,123.70,83.85,91.54,Pass,0,No,0,None,None
B000157,GLP-1 Agonist,Line 1,06-Jun-2025,2025,Team D,19.83,47.72,283.00,46.10,8.17,98.62,7.21,123.50,86.15,91.53,Pass,0,No,0,None,None
B000987,GLP-1 Agonist,Line 1,31-Aug-2024,2024,Team C,20.64,37.03,285.00,42.30,7.27,,6.84,138.70,86.37,91.53,Pass,0,No,0,None,None
B001738,Antidepressant,Line 1,01-Sep-2024,2024,Team C,20.92,50.54,344.00,53.20,7.74,99.31,6.96,135.20,81.95,91.53,Pass,0,No,0,None,None
B000417,Antidepressant,Line 2,23-Feb-2025,2025,Team D,21.29,40.79,337.00,53.00,7.88,99.32,6.80,134.60,81.79,91.52,Failed,1,Yes,1,Process,Minor
B002282,Antidepressant,Line 1,27-Jul-2024,2024,Team B,21.71,43.54,326.00,52.20,7.70,99.19,6.86,130.60,82.19,91.52,Pass,0,No,0,None,None
B002443,Antidepressant,Line 3,31-Jul-2024,2024,Team B,20.30,45.94,284.00,36.30,7.25,99.32,6.59,121.40,85.45,91.52,Pass,0,No,0,None,None
B000187,GLP-1 Agonist,Line 3,16-Jan-2024,2024,Team A,21.54,39.28,305.00,42.40,7.58,98.50,7.03,145.40,87.24,91.51,Pass,0,No,0,None,None
B000989,GLP-1 Agonist,Line 3,17-Jan-2025,2025,Team B,20.27,43.38,289.00,52.30,7.81,98.75,7.04,148.10,82.66,91.51,Pass,0,No,0,None,None
B000189,COX-2 Inhibitor,Line 1,08-Jun-2024,2024,Team A,20.99,34.07,346.00,42.70,7.02,98.89,6.66,125.20,86.69,97.10,Pass,0,No,0,None,None
B001809,GLP-1 Agonist,Line 2,17-May-2025,2025,Team A,21.83,46.17,297.00,49.70,8.30,99.16,6.86,155.20,84.09,91.51,Pass,0,No,0,None,None
B001946,AED,Line 3,31-Oct-2024,2024,Team A,21.07,45.03,326.00,54.70,7.96,99.31,,154.00,85.23,91.51,Pass,0,No,0,None,None
B002172,Antidepressant,Line 2,21-Sep-2024,2024,Team D,21.86,44.56,331.00,54.00,7.08,99.19,6.74,143.90,82.84,91.50,Pass,0,No,0,None,None
B002856,AED,Line 3,04-Dec-2025,2025,Team A,22.16,45.69,297.00,34.00,7.42,99.02,6.90,101.20,85.72,91.50,Pass,0,No,0,None,None
B000220,GLP-1 Agonist,Line 1,17-Oct-2025,2025,Team C,20.24,45.75,286.00,49.20,7.32,99.10,,123.70,85.89,91.49,Pass,0,No,0,None,None
B000975,GLP-1 Agonist,Line 1,28-Apr-2025,2025,Team A,22.19,37.40,284.00,43.70,8.16,98.86,6.82,146.10,85.47,91.49,Pass,0,No,0,None,None
B002103,AED,Line 1,17-Sep-2024,2024,Team B,21.91,47.14,296.00,48.10,7.24,98.79,6.72,119.70,89.41,91.49,Pass,0,No,0,None,None
B001141,GLP-1 Agonist,Line 2,21-Jan-2024,2024,Team B,20.35,33.51,346.00,42.60,7.43,98.90,6.94,142.20,83.78,91.48,Pass,0,No,0,None,None
B001986,AED,Line 1,22-Oct-2024,2024,Team D,22.50,55.65,333.00,55.80,6.79,99.02,7.07,138.60,86.25,91.48,Pass,0,No,0,None,None
B002541,GLP-1 Agonist,Line 3,26-Nov-2025,2025,Team B,22.04,46.97,289.00,60.50,8.41,99.23,7.24,148.50,84.04,91.48,Pass,0,Yes,1,Material,Minor
B000010,GLP-1 Agonist,Line 3,24-Jan-2025,2025,Team A,21.24,42.17,281.00,52.60,7.78,98.85,7.07,144.90,86.17,91.47,Pass,0,No,0,None,None
B001127,GLP-1 Agonist,Line 2,04-Apr-2025,2025,Team C,20.27,38.07,313.00,54.90,7.74,98.37,7.06,154.30,85.03,91.47,Pass,0,No,0,None,None
B001320,AED,Line 2,09-Sep-2024,2024,Team B,22.25,47.44,336.00,47.40,7.27,99.32,6.98,126.80,86.83,91.47,Pass,0,No,0,None,None
B002091,GLP-1 Agonist,Line 2,20-Jan-2025,2025,Team D,21.15,47.00,308.00,40.30,6.39,98.80,7.17,146.10,88.11,91.47,Pass,0,No,0,None,None
B000626,GLP-1 Agonist,Line 2,27-May-2025,2025,Team D,20.75,31.39,310.00,38.20,8.21,99.05,6.80,137.90,89.28,91.46,Pass,0,No,0,None,None
B001294,GLP-1 Agonist,Line 2,05-Jul-2024,2024,Team A,21.60,49.53,288.00,56.50,8.77,98.74,7.09,132.30,83.23,91.46,Pass,0,No,0,None,None
B001298,Antidepressant,Line 2,27-Aug-2025,2025,Team D,21.95,46.07,335.00,47.70,8.08,98.82,6.92,152.00,86.75,91.46,Pass,0,No,0,None,None
B002243,GLP-1 Agonist,Line 1,11-May-2024,2024,Team C,22.09,32.52,290.00,40.80,7.53,99.21,6.88,126.20,90.69,91.46,Pass,0,No,0,None,None
B002307,GLP-1 Agonist,Line 3,29-Oct-2024,2024,Team D,21.67,31.28,293.00,53.50,8.43,98.71,6.73,139.70,85.74,91.45,Pass,0,No,0,None,None
B002004,COX-2 Inhibitor,Line 1,22-Jul-2025,2025,Team D,22.55,46.65,324.00,32.00,5.98,98.89,6.79,115.90,88.18,97.11,Pass,0,No,0,None,None
B001569,GLP-1 Agonist,Line 2,27-Feb-2025,2025,Team C,22.27,40.93,338.00,42.50,6.90,99.40,7.12,141.10,85.21,91.44,Pass,0,No,0,None,None
B001761,GLP-1 Agonist,Line 2,01-May-2025,2025,Team D,20.79,37.68,300.00,44.70,7.42,98.60,6.84,130.80,88.17,91.44,Pass,0,No,0,None,None
B000937,AED,Line 2,17-Aug-2025,2025,Team C,21.68,,285.00,39.70,7.16,98.79,6.88,127.70,83.87,91.43,Pass,0,No,0,None,None
B000960,GLP-1 Agonist,Line 2,20-Nov-2024,2024,Team B,21.83,30.91,291.00,41.30,7.92,99.41,6.88,141.00,86.79,91.43,Pass,0,No,0,None,None
B000572,AED,Line 1,06-Dec-2025,2025,Team C,21.37,45.18,310.00,36.60,7.55,99.30,7.03,121.70,86.55,91.42,Pass,0,No,0,None,None
B001604,AED,Line 2,14-Oct-2024,2024,Team C,21.27,42.33,309.00,53.20,7.92,98.67,6.89,136.60,85.52,91.41,Pass,0,Yes,1,Process,Minor
B002445,GLP-1 Agonist,Line 3,05-Sep-2025,2025,Team A,21.23,35.91,324.00,41.70,7.88,99.25,,131.10,86.12,91.41,Pass,0,No,0,None,None
B000289,GLP-1 Agonist,Line 1,21-Jun-2025,2025,Team B,21.13,35.54,272.00,59.80,8.12,99.38,6.72,162.00,81.44,91.40,Pass,0,No,0,None,None
B001380,GLP-1 Agonist,Line 1,09-Aug-2025,2025,Team B,21.24,47.86,304.00,31.80,7.20,98.97,7.00,127.00,92.26,91.40,Pass,0,No,0,None,None
B002087,GLP-1 Agonist,Line 3,10-Dec-2025,2025,Team B,21.11,46.69,307.00,55.80,7.73,98.96,7.14,148.20,82.48,91.40,Pass,0,No,0,None,None
B002538,GLP-1 Agonist,Line 2,17-Feb-2025,2025,Team D,21.12,36.49,298.00,48.80,6.96,99.25,6.90,146.90,87.89,91.40,Pass,0,Yes,1,Process,Minor
B002815,Antidepressant,Line 2,28-Feb-2024,2024,Team C,21.53,45.81,324.00,38.60,6.63,99.33,6.57,134.40,89.41,91.40,Pass,0,No,0,None,None
B000881,GLP-1 Agonist,Line 3,12-Dec-2025,2025,Team C,20.65,35.96,299.00,55.10,8.03,98.93,7.00,155.80,82.17,91.39,Pass,0,No,0,None,None
B000973,Antidepressant,Line 2,19-Aug-2025,2025,Team D,21.85,40.24,360.00,30.10,6.65,99.43,6.95,124.20,90.41,91.39,Pass,0,No,0,None,None
B002355,GLP-1 Agonist,Line 3,16-Jun-2024,2024,Team D,21.10,40.63,292.00,45.30,8.05,98.59,7.03,141.20,84.09,91.39,Pass,0,No,0,None,None
B002586,GLP-1 Agonist,Line 3,29-Aug-2024,2024,Team D,19.85,50.95,267.00,41.20,8.15,98.84,7.32,150.20,82.95,91.39,Failed,1,No,0,None,None
B000042,AED,Line 3,13-Feb-2024,2024,Team D,21.71,,312.00,37.90,7.85,99.12,6.74,135.90,84.83,91.38,Pass,0,No,0,None,None
B001108,GLP-1 Agonist,Line 3,28-May-2025,2025,Team A,21.47,37.97,286.00,57.40,8.42,98.46,6.99,130.70,83.71,91.38,Pass,0,No,0,None,None
B001289,GLP-1 Agonist,Line 3,05-Jul-2025,2025,Team C,21.79,47.00,276.00,48.50,8.05,98.78,7.01,151.80,84.15,91.38,Pass,0,No,0,None,None
B002542,GLP-1 Agonist,Line 2,16-Mar-2024,2024,Team D,20.30,43.51,295.00,52.40,7.91,98.90,7.02,151.00,84.67,91.38,Pass,0,No,0,None,None
B000922,AED,Line 3,13-Apr-2024,2024,Team A,22.43,40.45,337.00,54.30,8.05,99.37,7.07,138.90,83.25,91.37,Pass,0,No,0,None,None
B001481,GLP-1 Agonist,Line 2,12-Oct-2025,2025,Team B,21.13,41.35,336.00,38.50,7.26,98.88,6.92,143.50,88.32,91.37,Pass,0,No,0,None,None
B002781,Antidepressant,Line 3,02-Aug-2024,2024,Team D,21.97,48.96,342.00,37.50,7.10,98.99,6.88,129.80,85.57,91.37,Pass,0,No,0,None,None
B002940,Antidepressant,Line 3,25-Jan-2025,2025,Team C,23.13,,331.00,29.40,6.50,98.57,6.85,111.80,88.11,91.37,Pass,0,No,0,None,None
B001226,AED,Line 3,22-Nov-2025,2025,Team C,21.27,41.86,331.00,37.10,7.08,98.89,7.09,113.50,92.53,91.36,Pass,0,No,0,None,None
B001762,Antidepressant,Line 2,29-Dec-2024,2024,Team A,22.41,52.90,327.00,37.80,6.92,98.93,6.68,116.70,92.90,91.36,Pass,0,No,0,None,None
B002253,GLP-1 Agonist,Line 1,16-Sep-2025,2025,Team D,22.22,42.42,294.00,53.20,8.38,98.55,6.96,142.60,83.63,91.36,Pass,0,No,0,None,None
B001510,COX-2 Inhibitor,Line 1,17-May-2025,2025,Team B,22.32,40.25,355.00,36.80,6.60,99.61,6.76,119.70,89.10,97.25,Pass,0,No,0,None,None
B002770,AED,Line 3,31-Dec-2024,2024,Team A,21.34,35.97,278.00,39.60,7.19,98.96,6.69,136.50,87.14,91.36,Pass,0,No,0,None,None
B001061,AED,Line 3,13-Jan-2024,2024,Team B,22.06,42.53,317.00,51.10,8.39,98.90,6.92,143.90,83.82,91.35,Failed,1,No,0,None,None
B002034,GLP-1 Agonist,Line 2,09-Nov-2025,2025,Team B,22.03,47.44,275.00,45.20,8.38,99.05,6.81,138.70,86.22,91.35,Pass,0,No,0,None,None
B000896,AED,Line 2,29-Oct-2024,2024,Team B,20.52,36.08,297.00,39.60,6.67,99.27,6.80,122.70,84.81,91.34,Pass,0,Yes,1,Material,Minor
B001875,AED,Line 2,18-Oct-2024,2024,Team D,21.36,49.10,324.00,54.80,7.47,98.91,6.95,,87.56,91.34,Pass,0,No,0,None,None
B002772,AED,Line 3,21-Apr-2024,2024,Team D,22.44,37.77,328.00,49.50,8.18,98.68,6.71,131.60,85.12,91.34,Pass,0,No,0,None,None
B000543,AED,Line 3,29-Jun-2024,2024,Team A,21.92,44.93,325.00,51.30,8.23,98.97,6.95,134.20,85.55,91.33,Pass,0,Yes,1,Equipment,Minor
B002706,GLP-1 Agonist,Line 2,08-Apr-2024,2024,Team D,22.27,44.86,297.00,52.00,8.92,,7.14,142.10,80.33,91.33,Pass,0,No,0,None,None
B001496,COX-2 Inhibitor,Line 2,23-Feb-2024,2024,Team C,22.62,46.46,328.00,41.30,6.56,99.06,6.59,142.80,90.89,97.26,Pass,0,No,0,None,None
B000676,GLP-1 Agonist,Line 3,09-Jun-2025,2025,Team B,22.88,39.54,278.00,54.80,8.19,98.64,6.95,135.10,82.99,91.32,Pass,0,No,0,None,None
B002740,COX-2 Inhibitor,Line 2,18-Apr-2025,2025,Team D,22.58,45.95,340.00,36.50,6.36,99.38,6.72,127.00,85.67,97.27,Pass,0,No,0,None,None
B002290,GLP-1 Agonist,Line 2,22-Aug-2024,2024,Team D,22.32,32.01,286.00,40.70,8.42,98.62,6.67,116.80,84.64,91.32,Pass,0,Yes,1,Process,Minor
B002778,GLP-1 Agonist,Line 2,21-Jul-2025,2025,Team A,21.58,42.92,317.00,39.30,8.56,98.52,7.17,136.50,86.00,91.32,Pass,0,No,0,None,None
B000593,GLP-1 Agonist,Line 3,11-Feb-2024,2024,Team B,21.71,40.84,306.00,48.20,8.17,99.01,6.98,135.20,85.11,91.30,Pass,0,No,0,None,None
B002967,GLP-1 Agonist,Line 3,20-Nov-2025,2025,Team A,21.83,37.79,310.00,46.40,8.08,98.69,6.91,149.50,85.95,91.30,Pass,0,No,0,None,None
B000635,Antidepressant,Line 2,09-Sep-2024,2024,Team B,21.12,42.90,310.00,35.30,6.96,99.12,6.80,113.10,91.49,91.29,Pass,0,No,0,None,None
B001665,AED,Line 2,02-Dec-2025,2025,Team A,21.62,36.60,308.00,30.90,6.74,99.31,6.87,124.00,91.84,91.28,Pass,0,No,0,None,None
B002281,GLP-1 Agonist,Line 3,05-Apr-2024,2024,Team C,21.76,50.38,291.00,52.00,8.13,98.69,7.09,145.20,81.34,91.28,Pass,0,No,0,None,None
B002312,Antidepressant,Line 1,01-Jun-2024,2024,Team C,21.89,43.95,312.00,58.10,7.15,99.05,6.96,118.30,86.52,91.28,Pass,0,No,0,None,None
B000961,GLP-1 Agonist,Line 1,16-May-2025,2025,Team C,21.30,37.10,315.00,43.90,8.44,99.58,7.25,128.60,85.71,91.27,Pass,0,No,0,None,None
B002279,AED,Line 1,12-May-2024,2024,Team D,23.38,35.47,305.00,37.00,7.11,99.32,6.72,127.60,91.74,91.27,Pass,0,No,0,None,None
B000990,AED,Line 3,10-Feb-2024,2024,Team D,20.43,49.57,322.00,52.90,7.61,99.32,7.05,149.90,84.81,91.26,Pass,0,No,0,None,None
B001024,GLP-1 Agonist,Line 3,10-Jun-2025,2025,Team A,21.59,40.40,274.00,53.20,7.42,98.45,7.18,138.10,84.12,91.26,Pass,0,No,0,None,None
B001625,GLP-1 Agonist,Line 1,24-Aug-2024,2024,Team A,21.40,39.51,300.00,51.10,7.97,99.23,7.01,144.70,82.42,91.26,Pass,0,No,0,None,None
B000982,AED,Line 2,14-Feb-2025,2025,Team B,22.69,42.98,270.00,39.60,7.23,99.12,6.75,133.70,87.77,91.25,Pass,0,No,0,None,None
B001869,GLP-1 Agonist,Line 2,17-Sep-2025,2025,Team C,21.88,39.24,306.00,58.20,7.91,98.64,6.93,143.50,85.99,91.25,Pass,0,No,0,None,None
B002035,Antidepressant,Line 2,17-Jun-2024,2024,Team C,22.39,30.09,318.00,30.20,5.99,99.06,6.68,122.10,89.67,91.25,Pass,0,No,0,None,None
B002764,GLP-1 Agonist,Line 3,16-Nov-2025,2025,Team B,21.86,40.99,273.00,46.00,8.46,99.17,6.89,124.80,85.66,91.25,Pass,0,Yes,1,Process,Minor
B001397,GLP-1 Agonist,Line 1,30-Nov-2024,2024,Team B,22.16,40.53,268.00,54.10,7.96,99.04,7.04,154.80,88.31,91.24,Pass,0,No,0,None,None
B000387,COX-2 Inhibitor,Line 2,29-Nov-2025,2025,Team C,22.45,40.27,330.00,40.70,7.09,99.08,6.51,119.50,88.56,97.32,Pass,0,No,0,None,None
B002555,GLP-1 Agonist,Line 2,21-Apr-2024,2024,Team B,21.78,37.76,301.00,37.10,7.48,99.11,6.82,,88.40,91.24,Pass,0,No,0,None,None
B000867,AED,Line 2,04-Aug-2025,2025,Team C,21.45,47.38,310.00,40.40,6.51,98.67,7.13,129.00,89.80,91.23,Pass,0,No,0,None,None
B002941,AED,Line 3,13-Dec-2024,2024,Team B,21.35,45.87,285.00,47.50,8.97,98.86,7.03,134.10,84.81,91.23,Pass,0,No,0,None,None
B000167,AED,Line 1,20-Oct-2025,2025,Team C,20.25,44.81,334.00,57.00,6.34,99.20,6.95,128.70,82.36,91.22,Pass,0,No,0,None,None
B000526,GLP-1 Agonist,Line 2,05-Jul-2024,2024,Team A,21.64,40.08,299.00,55.20,8.48,98.69,7.07,150.80,83.27,91.22,Pass,0,No,0,None,None
B002215,AED,Line 2,26-Jan-2024,2024,Team D,21.96,43.97,311.00,43.60,7.52,98.84,6.82,115.70,87.68,91.22,Pass,0,No,0,None,None
B001743,Antidepressant,Line 3,31-Oct-2024,2024,Team B,23.29,41.57,316.00,48.90,8.82,99.21,6.77,138.20,89.27,91.21,Pass,0,No,0,None,None
B000083,AED,Line 2,20-Apr-2025,2025,Team D,20.39,52.24,289.00,41.90,7.22,98.61,7.29,127.20,89.37,91.20,Pass,0,No,0,None,None
B001175,GLP-1 Agonist,Line 3,03-Jun-2024,2024,Team A,21.43,41.11,280.00,47.10,8.32,99.10,6.83,137.70,84.31,91.20,Failed,1,No,0,None,None
B001705,GLP-1 Agonist,Line 1,17-Jun-2025,2025,Team C,21.94,38.31,289.00,42.80,8.03,99.39,6.91,126.80,87.66,91.20,Pass,0,No,0,None,None
B002369,GLP-1 Agonist,Line 3,24-Nov-2024,2024,Team A,23.16,,291.00,33.30,8.02,98.59,7.21,143.80,86.28,91.20,Pass,0,No,0,None,None
B000633,Antidepressant,Line 2,08-Jan-2024,2024,Team A,21.83,42.47,307.00,53.70,6.56,98.72,6.78,139.60,83.27,91.18,Pass,0,Yes,1,Process,Minor
B001125,GLP-1 Agonist,Line 3,15-May-2024,2024,Team A,21.82,43.04,296.00,52.70,8.04,98.64,6.99,157.20,83.08,91.18,Pass,0,No,0,None,None
B000047,GLP-1 Agonist,Line 2,14-Nov-2025,2025,Team C,21.60,31.95,293.00,55.80,7.81,99.00,7.15,139.50,80.83,91.17,Pass,0,No,0,None,None
B000496,GLP-1 Agonist,Line 3,16-Apr-2025,2025,Team D,21.62,41.89,294.00,55.10,8.31,99.20,7.11,144.60,81.54,91.17,Pass,0,No,0,None,None
B000839,GLP-1 Agonist,Line 3,16-Aug-2024,2024,Team C,22.40,44.29,313.00,57.40,8.61,98.31,7.22,152.30,84.42,91.17,Pass,0,No,0,None,None
B002734,GLP-1 Agonist,Line 3,07-Mar-2024,2024,Team A,20.90,40.44,309.00,51.20,7.67,98.95,7.20,135.00,83.17,91.17,Pass,0,No,0,None,None
B000175,Antidepressant,Line 3,14-Mar-2025,2025,Team A,23.41,38.04,318.00,35.90,6.98,99.13,6.71,128.30,85.84,91.16,Pass,0,No,0,None,None
B001909,AED,Line 3,03-Jan-2025,2025,Team B,22.36,45.44,277.00,52.70,7.70,99.26,6.88,134.30,86.79,91.15,Pass,0,No,0,None,None
B001735,AED,Line 3,12-Aug-2024,2024,Team C,22.14,41.72,314.00,36.50,7.23,99.32,7.05,133.80,86.58,91.14,Pass,0,No,0,None,None
B002376,Antidepressant,Line 3,06-Jul-2024,2024,Team B,21.82,40.27,314.00,53.50,8.01,,6.84,115.90,84.06,91.14,Pass,0,No,0,None,None
B000072,GLP-1 Agonist,Line 3,03-Dec-2025,2025,Team D,21.85,41.96,298.00,49.80,8.55,99.25,6.69,150.30,84.69,91.12,Pass,0,No,0,None,None
B000340,AED,Line 2,09-Jan-2025,2025,Team C,22.51,44.51,307.00,45.80,8.12,98.61,6.97,129.00,85.96,91.12,Pass,0,No,0,None,None
B002303,GLP-1 Agonist,Line 3,16-Mar-2025,2025,Team A,21.45,37.81,332.00,55.80,8.47,98.76,6.81,155.60,,91.12,Failed,1,No,0,None,None
B000402,AED,Line 3,26-Apr-2024,2024,Team C,20.33,46.11,314.00,36.90,7.14,98.82,6.90,126.50,89.00,91.11,Pass,0,No,0,None,None
B002363,GLP-1 Agonist,Line 1,05-Oct-2024,2024,Team D,21.12,35.78,311.00,38.30,7.02,99.09,6.64,,87.35,91.11,Pass,0,No,0,None,None
B001697,Antidepressant,Line 2,17-May-2024,2024,Team C,22.09,37.49,318.00,53.30,7.09,99.53,6.95,141.10,86.70,91.10,Pass,0,No,0,None,None
B001171,GLP-1 Agonist,Line 3,28-Jan-2025,2025,Team C,21.51,36.66,299.00,49.90,8.19,99.03,6.79,150.20,85.97,91.09,Pass,0,No,0,None,None
B000383,AED,Line 3,01-Mar-2024,2024,Team A,21.95,43.97,329.00,39.00,8.03,98.99,6.79,126.90,85.27,91.08,Pass,0,No,0,None,None
B002112,GLP-1 Agonist,Line 2,16-Apr-2024,2024,Team B,22.17,46.24,299.00,52.80,7.07,99.00,6.94,154.40,86.77,91.08,Pass,0,Yes,1,Environmental,Minor
B000374,GLP-1 Agonist,Line 1,29-Dec-2024,2024,Team C,21.28,37.37,300.00,49.80,8.04,99.14,7.02,149.20,85.18,91.07,Pass,0,No,0,None,None
B001855,AED,Line 1,13-Feb-2025,2025,Team C,22.02,42.18,327.00,54.10,7.25,98.59,6.72,119.40,,91.07,Pass,0,No,0,None,None
B002738,GLP-1 Agonist,Line 2,21-Oct-2024,2024,Team D,21.78,42.27,284.00,45.50,7.14,99.32,7.13,141.90,86.91,91.07,Pass,0,No,0,None,None
B000738,GLP-1 Agonist,Line 3,06-Mar-2025,2025,Team C,21.12,41.28,303.00,43.90,8.32,99.04,7.02,126.60,87.32,91.06,Pass,0,No,0,None,None
B000959,GLP-1 Agonist,Line 1,13-Oct-2024,2024,Team B,21.50,38.24,310.00,57.00,8.19,99.33,7.05,134.80,86.41,91.06,Pass,0,No,0,None,None
B001152,AED,Line 2,23-Dec-2024,2024,Team C,21.19,42.66,333.00,36.10,7.23,99.17,6.86,110.30,88.17,91.05,Pass,0,No,0,None,None
B001401,GLP-1 Agonist,Line 3,26-Aug-2024,2024,Team D,21.21,33.64,288.00,60.50,7.54,,6.76,147.60,83.16,91.05,Pass,0,No,0,None,None
B002526,Antidepressant,Line 3,16-Jul-2024,2024,Team C,21.90,50.09,306.00,40.00,6.76,98.66,6.74,127.40,87.87,91.05,Pass,0,No,0,None,None
B001647,GLP-1 Agonist,Line 3,22-Jul-2025,2025,Team B,20.90,41.34,298.00,33.80,7.59,98.73,6.89,139.70,84.09,91.04,Pass,0,No,0,None,None
B001684,GLP-1 Agonist,Line 3,18-Feb-2025,2025,Team D,21.73,41.82,308.00,50.10,7.34,98.79,7.13,128.70,87.12,91.04,Pass,0,No,0,None,None
B001314,Antidepressant,Line 3,28-Sep-2025,2025,Team C,20.71,42.14,303.00,55.40,6.87,99.43,6.63,127.30,86.06,91.03,Pass,0,No,0,None,None
B001856,AED,Line 3,20-Jun-2024,2024,Team D,22.84,40.03,304.00,53.60,9.43,99.14,6.67,156.40,84.86,91.03,Pass,0,No,0,None,None
B001883,GLP-1 Agonist,Line 2,11-May-2025,2025,Team D,20.54,35.12,288.00,58.20,6.52,98.96,6.78,149.80,85.15,91.03,Pass,0,No,0,None,None
B000014,AED,Line 3,06-Dec-2025,2025,Team C,21.54,42.52,324.00,41.90,7.20,98.70,6.98,135.80,86.51,91.02,Pass,0,No,0,None,None
B001392,AED,Line 3,14-Jan-2025,2025,Team B,21.72,41.27,313.00,54.00,7.30,99.03,6.90,136.90,83.47,91.02,Pass,0,No,0,None,None
B001475,GLP-1 Agonist,Line 2,23-Aug-2024,2024,Team D,21.82,38.98,323.00,52.50,8.72,98.62,7.14,157.80,82.12,91.02,Pass,0,No,0,None,None
B001878,GLP-1 Agonist,Line 3,16-Nov-2025,2025,Team A,21.16,,305.00,46.00,7.68,99.34,6.95,148.30,89.94,91.02,Failed,1,No,0,None,None
B002168,GLP-1 Agonist,Line 3,02-Jan-2024,2024,Team A,21.54,35.69,310.00,52.90,9.50,99.28,6.98,151.60,78.97,91.02,Pass,0,No,0,None,None
B000752,GLP-1 Agonist,Line 2,31-Mar-2024,2024,Team A,21.03,44.33,268.00,39.10,7.70,99.24,7.07,127.60,89.24,91.01,Pass,0,No,0,None,None
B000581,GLP-1 Agonist,Line 3,22-Sep-2024,2024,Team C,22.06,32.97,315.00,47.50,7.96,98.40,7.04,167.00,87.51,91.00,Pass,0,No,0,None,None
B001388,GLP-1 Agonist,Line 1,06-Nov-2025,2025,Team D,21.15,41.80,319.00,41.50,7.34,98.62,,138.10,87.58,91.00,Pass,0,No,0,None,None
B000127,GLP-1 Agonist,Line 2,08-Feb-2024,2024,Team D,21.93,37.94,292.00,51.20,7.58,99.40,6.69,128.30,88.47,90.99,Pass,0,No,0,None,None
B001522,GLP-1 Agonist,Line 2,25-Sep-2024,2024,Team A,21.01,39.92,282.00,55.50,7.18,99.18,6.88,138.50,84.41,90.98,Pass,0,Yes,1,Equipment,Minor
B000024,AED,Line 2,02-Feb-2025,2025,Team C,22.20,,332.00,53.00,7.76,98.74,7.05,137.10,85.03,90.97,Pass,0,No,0,None,None
B002637,GLP-1 Agonist,Line 1,05-Jun-2024,2024,Team A,20.84,32.94,322.00,42.90,7.05,99.13,6.93,124.50,89.59,90.97,Pass,0,No,0,None,None
B002249,GLP-1 Agonist,Line 1,17-May-2025,2025,Team A,21.41,38.89,296.00,40.20,8.20,99.01,6.92,130.20,86.76,90.94,Pass,0,No,0,None,None
B001362,GLP-1 Agonist,Line 2,05-Jul-2024,2024,Team C,22.27,47.90,283.00,48.80,7.91,98.90,7.07,138.10,81.35,90.92,Pass,0,No,0,None,None
B001438,GLP-1 Agonist,Line 1,29-Oct-2024,2024,Team C,20.56,45.04,327.00,56.10,8.26,99.02,6.92,145.00,84.69,90.92,Pass,0,No,0,None,None
B002052,Antidepressant,Line 2,01-Sep-2025,2025,Team C,21.82,42.93,338.00,33.00,5.99,99.26,6.53,92.80,86.19,90.91,Pass,0,No,0,None,None
B000504,GLP-1 Agonist,Line 2,14-Jul-2024,2024,Team A,20.27,39.94,304.00,40.50,8.00,98.94,7.01,147.10,84.71,90.90,Pass,0,No,0,None,None
B000505,GLP-1 Agonist,Line 3,22-May-2024,2024,Team B,20.66,40.60,291.00,57.20,8.40,99.17,7.15,149.60,80.96,90.90,Pass,0,No,0,None,None
B000903,Antidepressant,Line 3,22-May-2025,2025,Team A,22.47,36.99,308.00,52.30,6.88,98.58,6.80,146.70,84.83,90.90,Failed,1,Yes,1,Equipment,Minor
B002599,AED,Line 2,06-Aug-2024,2024,Team B,22.53,37.05,298.00,48.10,8.08,99.00,6.81,142.60,83.95,90.90,Pass,0,No,0,None,None
B000076,GLP-1 Agonist,Line 3,24-Aug-2025,2025,Team B,21.48,38.99,314.00,52.50,8.19,99.15,7.22,151.90,85.49,90.88,Pass,0,No,0,None,None
B000773,COX-2 Inhibitor,Line 3,02-Aug-2025,2025,Team C,23.45,48.45,337.00,34.40,6.21,99.60,6.85,121.00,88.09,97.38,Pass,0,No,0,None,None
B001549,GLP-1 Agonist,Line 3,16-Oct-2025,2025,Team A,21.44,43.16,277.00,49.10,8.05,98.67,7.03,133.00,83.29,90.88,Pass,0,Yes,1,Process,Minor
B000226,AED,Line 3,03-May-2025,2025,Team B,21.65,43.37,317.00,38.50,7.34,98.90,6.80,127.30,91.62,90.87,Pass,0,No,0,None,None
B001079,COX-2 Inhibitor,Line 1,05-Jun-2024,2024,Team D,22.81,42.75,331.00,36.80,5.81,98.84,6.97,99.10,90.60,97.42,Pass,0,No,0,None,None
B001109,AED,Line 3,15-Jul-2025,2025,Team D,22.95,43.05,315.00,36.30,7.94,98.97,6.80,126.00,83.41,90.86,Pass,0,No,0,None,None
B000859,GLP-1 Agonist,Line 3,07-Jun-2024,2024,Team D,20.47,36.50,296.00,37.20,7.43,98.82,6.98,124.10,86.47,90.85,Pass,0,No,0,None,None
B001085,AED,Line 2,10-Mar-2025,2025,Team A,22.42,38.26,311.00,56.70,7.77,99.00,6.83,141.80,87.71,90.85,Pass,0,Yes,1,Process,Minor
B001521,GLP-1 Agonist,Line 1,03-Jan-2025,2025,Team D,21.38,42.98,292.00,38.90,7.29,98.63,6.79,127.90,84.58,90.85,Pass,0,Yes,1,Environmental,Minor
B001168,GLP-1 Agonist,Line 2,26-Feb-2025,2025,Team A,23.35,39.11,305.00,56.10,8.38,98.58,7.15,152.40,85.97,90.83,Pass,0,No,0,None,None
B002670,GLP-1 Agonist,Line 3,12-Oct-2024,2024,Team B,20.81,40.64,322.00,50.90,7.78,98.74,7.09,134.60,86.62,90.82,Pass,0,No,0,None,None
B002096,GLP-1 Agonist,Line 2,06-Feb-2025,2025,Team B,21.32,45.47,297.00,50.90,7.77,98.67,6.90,,86.17,90.80,Pass,0,No,0,None,None
B000792,GLP-1 Agonist,Line 1,24-Apr-2025,2025,Team D,,45.74,326.00,50.40,8.29,98.79,7.01,147.00,86.83,90.79,Pass,0,No,0,None,None
B000944,GLP-1 Agonist,Line 2,19-Apr-2024,2024,Team C,21.53,31.39,284.00,56.20,8.21,99.46,6.84,155.80,84.01,90.79,Failed,1,Yes,1,Documentation,Minor
B002224,Antidepressant,Line 1,17-Jun-2025,2025,Team C,21.57,43.76,334.00,55.70,7.37,99.24,6.86,129.10,83.07,90.79,Pass,0,No,0,None,None
B002540,GLP-1 Agonist,Line 1,27-Feb-2024,2024,Team B,21.01,39.42,292.00,38.80,7.99,99.20,7.05,146.60,84.66,90.79,Pass,0,No,0,None,None
B002934,AED,Line 1,04-Jan-2025,2025,Team A,21.06,44.97,308.00,51.40,7.36,98.89,7.19,131.00,85.59,90.79,Pass,0,No,0,None,None
B000729,GLP-1 Agonist,Line 3,07-Mar-2024,2024,Team D,21.57,39.09,277.00,47.10,8.96,98.46,6.94,140.70,86.19,90.78,Pass,0,Yes,1,Environmental,Minor
B002955,GLP-1 Agonist,Line 2,20-May-2024,2024,Team B,20.13,48.99,339.00,41.80,7.07,98.66,7.08,137.30,87.88,90.78,Pass,0,Yes,1,Environmental,Minor
B000364,Antidepressant,Line 2,04-May-2025,2025,Team C,22.32,39.57,331.00,35.70,6.60,99.54,6.80,130.80,88.01,90.76,Pass,0,Yes,1,Process,Major
B002652,GLP-1 Agonist,Line 2,02-Oct-2025,2025,Team B,19.78,45.48,288.00,39.40,7.10,98.55,7.18,129.50,87.23,90.76,Pass,0,No,0,None,None
B001467,GLP-1 Agonist,Line 1,11-Aug-2024,2024,Team A,21.38,43.75,327.00,55.80,8.59,98.66,7.02,137.60,81.41,90.75,Pass,0,No,0,None,None
B002409,GLP-1 Agonist,Line 1,06-Sep-2024,2024,Team D,21.20,,295.00,53.50,6.82,98.09,6.84,148.10,86.20,90.75,Pass,0,No,0,None,None
B002832,GLP-1 Agonist,Line 1,11-Jul-2024,2024,Team D,21.43,38.51,282.00,45.80,7.82,99.21,6.94,145.70,85.59,90.75,Pass,0,No,0,None,None
B001824,COX-2 Inhibitor,Line 3,31-Dec-2024,2024,Team C,22.26,41.03,299.00,39.10,6.71,99.48,6.76,113.90,90.13,97.42,Pass,0,No,0,None,None
B001173,Antidepressant,Line 3,13-Oct-2025,2025,Team C,22.49,43.53,327.00,49.70,6.76,99.13,7.02,128.60,86.99,90.71,Pass,0,No,0,None,None
B002601,GLP-1 Agonist,Line 2,27-Apr-2024,2024,Team A,21.61,38.31,293.00,58.80,8.86,99.12,6.98,154.80,83.13,90.71,Pass,0,Yes,1,Documentation,Major
B000395,Antidepressant,Line 3,05-May-2025,2025,Team C,21.42,49.50,279.00,38.70,7.21,98.67,7.03,114.40,85.80,90.70,Pass,0,No,0,None,None
B000141,GLP-1 Agonist,Line 1,24-Mar-2024,2024,Team B,22.17,43.43,332.00,50.40,7.84,99.30,7.08,142.50,87.17,90.69,Pass,0,No,0,None,None
B002177,GLP-1 Agonist,Line 1,08-Mar-2025,2025,Team A,21.32,34.81,306.00,49.90,7.95,98.87,6.77,130.70,84.42,90.68,Pass,0,No,0,None,None
B000183,GLP-1 Agonist,Line 2,31-Mar-2025,2025,Team A,21.45,42.12,289.00,54.40,8.05,99.16,7.09,136.90,84.20,90.67,Pass,0,No,0,None,None
B002135,GLP-1 Agonist,Line 3,01-Nov-2025,2025,Team C,22.83,39.70,300.00,43.80,8.76,98.78,6.83,130.90,84.68,90.67,Pass,0,No,0,None,None
B000166,GLP-1 Agonist,Line 3,27-Apr-2024,2024,Team C,20.25,32.56,297.00,60.00,8.84,98.78,6.84,,81.43,90.66,Pass,0,No,0,None,None
B002697,AED,Line 1,15-Jul-2025,2025,Team C,20.97,,311.00,51.30,7.09,98.96,7.11,138.20,84.22,90.66,Pass,0,No,0,None,None
B000945,GLP-1 Agonist,Line 1,24-Dec-2024,2024,Team D,21.40,45.42,316.00,38.40,6.92,98.45,7.08,146.00,87.50,90.65,Pass,0,No,0,None,None
B002029,GLP-1 Agonist,Line 2,22-Feb-2025,2025,Team C,,42.02,299.00,58.60,9.19,99.39,6.79,138.00,82.74,90.65,Pass,0,No,0,None,None
B000241,AED,Line 3,04-Feb-2025,2025,Team A,21.84,48.51,280.00,56.90,7.07,98.41,6.66,135.20,88.88,90.64,Pass,0,No,0,None,None
B001030,GLP-1 Agonist,Line 3,02-Jan-2024,2024,Team A,20.70,34.33,267.00,41.30,8.49,99.44,6.95,138.00,88.72,90.64,Pass,0,No,0,None,None
B002861,GLP-1 Agonist,Line 2,30-Sep-2025,2025,Team D,20.57,42.57,295.00,37.20,7.21,98.53,7.23,132.30,82.54,90.63,Pass,0,No,0,None,None
B002173,GLP-1 Agonist,Line 3,18-Dec-2024,2024,Team A,20.48,49.13,323.00,44.70,8.41,98.81,7.27,139.30,88.04,90.62,Pass,0,No,0,None,None
B000316,GLP-1 Agonist,Line 1,21-Jul-2025,2025,Team A,21.82,42.78,271.00,43.50,7.77,99.29,6.88,138.50,88.12,90.61,Pass,0,Yes,1,Process,Major
B001687,GLP-1 Agonist,Line 1,05-Nov-2025,2025,Team A,20.51,38.32,319.00,44.80,7.50,98.44,6.93,136.70,88.43,90.59,Pass,0,No,0,None,None
B001280,COX-2 Inhibitor,Line 3,24-Aug-2024,2024,Team B,24.27,47.59,326.00,37.10,6.90,98.49,6.75,121.20,91.78,97.55,Pass,0,No,0,None,None
B002014,GLP-1 Agonist,Line 3,20-Feb-2025,2025,Team D,21.08,39.62,324.00,59.90,8.67,98.61,6.97,147.40,82.52,90.54,Pass,0,No,0,None,None
B001430,GLP-1 Agonist,Line 1,22-Jun-2024,2024,Team C,21.62,38.47,299.00,45.10,7.38,99.05,6.90,125.10,90.06,90.53,Pass,0,No,0,None,None
B000146,Antidepressant,Line 2,25-Feb-2024,2024,Team A,22.79,33.24,316.00,37.70,6.68,99.44,6.90,112.10,87.13,90.52,Pass,0,No,0,None,None
B001749,GLP-1 Agonist,Line 3,05-Jul-2024,2024,Team A,21.20,37.88,272.00,32.40,8.23,98.58,6.88,122.90,90.46,90.51,Pass,0,No,0,None,None
B002132,COX-2 Inhibitor,Line 1,25-Sep-2024,2024,Team D,22.71,49.92,340.00,36.10,6.17,99.02,6.64,121.00,87.58,97.66,Pass,0,No,0,None,None
B000763,Antidepressant,Line 1,28-Nov-2024,2024,Team A,24.03,44.65,311.00,50.90,7.45,98.94,6.86,134.50,81.98,90.46,Pass,0,No,0,None,None
B002636,GLP-1 Agonist,Line 2,02-Aug-2025,2025,Team D,21.87,29.35,311.00,42.10,7.84,99.24,6.94,122.40,88.12,90.45,Pass,0,No,0,None,None
B000724,AED,Line 2,29-Jan-2024,2024,Team C,21.58,36.80,336.00,54.00,7.06,99.03,6.73,143.10,83.03,90.43,Pass,0,No,0,None,None
B002163,GLP-1 Agonist,Line 1,20-Mar-2024,2024,Team B,22.38,42.28,308.00,52.80,7.92,99.55,6.82,146.00,86.95,90.42,Pass,0,No,0,None,None
B002616,GLP-1 Agonist,Line 1,30-Jul-2025,2025,Team D,21.44,39.25,311.00,42.30,6.92,99.23,6.96,134.40,84.82,90.41,Pass,0,No,0,None,None
B001192,GLP-1 Agonist,Line 3,19-Sep-2025,2025,Team B,22.42,38.28,304.00,53.60,8.15,99.13,6.93,146.70,83.81,90.40,Pass,0,No,0,None,None
B000094,GLP-1 Agonist,Line 3,23-Jan-2025,2025,Team B,22.68,50.77,315.00,58.00,8.42,98.82,7.03,161.00,82.40,90.38,Pass,0,Yes,1,Environmental,Major
B001993,GLP-1 Agonist,Line 3,10-Jan-2024,2024,Team D,22.57,38.67,331.00,61.60,8.63,98.36,6.85,148.70,84.48,90.38,Pass,0,No,0,None,None
B002330,GLP-1 Agonist,Line 2,25-Feb-2024,2024,Team D,21.68,42.00,287.00,35.00,7.61,98.41,7.07,125.60,85.12,90.29,Pass,0,No,0,None,None
B001251,Antidepressant,Line 2,30-Jan-2024,2024,Team A,22.94,50.99,290.00,56.80,7.51,99.47,6.80,136.30,81.73,90.28,Failed,1,Yes,1,Process,Minor
B001557,AED,Line 3,18-Jul-2025,2025,Team A,21.07,49.99,290.00,49.10,7.98,98.94,7.02,129.00,84.71,90.25,Pass,0,No,0,None,None
B001610,GLP-1 Agonist,Line 3,03-Jul-2025,2025,Team D,22.10,35.03,287.00,59.50,9.16,98.99,6.86,154.30,80.99,90.25,Pass,0,No,0,None,None
B002050,GLP-1 Agonist,Line 3,09-Apr-2024,2024,Team A,20.97,37.32,273.00,52.80,7.54,98.65,6.99,138.40,83.18,90.24,Pass,0,No,0,None,None
B002937,GLP-1 Agonist,Line 1,11-Jun-2025,2025,Team D,21.26,42.10,308.00,35.30,7.49,98.64,6.89,123.90,86.93,90.24,Pass,0,No,0,None,None
B000385,GLP-1 Agonist,Line 1,08-Jan-2025,2025,Team D,23.27,34.74,315.00,39.10,6.91,99.11,6.94,136.50,92.61,90.23,Pass,0,No,0,None,None
B001373,GLP-1 Agonist,Line 2,10-Dec-2025,2025,Team A,21.46,38.90,299.00,60.00,6.75,98.96,6.92,132.40,84.00,90.21,Pass,0,No,0,None,None
B002079,GLP-1 Agonist,Line 2,15-Apr-2024,2024,Team A,22.00,41.41,290.00,56.10,7.89,99.13,6.93,142.10,84.28,90.20,Pass,0,No,0,None,None
B001747,COX-2 Inhibitor,Line 2,10-Oct-2025,2025,Team A,21.83,46.81,315.00,36.60,5.91,99.16,6.87,125.90,86.05,97.71,Pass,0,No,0,None,None
B001033,GLP-1 Agonist,Line 2,09-Jan-2025,2025,Team C,20.87,44.08,300.00,59.30,8.35,98.81,7.36,141.70,82.10,90.18,Pass,0,No,0,None,None
B002316,GLP-1 Agonist,Line 2,24-Dec-2024,2024,Team D,22.12,31.28,318.00,61.00,9.29,98.71,7.04,141.30,81.12,90.16,Pass,0,No,0,None,None
B002657,GLP-1 Agonist,Line 3,03-Jan-2025,2025,Team A,22.03,35.84,311.00,49.00,8.78,98.95,7.06,140.30,85.10,90.16,Pass,0,Yes,1,Process,Major
B000907,GLP-1 Agonist,Line 3,25-Jan-2024,2024,Team B,21.17,36.22,295.00,39.30,8.13,99.56,6.77,139.60,,90.08,Pass,0,No,0,None,None
B001580,AED,Line 1,01-Jul-2024,2024,Team D,,33.11,342.00,56.10,8.18,99.19,6.54,140.00,83.45,90.08,Pass,0,No,0,None,None
B001956,AED,Line 1,24-Nov-2024,2024,Team A,21.83,,360.00,41.30,6.78,99.18,6.63,134.90,85.25,90.07,Pass,0,No,0,None,None
B001263,GLP-1 Agonist,Line 1,07-Nov-2025,2025,Team C,20.61,34.52,329.00,52.10,8.62,98.83,6.96,140.80,85.78,90.05,Pass,0,No,0,None,None
B002241,GLP-1 Agonist,Line 1,03-Mar-2024,2024,Team D,20.81,43.86,312.00,56.10,8.85,98.29,6.88,149.30,82.62,90.05,Pass,0,No,0,None,None
B001055,GLP-1 Agonist,Line 3,17-Oct-2025,2025,Team B,20.98,44.96,339.00,54.80,7.99,99.00,6.97,147.10,81.37,90.02,Pass,0,No,0,None,None
B001531,GLP-1 Agonist,Line 3,28-Feb-2025,2025,Team D,21.47,38.44,322.00,40.80,7.46,99.47,6.95,138.90,86.44,90.02,Failed,1,Yes,1,Process,Critical
B000149,GLP-1 Agonist,Line 3,10-Jan-2024,2024,Team A,22.51,40.98,284.00,41.10,8.01,98.27,6.85,134.20,87.82,89.96,Pass,0,No,0,None,None
B002074,AED,Line 2,22-Mar-2024,2024,Team A,22.69,48.46,323.00,58.70,7.67,99.05,7.11,134.80,80.95,89.96,Pass,0,No,0,None,None
B002110,Antidepressant,Line 3,01-Aug-2025,2025,Team A,21.42,43.52,334.00,58.00,9.23,98.89,6.87,134.80,87.94,89.87,Pass,0,No,0,None,None
B000412,COX-2 Inhibitor,Line 1,07-Jan-2025,2025,Team C,21.78,43.22,365.00,35.40,7.03,98.94,6.66,107.40,85.76,97.77,Pass,0,No,0,None,None
B000743,AED,Line 3,25-Dec-2025,2025,Team B,21.03,,339.00,33.00,6.46,98.50,7.12,115.00,89.23,89.77,Failed,1,Yes,1,Equipment,Major
B001750,GLP-1 Agonist,Line 1,09-Apr-2025,2025,Team A,20.99,45.09,274.00,41.20,6.75,99.07,6.78,133.70,84.75,89.76,Failed,1,No,0,None,None
B002130,Antidepressant,Line 3,30-Oct-2024,2024,Team B,,39.28,334.00,51.40,7.65,98.58,6.91,,85.38,89.74,Failed,1,Yes,1,Process,Minor
B002790,GLP-1 Agonist,Line 2,14-Oct-2024,2024,Team D,21.50,37.90,336.00,54.80,8.04,99.02,7.03,149.40,83.46,89.68,Pass,0,Yes,1,Environmental,Major
B001090,GLP-1 Agonist,Line 1,11-Nov-2025,2025,Team B,22.63,40.98,261.00,46.50,6.78,98.75,6.84,136.90,86.17,89.67,Pass,0,No,0,None,None
B001833,GLP-1 Agonist,Line 3,23-Apr-2025,2025,Team D,22.31,40.98,328.00,54.00,8.36,98.75,6.83,142.60,83.87,89.67,Pass,0,No,0,None,None
B001093,GLP-1 Agonist,Line 3,13-May-2025,2025,Team D,21.02,35.11,310.00,53.50,8.99,99.23,7.09,137.40,85.00,89.63,Pass,0,No,0,None,None
B000467,COX-2 Inhibitor,Line 2,29-Mar-2025,2025,Team D,22.45,40.26,353.00,41.20,7.23,99.02,6.84,123.50,88.39,98.34,Failed,1,No,0,None,None
B002499,AED,Line 1,02-Aug-2025,2025,Team D,22.87,38.05,317.00,37.50,7.16,98.98,6.85,121.80,88.17,89.60,Pass,0,No,0,None,None
B002404,AED,Line 1,05-Feb-2025,2025,Team B,22.70,44.18,335.00,38.00,6.65,99.06,6.92,120.10,90.28,89.47,Pass,0,No,0,None,None
B002556,COX-2 Inhibitor,Line 3,06-Aug-2025,2025,Team C,22.74,50.66,338.00,36.00,6.60,98.80,6.74,120.20,85.17,98.88,Pass,0,No,0,None,None
B002966,GLP-1 Agonist,Line 1,11-Apr-2025,2025,Team C,21.43,33.70,293.00,60.30,7.63,99.47,7.00,155.10,85.23,89.44,Pass,0,No,0,None,None
B001038,GLP-1 Agonist,Line 3,29-Aug-2024,2024,Team A,21.41,38.65,301.00,37.40,7.44,98.81,6.84,123.30,86.59,89.30,Pass,0,No,0,None,None
B002338,GLP-1 Agonist,Line 2,12-Mar-2025,2025,Team C,21.32,42.72,311.00,60.10,8.43,98.95,6.90,142.50,89.59,89.19,Failed,1,No,0,None,None
B002850,GLP-1 Agonist,Line 3,17-Nov-2024,2024,Team C,21.61,47.14,323.00,61.10,9.08,98.91,6.90,157.30,,89.05,Pass,0,No,0,None,None
B001479,GLP-1 Agonist,Line 3,02-Jul-2025,2025,Team B,21.04,41.43,269.00,60.10,7.91,99.36,6.98,145.00,86.66,88.99,Pass,0,No,0,None,None
B001574,AED,Line 2,20-Oct-2024,2024,Team B,21.91,44.87,305.00,51.70,7.92,99.18,6.79,146.40,84.28,88.91,Pass,0,No,0,None,None
B001341,Antidepressant,Line 1,02-Sep-2025,2025,Team A,22.40,42.26,317.00,22.40,5.72,99.02,6.66,106.50,89.12,88.77,Pass,0,No,0,None,None
B000081,COX-2 Inhibitor,Line 1,03-Dec-2024,2024,Team B,23.58,45.31,306.00,38.50,7.21,99.18,6.81,123.90,88.24,99.22,Pass,0,No,0,None,None
